county,fips,county_website,election_official_title,election_official_name,election_office_address,election_office_mailing,election_office_phone,election_office_email,voter_registrar_title,voter_registrar_name,voter_registrar_phone,voter_registrar_email,voter_registrar_url,voter_list_download_available,voter_list_url,voter_list_notes,elections_url,historical_results_url,results_platforms,records_results,records_canvass,records_reconciliation,records_hand_count_audit,records_voter_roster,records_results_tape,records_hash_la_test,records_audit_log,records_ballot_transfer_log,records_cvr,records_ballot_images,records_voter_file,records_evidence,records_example_links,historical_notes,open_records_url,open_records_method,tabulation_method,voting_system_vendor,ems_software,voting_equipment,tabulation_notes
Appling,13001,https://applingcountyga.org/,Election Supervisor,Sandy T. Dominy,"83 S. Oak Street, Baxley, GA 31513","83 S. Oak Street, Baxley, GA 31513",(912) 367-8113,sdominy@applingco.com,Chief Registrar,Sandy T. Dominy,(912) 367-8113,sdominy@applingco.com,https://applingcountyga.org/?page_id=149,no,https://sos.ga.gov/page/order-voter-registration-lists-and-files,No voter-list download found on the county site. The Georgia SOS sells the county voter list ($70; statewide $485) through its online store; county registrars may also furnish voter data under the Georgia Open Records Act (O.C.G.A. 50-18-70 et seq.).,https://applingcountyga.org/?page_id=149,https://results.sos.ga.gov/results/public/Georgia,SOS results portal,,,,,,,,,,,,,automated crawl,,"Ballot images uploaded by the county to the SOS Ballot Image Library (ballotimages.sos.ga.gov) for 6 elections from the Nov 5, 2024 General Election onward.",,"No online request portal found on the county site. Submit a written Open Records Act request (O.C.G.A. 50-18-71) by mail, email or in person to the county's open records officer - for election records, the election supervisor Sandy T. Dominy, 83 S. Oak Street, Baxley, GA 31513, (912) 367-8113, sdominy@applingco.com.",Machine - BMD-printed paper ballots (and hand-marked absentee/provisional ballots) tabulated by optical scan; uniform statewide system,Dominion Voting Systems (now Liberty Vote),Democracy Suite 5.5-A,ImageCast X ballot-marking devices with printers; ImageCast Precinct scanners; ImageCast Central scanners (state-supplied; per-county counts not published),
Atkinson,13003,https://atkinsoncounty.org/,Election Supervisor,Sandra D. Sweat,,"P.O. Box 1234, Pearson, GA 31642",(912) 422-3003,s.sweat@atkinson-ga.org,Chief Registrar,Sandra D. Sweat,(912) 422-3003,s.sweat@atkinson-ga.org,https://atkinsoncounty.org/board-of-elections/,no,https://sos.ga.gov/page/order-voter-registration-lists-and-files,No voter-list download found on the county site. The Georgia SOS sells the county voter list ($70; statewide $485) through its online store; county registrars may also furnish voter data under the Georgia Open Records Act (O.C.G.A. 50-18-70 et seq.).,https://atkinsoncounty.org/board-of-elections/,https://results.sos.ga.gov/results/public/Georgia,SOS results portal,,,,,,,,,,,,,browser check (site blocks scripted requests),,"Ballot images uploaded by the county to the SOS Ballot Image Library (ballotimages.sos.ga.gov) for 5 elections from the Nov 5, 2024 General Election onward.",,"No online request portal found on the county site. Submit a written Open Records Act request (O.C.G.A. 50-18-71) by mail, email or in person to the county's open records officer - for election records, the election supervisor Sandra D. Sweat, P.O. Box 1234, Pearson, GA 31642, (912) 422-3003, s.sweat@atkinson-ga.org.",Machine - BMD-printed paper ballots (and hand-marked absentee/provisional ballots) tabulated by optical scan; uniform statewide system,Dominion Voting Systems (now Liberty Vote),Democracy Suite 5.5-A,ImageCast X ballot-marking devices with printers; ImageCast Precinct scanners; ImageCast Central scanners (state-supplied; per-county counts not published),
Bacon,13005,https://baconcounty.org/,Election Supervisor,Dawn Taylor,,"P.O. Box 375, Alma, GA 31510",(912) 632-5551,dtaylor@baconcounty.org,Chief Registrar,Brandy West,(912) 632-5551,bwest@baconcounty.org,https://baconcounty.org/voter-registration.php,no,https://sos.ga.gov/page/order-voter-registration-lists-and-files,No voter-list download found on the county site. The Georgia SOS sells the county voter list ($70; statewide $485) through its online store; county registrars may also furnish voter data under the Georgia Open Records Act (O.C.G.A. 50-18-70 et seq.).,https://baconcounty.org/voter-registration.php,https://results.sos.ga.gov/results/public/Georgia,SOS results portal,,,,,,,,,,,,,automated crawl,,"Ballot images uploaded by the county to the SOS Ballot Image Library (ballotimages.sos.ga.gov) for 6 elections from the Nov 5, 2024 General Election onward.",,"No online request portal found on the county site. Submit a written Open Records Act request (O.C.G.A. 50-18-71) by mail, email or in person to the county's open records officer - for election records, the election supervisor Dawn Taylor, P.O. Box 375, Alma, GA 31510, (912) 632-5551, dtaylor@baconcounty.org.",Machine - BMD-printed paper ballots (and hand-marked absentee/provisional ballots) tabulated by optical scan; uniform statewide system,Dominion Voting Systems (now Liberty Vote),Democracy Suite 5.5-A,ImageCast X ballot-marking devices with printers; ImageCast Precinct scanners; ImageCast Central scanners (state-supplied; per-county counts not published),
Baker,13007,https://www.bakercountyga.com/,Election Supervisor,Janet Thompson,,"P.O. Box 335, Newton, GA 39870",(229) 734-3019,board.elect@bakercountyga.com,Chief Registrar,Janet Thompson,(229) 734-3019,board.elect@bakercountyga.com,https://www.bakercountyga.com/board-of-elections,no,https://sos.ga.gov/page/order-voter-registration-lists-and-files,No voter-list download found on the county site. The Georgia SOS sells the county voter list ($70; statewide $485) through its online store; county registrars may also furnish voter data under the Georgia Open Records Act (O.C.G.A. 50-18-70 et seq.).,https://www.bakercountyga.com/board-of-elections,https://results.sos.ga.gov/results/public/Georgia,SOS results portal,,,,,,,,,,,,,automated crawl,,"Ballot images uploaded by the county to the SOS Ballot Image Library (ballotimages.sos.ga.gov) for 6 elections from the Nov 5, 2024 General Election onward.",,"No online request portal found on the county site. Submit a written Open Records Act request (O.C.G.A. 50-18-71) by mail, email or in person to the county's open records officer - for election records, the election supervisor Janet Thompson, P.O. Box 335, Newton, GA 39870, (229) 734-3019, board.elect@bakercountyga.com.",Machine - BMD-printed paper ballots (and hand-marked absentee/provisional ballots) tabulated by optical scan; uniform statewide system,Dominion Voting Systems (now Liberty Vote),Democracy Suite 5.5-A,ImageCast X ballot-marking devices with printers; ImageCast Precinct scanners; ImageCast Central scanners (state-supplied; per-county counts not published),
Baldwin,13009,https://www.baldwincountyga.com/,Election Supervisor,Eric Unold,"1601 N Columbia St, Suite 110, Milledgeville, GA 31061","1601 N Columbia St, Suite 110, Milledgeville, GA 31061",(478) 445-4807,elections@baldwincountyga.com,Chief Registrar,Randall Morrow,(478) 445-4526,elections@baldwincountyga.com,https://www.baldwincountyga.com/1276/Board-of-Elections,no,https://sos.ga.gov/page/order-voter-registration-lists-and-files,No voter-list download found on the county site. The Georgia SOS sells the county voter list ($70; statewide $485) through its online store; county registrars may also furnish voter data under the Georgia Open Records Act (O.C.G.A. 50-18-70 et seq.).,https://www.baldwincountyga.com/1276/Board-of-Elections,https://results.sos.ga.gov/results/public/Georgia,SOS results portal,,,,,,,,,,,,,automated crawl,,"Ballot images uploaded by the county to the SOS Ballot Image Library (ballotimages.sos.ga.gov) for 8 elections from the Nov 5, 2024 General Election onward.",,"No online request portal found on the county site. Submit a written Open Records Act request (O.C.G.A. 50-18-71) by mail, email or in person to the county's open records officer - for election records, the election supervisor Eric Unold, 1601 N Columbia St, Suite 110, Milledgeville, GA 31061, (478) 445-4807, elections@baldwincountyga.com.",Machine - BMD-printed paper ballots (and hand-marked absentee/provisional ballots) tabulated by optical scan; uniform statewide system,Dominion Voting Systems (now Liberty Vote),Democracy Suite 5.5-A,ImageCast X ballot-marking devices with printers; ImageCast Precinct scanners; ImageCast Central scanners (state-supplied; per-county counts not published),
Banks,13011,https://www.bankscountyga.org/,Election Supervisor,Gina K. Banister,"226 Candler St, Homer, GA 30547","226 Candler St, Homer, GA 30547",(706) 677-6260,gbanister@co.banks.ga.us,Chief Registrar,Gina K. Banister,(706) 677-6260,gbanister@co.banks.ga.us,https://www.bankscountyga.org/1307/Elections-Voter-Registration,no,https://sos.ga.gov/page/order-voter-registration-lists-and-files,No voter-list download found on the county site. The Georgia SOS sells the county voter list ($70; statewide $485) through its online store; county registrars may also furnish voter data under the Georgia Open Records Act (O.C.G.A. 50-18-70 et seq.).,https://www.bankscountyga.org/1307/Elections-Voter-Registration,https://www.bankscountyga.org/1748/Election-Results-Statistics,,2024-2025; undated,,,2025,2025; undated,,,,,undated,,,automated crawl,https://www.bankscountyga.org/DocumentCenter/View/767/AUDIT-REPORT-JULY-15-2025-SPECIAL-PRIMARY-RUNOFF https://www.bankscountyga.org/DocumentCenter/View/794/november_2025_rla_resultspdf https://www.bankscountyga.org/DocumentCenter/View/772/dAILY-VOTER-FILE-JULY-15-2025 https://www.bankscountyga.org/DocumentCenter/View/777/JULY-15-SPECIAL-ELECTIO-RUNOFF-DAILY-VOTER-FILE https://www.bankscountyga.org/DocumentCenter/View/1050/CVR_Export_20260619130308,"Ballot images uploaded by the county to the SOS Ballot Image Library (ballotimages.sos.ga.gov) for 7 elections from the Nov 5, 2024 General Election onward.",https://www.bankscountyga.org/1399/Open-Records-Request,County online portal / request page,Machine - BMD-printed paper ballots (and hand-marked absentee/provisional ballots) tabulated by optical scan; uniform statewide system,Dominion Voting Systems (now Liberty Vote),Democracy Suite 5.5-A,ImageCast X ballot-marking devices with printers; ImageCast Precinct scanners; ImageCast Central scanners (state-supplied; per-county counts not published),
Barrow,13013,https://www.barrowga.org/,Election Supervisor,Monica Franklin,"233 E. Broad Street, Winder, GA 30680","233 E. Broad Street, Winder, GA 30680",(770) 307-3110,mfranklin@barrowga.org,Chief Registrar,Rhonda Kennedy,(770) 307-3110,rkennedy@barrowga.org,https://www.barrowga.org/215/Elections-Voter-Registration,no,https://sos.ga.gov/page/order-voter-registration-lists-and-files,No voter-list download found on the county site. The Georgia SOS sells the county voter list ($70; statewide $485) through its online store; county registrars may also furnish voter data under the Georgia Open Records Act (O.C.G.A. 50-18-70 et seq.).,https://www.barrowga.org/215/Elections-Voter-Registration,https://results.sos.ga.gov/results/public/Georgia,SOS results portal,,,,,,,,,,,,,automated crawl,,"Ballot images uploaded by the county to the SOS Ballot Image Library (ballotimages.sos.ga.gov) for 7 elections from the Nov 5, 2024 General Election onward.",https://barrowcountyga.justfoia.com/PublicPortal/Index,County online portal / request page,Machine - BMD-printed paper ballots (and hand-marked absentee/provisional ballots) tabulated by optical scan; uniform statewide system,Dominion Voting Systems (now Liberty Vote),Democracy Suite 5.5-A,ImageCast X ballot-marking devices with printers; ImageCast Precinct scanners; ImageCast Central scanners (state-supplied; per-county counts not published),
Bartow,13015,https://www.bartowcountyga.gov/,Election Supervisor,Joseph M. Kirk,"135 West Cherokee Avenue, Cartersville, GA 30120-3182","P.O. Box 106, Cartersville, GA 30120-3182",(770) 387-5098,kirkj@bartowcountyga.gov,Chief Registrar,Amanda Deering,(770) 387-5098,deeringa@bartowcountyga.gov,https://www.bartowcountyga.gov/departments/elections/,no,https://sos.ga.gov/page/order-voter-registration-lists-and-files,No voter-list download found on the county site. The Georgia SOS sells the county voter list ($70; statewide $485) through its online store; county registrars may also furnish voter data under the Georgia Open Records Act (O.C.G.A. 50-18-70 et seq.).,https://www.bartowcountyga.gov/departments/elections/,https://www.bartowcountyga.gov/departments/elections/,SOS results portal,2026,,,,,,,,,,,,automated crawl,,"Ballot images uploaded by the county to the SOS Ballot Image Library (ballotimages.sos.ga.gov) for 6 elections from the Nov 5, 2024 General Election onward.",https://bartowcountyga.nextrequest.com/,County online records-request portal (found at the portal vendor's standard county address; the page names the county),Machine - BMD-printed paper ballots (and hand-marked absentee/provisional ballots) tabulated by optical scan; uniform statewide system,Dominion Voting Systems (now Liberty Vote),Democracy Suite 5.5-A,ImageCast X ballot-marking devices with printers; ImageCast Precinct scanners; ImageCast Central scanners (state-supplied; per-county counts not published),
Ben Hill,13017,https://benhillcounty-ga.gov/,Election Supervisor,Rachel A. Roberts,"602 S. Grant St, Fitzgerald, GA 31750","602 S. Grant St, Fitzgerald, GA 31750",(229) 426-5151,elections@benhillcounty-ga.gov,Chief Registrar,Rachel A. Roberts,(229) 426-5151,elections@benhillcounty-ga.gov,https://www.benhillcounty-ga.gov/business-directory/elections/,no,https://sos.ga.gov/page/order-voter-registration-lists-and-files,No voter-list download found on the county site. The Georgia SOS sells the county voter list ($70; statewide $485) through its online store; county registrars may also furnish voter data under the Georgia Open Records Act (O.C.G.A. 50-18-70 et seq.).,https://www.benhillcounty-ga.gov/business-directory/elections/,https://www.benhillcounty-ga.gov/business-directory/elections/,,2025,2025,,,,,,,,,,,automated crawl,,"Ballot images uploaded by the county to the SOS Ballot Image Library (ballotimages.sos.ga.gov) for 9 elections from the Nov 5, 2024 General Election onward.",,"No online request portal found on the county site. Submit a written Open Records Act request (O.C.G.A. 50-18-71) by mail, email or in person to the county's open records officer - for election records, the election supervisor Rachel A. Roberts, 602 S. Grant St, Fitzgerald, GA 31750, (229) 426-5151, elections@benhillcounty-ga.gov.",Machine - BMD-printed paper ballots (and hand-marked absentee/provisional ballots) tabulated by optical scan; uniform statewide system,Dominion Voting Systems (now Liberty Vote),Democracy Suite 5.5-A,ImageCast X ballot-marking devices with printers; ImageCast Precinct scanners; ImageCast Central scanners (state-supplied; per-county counts not published),
Berrien,13019,https://berriencountygeorgia.com/,Election Supervisor,Melanie M. Ray,"201 N. Davis St, Room 146, Nashville, GA 31639","201 N. Davis St, Room 146, Nashville, GA 31639",(229) 686-6160,elections@berriencountyga.gov,Chief Registrar,Shawn M. Ferrell,(229) 686-6160,belections010@berriencountyga.gov,https://berriencountygeorgia.com/elections/,no,https://sos.ga.gov/page/order-voter-registration-lists-and-files,No voter-list download found on the county site. The Georgia SOS sells the county voter list ($70; statewide $485) through its online store; county registrars may also furnish voter data under the Georgia Open Records Act (O.C.G.A. 50-18-70 et seq.).,https://berriencountygeorgia.com/elections/,https://berriencountygeorgia.com/elections/,SOS results portal,undated,,,,,,,,,,,,automated crawl,,"Ballot images uploaded by the county to the SOS Ballot Image Library (ballotimages.sos.ga.gov) for 9 elections from the Nov 5, 2024 General Election onward.",,"No online request portal found on the county site. Submit a written Open Records Act request (O.C.G.A. 50-18-71) by mail, email or in person to the county's open records officer - for election records, the election supervisor Melanie M. Ray, 201 N. Davis St, Room 146, Nashville, GA 31639, (229) 686-6160, elections@berriencountyga.gov.",Machine - BMD-printed paper ballots (and hand-marked absentee/provisional ballots) tabulated by optical scan; uniform statewide system,Dominion Voting Systems (now Liberty Vote),Democracy Suite 5.5-A,ImageCast X ballot-marking devices with printers; ImageCast Precinct scanners; ImageCast Central scanners (state-supplied; per-county counts not published),
Bibb,13021,https://www.maconbibb.us/,Election Supervisor,Thomas Jackson Gillon Jr,"3661 Eisenhower Parkway, Mb 101, Macon, GA 31206","3661 Eisenhower Parkway, Mb 101, Macon, GA 31206",(478) 310-4355,tgillon@maconbibb.us,Chief Registrar,Yashica Kendrick,(478) 621-6622,ykendrick@maconbibb.us,https://www.maconbibb.us/board-of-elections/,no,https://sos.ga.gov/page/order-voter-registration-lists-and-files,No voter-list download found on the county site. The Georgia SOS sells the county voter list ($70; statewide $485) through its online store; county registrars may also furnish voter data under the Georgia Open Records Act (O.C.G.A. 50-18-70 et seq.).,https://www.maconbibb.us/board-of-elections/,https://www.maconbibb.us/board-of-elections/,,2024-2026,,,,,,,,,,,,automated crawl,,"Macon-Bibb posts results and reports on a separate page per election under maconbibb.us/board-of-elections/. Ballot images uploaded by the county to the SOS Ballot Image Library (ballotimages.sos.ga.gov) for 11 elections from the Nov 5, 2024 General Election onward.",,"No online request portal found on the county site. Submit a written Open Records Act request (O.C.G.A. 50-18-71) by mail, email or in person to the county's open records officer - for election records, the election supervisor Thomas Jackson Gillon Jr, 3661 Eisenhower Parkway, Mb 101, Macon, GA 31206, (478) 310-4355, tgillon@maconbibb.us.",Machine - BMD-printed paper ballots (and hand-marked absentee/provisional ballots) tabulated by optical scan; uniform statewide system,Dominion Voting Systems (now Liberty Vote),Democracy Suite 5.5-A,ImageCast X ballot-marking devices with printers; ImageCast Precinct scanners; ImageCast Central scanners (state-supplied; per-county counts not published),
Bleckley,13023,https://bleckley.org/,Election Supervisor,Cheryl H. Ates,"112 N. Second Street, Courthouse Annex, Courthouse/ Probate Court, Cochran, GA 31014","112 N. Second Street, Courthouse Annex, Courthouse/ Probate Court, Cochran, GA 31014",(478) 934-3200,bleckleyvr@bleckley.org,Chief Registrar,Cheryl H. Ates,(478) 934-3200,bleckleyvr@bleckley.org,https://bleckley.org/board-of-elections-and-registration/,no,https://sos.ga.gov/page/order-voter-registration-lists-and-files,No voter-list download found on the county site. The Georgia SOS sells the county voter list ($70; statewide $485) through its online store; county registrars may also furnish voter data under the Georgia Open Records Act (O.C.G.A. 50-18-70 et seq.).,https://bleckley.org/board-of-elections-and-registration/,https://results.sos.ga.gov/results/public/Georgia,SOS results portal,,,,2025,,,,,,,,,automated crawl,https://bleckley.org/wp-content/uploads/2025/11/Office-Scanner.pdf,"Ballot images uploaded by the county to the SOS Ballot Image Library (ballotimages.sos.ga.gov) for 7 elections from the Nov 5, 2024 General Election onward.",,"No online request portal found on the county site. Submit a written Open Records Act request (O.C.G.A. 50-18-71) by mail, email or in person to the county's open records officer - for election records, the election supervisor Cheryl H. Ates, 112 N. Second Street, Courthouse Annex, Courthouse/ Probate Court, Cochran, GA 31014, (478) 934-3200, bleckleyvr@bleckley.org.",Machine - BMD-printed paper ballots (and hand-marked absentee/provisional ballots) tabulated by optical scan; uniform statewide system,Dominion Voting Systems (now Liberty Vote),Democracy Suite 5.5-A,ImageCast X ballot-marking devices with printers; ImageCast Precinct scanners; ImageCast Central scanners (state-supplied; per-county counts not published),
Brantley,13025,https://brantleycounty-ga.gov/,Election Supervisor,Betty Jo Morgan,,"P.O. Box 326, Nahunta, GA 31553-3026",(912) 462-6159,bcelections@btconline.net,Chief Registrar,Betty Jo Morgan,(912) 462-6159,bcelections@btconline.net,https://brantleycounty-ga.gov/boardofelections,no,https://sos.ga.gov/page/order-voter-registration-lists-and-files,No voter-list download found on the county site. The Georgia SOS sells the county voter list ($70; statewide $485) through its online store; county registrars may also furnish voter data under the Georgia Open Records Act (O.C.G.A. 50-18-70 et seq.).,https://brantleycounty-ga.gov/boardofelections,https://results.sos.ga.gov/results/public/Georgia,SOS results portal,,,,,,,,,,,,,automated crawl,,"Ballot images uploaded by the county to the SOS Ballot Image Library (ballotimages.sos.ga.gov) for 6 elections from the Nov 5, 2024 General Election onward.",,"No online request portal found on the county site. Submit a written Open Records Act request (O.C.G.A. 50-18-71) by mail, email or in person to the county's open records officer - for election records, the election supervisor Betty Jo Morgan, P.O. Box 326, Nahunta, GA 31553-3026, (912) 462-6159, bcelections@btconline.net.",Machine - BMD-printed paper ballots (and hand-marked absentee/provisional ballots) tabulated by optical scan; uniform statewide system,Dominion Voting Systems (now Liberty Vote),Democracy Suite 5.5-A,ImageCast X ballot-marking devices with printers; ImageCast Precinct scanners; ImageCast Central scanners (state-supplied; per-county counts not published),
Brooks,13027,https://brookscountyga.gov/,Election Supervisor,Lashell Deshazior,,"P.O. Box 5030, Quitman, GA 31643",(229) 263-9939,officeofelections@brookscountyga.gov,Chief Registrar,Delbert Raiford,(229) 263-9939,officeofelections@brookscountyga.gov,https://brookscountyga.gov/elections,no,https://sos.ga.gov/page/order-voter-registration-lists-and-files,No voter-list download found on the county site. The Georgia SOS sells the county voter list ($70; statewide $485) through its online store; county registrars may also furnish voter data under the Georgia Open Records Act (O.C.G.A. 50-18-70 et seq.).,https://brookscountyga.gov/elections,https://brookscountyga.gov/elections,,2023,,,,,,,,,,,,automated crawl,,"Ballot images uploaded by the county to the SOS Ballot Image Library (ballotimages.sos.ga.gov) for 6 elections from the Nov 5, 2024 General Election onward.",,"No online request portal found on the county site. Submit a written Open Records Act request (O.C.G.A. 50-18-71) by mail, email or in person to the county's open records officer - for election records, the election supervisor Lashell Deshazior, P.O. Box 5030, Quitman, GA 31643, (229) 263-9939, officeofelections@brookscountyga.gov.",Machine - BMD-printed paper ballots (and hand-marked absentee/provisional ballots) tabulated by optical scan; uniform statewide system,Dominion Voting Systems (now Liberty Vote),Democracy Suite 5.5-A,ImageCast X ballot-marking devices with printers; ImageCast Precinct scanners; ImageCast Central scanners (state-supplied; per-county counts not published),
Bryan,13029,https://www.bryancountyga.gov/,Election Supervisor,Olivia Chapman,,"P.O. Box 1526, Pembroke, GA 31321",(912) 653-3859,elections@bryancountyga.gov,Chief Registrar,Olivia Chapman,(912) 653-3859,elections@bryancountyga.gov,https://www.bryancountyga.gov/government/departments-a-g/elections,no,https://sos.ga.gov/page/order-voter-registration-lists-and-files,No voter-list download found on the county site. The Georgia SOS sells the county voter list ($70; statewide $485) through its online store; county registrars may also furnish voter data under the Georgia Open Records Act (O.C.G.A. 50-18-70 et seq.).,https://www.bryancountyga.gov/government/departments-a-g/elections,https://www.bryancountyga.gov/government/departments-a-g/elections/election-results,SOS results portal,2025,,,,,,,,,,,,browser check (site blocks scripted requests),,"Ballot images uploaded by the county to the SOS Ballot Image Library (ballotimages.sos.ga.gov) for 8 elections from the Nov 5, 2024 General Election onward.",https://www.bryancountyga.gov/i-want-to/open-records-request,County online portal / request page,Machine - BMD-printed paper ballots (and hand-marked absentee/provisional ballots) tabulated by optical scan; uniform statewide system,Dominion Voting Systems (now Liberty Vote),Democracy Suite 5.5-A,ImageCast X ballot-marking devices with printers; ImageCast Precinct scanners; ImageCast Central scanners (state-supplied; per-county counts not published),
Bulloch,13031,https://bullochcounty.net/,Election Supervisor,Shontay Jones,"113 North Main Street, Ste 201, Bulloch County Annex, Statesboro, GA 30458","113 North Main Street, Ste 201, Bulloch County Annex, Statesboro, GA 30458",9127646502,elections@bullochcounty.net,Chief Registrar,Marilyn Fronte,9127646502,voterregistrar@bullochcounty.net,https://bullochcounty.net/elections/,no,https://sos.ga.gov/page/order-voter-registration-lists-and-files,No voter-list download found on the county site. The Georgia SOS sells the county voter list ($70; statewide $485) through its online store; county registrars may also furnish voter data under the Georgia Open Records Act (O.C.G.A. 50-18-70 et seq.).,https://bullochcounty.net/elections/,https://bullochcounty.net/elections/,,2026,,,,,,,,,,,,automated crawl,,"Ballot images uploaded by the county to the SOS Ballot Image Library (ballotimages.sos.ga.gov) for 7 elections from the Nov 5, 2024 General Election onward.",,"No online request portal found on the county site. Submit a written Open Records Act request (O.C.G.A. 50-18-71) by mail, email or in person to the county's open records officer - for election records, the election supervisor Shontay Jones, 113 North Main Street, Ste 201, Bulloch County Annex, Statesboro, GA 30458, 9127646502, elections@bullochcounty.net.",Machine - BMD-printed paper ballots (and hand-marked absentee/provisional ballots) tabulated by optical scan; uniform statewide system,Dominion Voting Systems (now Liberty Vote),Democracy Suite 5.5-A,ImageCast X ballot-marking devices with printers; ImageCast Precinct scanners; ImageCast Central scanners (state-supplied; per-county counts not published),
Burke,13033,https://www.burkecounty-ga.gov/,Election Supervisor,Brandon W. Garrett,,"P.O. Box 923, Waynesboro, GA 30830",(706) 554-7457,burkereg@burkecounty-ga.gov,Chief Registrar,Brandon W. Garrett,(706) 554-7457,burkereg@burkecounty-ga.gov,https://www.burkecounty-ga.gov/departments/board_of_elections_and_registration.php,no,https://sos.ga.gov/page/order-voter-registration-lists-and-files,No voter-list download found on the county site. The Georgia SOS sells the county voter list ($70; statewide $485) through its online store; county registrars may also furnish voter data under the Georgia Open Records Act (O.C.G.A. 50-18-70 et seq.).,https://www.burkecounty-ga.gov/departments/board_of_elections_and_registration.php,https://www.burkecounty-ga.gov/departments/board_of_elections_and_registration.php,,2026,,,,,,,,,,,,automated crawl,,"Ballot images uploaded by the county to the SOS Ballot Image Library (ballotimages.sos.ga.gov) for 5 elections from the Nov 5, 2024 General Election onward.",,"No online request portal found on the county site. Submit a written Open Records Act request (O.C.G.A. 50-18-71) by mail, email or in person to the county's open records officer - for election records, the election supervisor Brandon W. Garrett, P.O. Box 923, Waynesboro, GA 30830, (706) 554-7457, burkereg@burkecounty-ga.gov.",Machine - BMD-printed paper ballots (and hand-marked absentee/provisional ballots) tabulated by optical scan; uniform statewide system,Dominion Voting Systems (now Liberty Vote),Democracy Suite 5.5-A,ImageCast X ballot-marking devices with printers; ImageCast Precinct scanners; ImageCast Central scanners (state-supplied; per-county counts not published),
Butts,13035,https://buttscountyga.com/,Election Supervisor,Karen Lewis Glenn,"625 W Third St, Suite 5, Jackson, GA 30233","625 W Third St, Suite 5, Jackson, GA 30233",(770) 775-8202,kglenn@buttscounty.org,Chief Registrar,Karen Lewis Glenn,(770) 775-8202,kglenn@buttscounty.org,https://buttscountyga.com/departments-county/elections/,no,https://sos.ga.gov/page/order-voter-registration-lists-and-files,No voter-list download found on the county site. The Georgia SOS sells the county voter list ($70; statewide $485) through its online store; county registrars may also furnish voter data under the Georgia Open Records Act (O.C.G.A. 50-18-70 et seq.).,https://buttscountyga.com/departments-county/elections/,https://buttscountyga.com/departments-county/elections/,,2026,,,,,,,,,,,,automated crawl,,"Ballot images uploaded by the county to the SOS Ballot Image Library (ballotimages.sos.ga.gov) for 7 elections from the Nov 5, 2024 General Election onward.",,"No online request portal found on the county site. Submit a written Open Records Act request (O.C.G.A. 50-18-71) by mail, email or in person to the county's open records officer - for election records, the election supervisor Karen Lewis Glenn, 625 W Third St, Suite 5, Jackson, GA 30233, (770) 775-8202, kglenn@buttscounty.org.",Machine - BMD-printed paper ballots (and hand-marked absentee/provisional ballots) tabulated by optical scan; uniform statewide system,Dominion Voting Systems (now Liberty Vote),Democracy Suite 5.5-A,ImageCast X ballot-marking devices with printers; ImageCast Precinct scanners; ImageCast Central scanners (state-supplied; per-county counts not published),
Calhoun,13037,https://calhouncountyga.com/,Election Supervisor,Zakenya Vanquon Cook,"31 Court St Suite F, Morgan, GA 39866","P.O. Box 101, Morgan, GA 39866",(229) 849-2115,elections@calhouncoga.org,Chief Registrar,Zakenya Vanquon Cook,(229) 849-2972,elections@calhouncoga.org,https://mvp.sos.ga.gov/s/county-election-offices?page=countyelectionoffice&county=CALHOUN,no,https://sos.ga.gov/page/order-voter-registration-lists-and-files,No voter-list download found on the county site. The Georgia SOS sells the county voter list ($70; statewide $485) through its online store; county registrars may also furnish voter data under the Georgia Open Records Act (O.C.G.A. 50-18-70 et seq.).,https://mvp.sos.ga.gov/s/county-election-offices?page=countyelectionoffice&county=CALHOUN,https://results.sos.ga.gov/results/public/Georgia,SOS results portal,,,,,,,,,,,,,automated crawl,,"No county elections page found; elections_url points to the SOS County Election Offices listing. Ballot images uploaded by the county to the SOS Ballot Image Library (ballotimages.sos.ga.gov) for 5 elections from the Nov 5, 2024 General Election onward.",,"No online request portal found on the county site. Submit a written Open Records Act request (O.C.G.A. 50-18-71) by mail, email or in person to the county's open records officer - for election records, the election supervisor Zakenya Vanquon Cook, P.O. Box 101, Morgan, GA 39866, (229) 849-2115, elections@calhouncoga.org.",Machine - BMD-printed paper ballots (and hand-marked absentee/provisional ballots) tabulated by optical scan; uniform statewide system,Dominion Voting Systems (now Liberty Vote),Democracy Suite 5.5-A,ImageCast X ballot-marking devices with printers; ImageCast Precinct scanners; ImageCast Central scanners (state-supplied; per-county counts not published),
Camden,13039,https://www.camdencountyga.gov/,Election Supervisor,Shannon B. Nettles,,"P.O. Box 608, Woodbine, GA 31569",(912) 576-3245,rkcarter@camdencountyga.gov,Chief Registrar,Shannon Nettles,(912) 576-3245,rkcarter@camdencountyga.gov,https://www.camdencountyga.gov/1044/Board-of-Elections-Registration,no,https://sos.ga.gov/page/order-voter-registration-lists-and-files,No voter-list download found on the county site. The Georgia SOS sells the county voter list ($70; statewide $485) through its online store; county registrars may also furnish voter data under the Georgia Open Records Act (O.C.G.A. 50-18-70 et seq.).,https://www.camdencountyga.gov/1044/Board-of-Elections-Registration,https://www.camdencountyga.gov/1013/Election-Results,,"2020, 2022-2026; undated",,undated,"2022, 2024; undated",,,,,,,,,automated crawl,https://www.camdencountyga.gov/DocumentCenter/View/17542/Ballots-Cast-and-Voter-Credit-Reconciliation-Report https://www.camdencountyga.gov/DocumentCenter/View/17497/Ballots-Cast-and-Voter-Credit-Reconciliation-Report https://www.camdencountyga.gov/DocumentCenter/View/17469/Risk-Limiting-Audit-Confirms-General-Election-Results https://www.camdencountyga.gov/DocumentCenter/View/17132/Risk-Limiting-Audit-Confirms-Election-Results https://www.camdencountyga.gov/DocumentCenter/View/17064/2024-03-22-Audit-Result-Statement,"Ballot images uploaded by the county to the SOS Ballot Image Library (ballotimages.sos.ga.gov) for 7 elections from the Nov 5, 2024 General Election onward.",https://camdencountyga.nextrequest.com/,County online portal / request page,Machine - BMD-printed paper ballots (and hand-marked absentee/provisional ballots) tabulated by optical scan; uniform statewide system,Dominion Voting Systems (now Liberty Vote),Democracy Suite 5.5-A,ImageCast X ballot-marking devices with printers; ImageCast Precinct scanners; ImageCast Central scanners (state-supplied; per-county counts not published),
Candler,13043,https://candlerco-ga.gov/,Election Supervisor,Victor Fordham,"35 SW Broad Street, Suite E, Metter, GA 30439","35 SW Broad Street, Suite E, Metter, GA 30439",(912) 685-6687,candlercounty.elections@gmail.com,Chief Registrar,Kristin Pressley,(912) 685-6687,candlercoelections@gmail.com,https://candlerco-ga.gov/1203/Elections-Voter-Registrar,no,https://sos.ga.gov/page/order-voter-registration-lists-and-files,No voter-list download found on the county site. The Georgia SOS sells the county voter list ($70; statewide $485) through its online store; county registrars may also furnish voter data under the Georgia Open Records Act (O.C.G.A. 50-18-70 et seq.).,https://candlerco-ga.gov/1203/Elections-Voter-Registrar,https://results.sos.ga.gov/results/public/Georgia,SOS results portal,,,,,,,,,,,,,automated crawl,,"Ballot images uploaded by the county to the SOS Ballot Image Library (ballotimages.sos.ga.gov) for 6 elections from the Nov 5, 2024 General Election onward.",https://candlerco-ga.gov/1233/Submit-Open-Records-Request,County online portal / request page,Machine - BMD-printed paper ballots (and hand-marked absentee/provisional ballots) tabulated by optical scan; uniform statewide system,Dominion Voting Systems (now Liberty Vote),Democracy Suite 5.5-A,ImageCast X ballot-marking devices with printers; ImageCast Precinct scanners; ImageCast Central scanners (state-supplied; per-county counts not published),
Carroll,13045,https://www.carrollcountyga.gov/,Election Supervisor,Michael Ock,,"P.O. Box 338, Carrollton, GA 30112",(770) 830-5823,elections@carrollcountyga.gov,Chief Registrar,Will Hobson,(770) 830-5823,elections@carrollcountyga.gov,https://www.carrollcountyga.gov/342/Board-of-Elections-Registration,no,https://sos.ga.gov/page/order-voter-registration-lists-and-files,No voter-list download found on the county site. The Georgia SOS sells the county voter list ($70; statewide $485) through its online store; county registrars may also furnish voter data under the Georgia Open Records Act (O.C.G.A. 50-18-70 et seq.).,https://www.carrollcountyga.gov/342/Board-of-Elections-Registration,https://www.carrollcountyga.gov/Archive.aspx?AMID=42,SOS results portal,"2020, 2023-2026; undated",,,,,,,,,,,,automated crawl,,"Ballot images uploaded by the county to the SOS Ballot Image Library (ballotimages.sos.ga.gov) for 4 elections from the Nov 5, 2024 General Election onward.",https://www.carrollcountyga.gov/303/Open-Records-Request,County online portal / request page,Machine - BMD-printed paper ballots (and hand-marked absentee/provisional ballots) tabulated by optical scan; uniform statewide system,Dominion Voting Systems (now Liberty Vote),Democracy Suite 5.5-A,ImageCast X ballot-marking devices with printers; ImageCast Precinct scanners; ImageCast Central scanners (state-supplied; per-county counts not published),
Catoosa,13047,https://www.catoosacountyga.gov/,Election Supervisor,Rebekah Cason,"5238 Evitt St, Ringgold, GA 30736","5238 Evitt St, Ringgold, GA 30736",(706) 935-3990,catoosaelections@catoosa.com,Chief Registrar,Rebekah Cason,(706) 935-3990,catoosaelections@catoosa.com,https://www.catoosacountyga.gov/departments/view-all-departments/elections-voter-registration,no,https://sos.ga.gov/page/order-voter-registration-lists-and-files,No voter-list download found on the county site. The Georgia SOS sells the county voter list ($70; statewide $485) through its online store; county registrars may also furnish voter data under the Georgia Open Records Act (O.C.G.A. 50-18-70 et seq.).,https://www.catoosacountyga.gov/departments/view-all-departments/elections-voter-registration,https://www.catoosacountyga.gov/departments/view-all-departments/elections-voter-registration/election-results-archives,,2020-2026,,,,,,,,,,,,browser check (site blocks scripted requests); results archive has yearly document folders 2018-2026,,"Ballot images uploaded by the county to the SOS Ballot Image Library (ballotimages.sos.ga.gov) for 6 elections from the Nov 5, 2024 General Election onward.",,"No online request portal found on the county site. Submit a written Open Records Act request (O.C.G.A. 50-18-71) by mail, email or in person to the county's open records officer - for election records, the election supervisor Rebekah Cason, 5238 Evitt St, Ringgold, GA 30736, (706) 935-3990, catoosaelections@catoosa.com.",Machine - BMD-printed paper ballots (and hand-marked absentee/provisional ballots) tabulated by optical scan; uniform statewide system,Dominion Voting Systems (now Liberty Vote),Democracy Suite 5.5-A,ImageCast X ballot-marking devices with printers; ImageCast Precinct scanners; ImageCast Central scanners (state-supplied; per-county counts not published),
Charlton,13049,https://charltoncountyga.us/,Election Supervisor,Jalees Murphy,"1520 Third St, Ste C, Folkston, GA 31537","1520 Third St, Ste C, Folkston, GA 31537",(912) 390-1786,jmurphy@charltoncountyga.gov,Chief Registrar,Jalees Murphy,(912) 390-1786,jmurphy@charltoncountyga.gov,https://charltoncountyga.us/263/Elections-and-Voter-Registration,no,https://sos.ga.gov/page/order-voter-registration-lists-and-files,No voter-list download found on the county site. The Georgia SOS sells the county voter list ($70; statewide $485) through its online store; county registrars may also furnish voter data under the Georgia Open Records Act (O.C.G.A. 50-18-70 et seq.).,https://charltoncountyga.us/263/Elections-and-Voter-Registration,https://results.sos.ga.gov/results/public/Georgia,SOS results portal,,,,,,,,,,,,,automated crawl,,"Ballot images uploaded by the county to the SOS Ballot Image Library (ballotimages.sos.ga.gov) for 5 elections from the Nov 5, 2024 General Election onward.",https://charltoncountyga.us/m/directory/department?did=45,County online portal / request page,Machine - BMD-printed paper ballots (and hand-marked absentee/provisional ballots) tabulated by optical scan; uniform statewide system,Dominion Voting Systems (now Liberty Vote),Democracy Suite 5.5-A,ImageCast X ballot-marking devices with printers; ImageCast Precinct scanners; ImageCast Central scanners (state-supplied; per-county counts not published),
Chatham,13051,https://www.chathamcountyga.gov/,Election Supervisor,Billy Wooten,"1117 Eisenhower Dr., Suite F, Savannah, GA 31406","1117 Eisenhower Dr., Suite F, Savannah, GA 31406",(912) 201-4375,elections@chathamcounty.org,Chief Registrar,Sabrina German,(912) 790-1520,voter@chathamcounty.org,https://elections.chathamcountyga.gov/,no,https://sos.ga.gov/page/order-voter-registration-lists-and-files,No voter-list download found on the county site. The Georgia SOS sells the county voter list ($70; statewide $485) through its online store; county registrars may also furnish voter data under the Georgia Open Records Act (O.C.G.A. 50-18-70 et seq.).,https://elections.chathamcountyga.gov/,https://elections.chathamcountyga.gov/ElectionResults,Clarity ENR (archived); SOS results portal,2020-2026; undated,,,,,,,,,,,,automated crawl,,"Ballot images uploaded by the county to the SOS Ballot Image Library (ballotimages.sos.ga.gov) for 6 elections from the Nov 5, 2024 General Election onward.",https://chathamcountyga.justfoia.com/publicportal,County online portal / request page,Machine - BMD-printed paper ballots (and hand-marked absentee/provisional ballots) tabulated by optical scan; uniform statewide system,Dominion Voting Systems (now Liberty Vote),Democracy Suite 5.5-A,ImageCast X ballot-marking devices with printers; ImageCast Precinct scanners; ImageCast Central scanners (state-supplied; per-county counts not published),
Chattahoochee,13053,https://ugoccc.com/,Election Supervisor,Lisa Bickel,"215 McNaughton St, Cusseta, GA 31805","215 McNaughton St, Cusseta, GA 31805",(706) 989-3603,lisa@ugoccc.com,Chief Registrar,Lisa Bickel,(706) 989-3603,lisa@ugoccc.com,https://ugoccc.com/board-of-elections,no,https://sos.ga.gov/page/order-voter-registration-lists-and-files,No voter-list download found on the county site. The Georgia SOS sells the county voter list ($70; statewide $485) through its online store; county registrars may also furnish voter data under the Georgia Open Records Act (O.C.G.A. 50-18-70 et seq.).,https://ugoccc.com/board-of-elections,https://ugoccc.com/board-of-elections,,2020; undated,,,,,,,,,,,,automated crawl,,"Ballot images uploaded by the county to the SOS Ballot Image Library (ballotimages.sos.ga.gov) for 4 elections from the Nov 5, 2024 General Election onward.",,"No online request portal found on the county site. Submit a written Open Records Act request (O.C.G.A. 50-18-71) by mail, email or in person to the county's open records officer - for election records, the election supervisor Lisa Bickel, 215 McNaughton St, Cusseta, GA 31805, (706) 989-3603, lisa@ugoccc.com.",Machine - BMD-printed paper ballots (and hand-marked absentee/provisional ballots) tabulated by optical scan; uniform statewide system,Dominion Voting Systems (now Liberty Vote),Democracy Suite 5.5-A,ImageCast X ballot-marking devices with printers; ImageCast Precinct scanners; ImageCast Central scanners (state-supplied; per-county counts not published),
Chattooga,13055,https://www.chattoogacounty.gov/,Election Supervisor,Sheena Weaver,,"P.O. Box 165, Summerville, GA 30747-0165",(706) 857-0709,sheena.weaver@chattoogacounty.gov,Chief Registrar,Sheena Weaver,(706) 857-0709,sheena.weaver@chattoogacounty.gov,https://mvp.sos.ga.gov/s/county-election-offices?page=countyelectionoffice&county=CHATTOOGA,no,https://sos.ga.gov/page/order-voter-registration-lists-and-files,No voter-list download found on the county site. The Georgia SOS sells the county voter list ($70; statewide $485) through its online store; county registrars may also furnish voter data under the Georgia Open Records Act (O.C.G.A. 50-18-70 et seq.).,https://mvp.sos.ga.gov/s/county-election-offices?page=countyelectionoffice&county=CHATTOOGA,https://results.sos.ga.gov/results/public/Georgia,SOS results portal,,,,,,,,,,,,,automated crawl,,"No county elections page found; elections_url points to the SOS County Election Offices listing. Ballot images uploaded by the county to the SOS Ballot Image Library (ballotimages.sos.ga.gov) for 10 elections from the Nov 5, 2024 General Election onward.",,"No online request portal found on the county site. Submit a written Open Records Act request (O.C.G.A. 50-18-71) by mail, email or in person to the county's open records officer - for election records, the election supervisor Sheena Weaver, P.O. Box 165, Summerville, GA 30747-0165, (706) 857-0709, sheena.weaver@chattoogacounty.gov.",Machine - BMD-printed paper ballots (and hand-marked absentee/provisional ballots) tabulated by optical scan; uniform statewide system,Dominion Voting Systems (now Liberty Vote),Democracy Suite 5.5-A,ImageCast X ballot-marking devices with printers; ImageCast Precinct scanners; ImageCast Central scanners (state-supplied; per-county counts not published),
Cherokee,13057,https://www.cherokeecountyga.gov/,Election Supervisor,Anne Dover,"193 Lamar Haley Pkwy, Canton, GA 30114","193 Lamar Haley Pkwy, Canton, GA 30114",(770) 479-0407,voterhelp@cherokeecountyga.gov,Chief Registrar,Anne Dover,(770) 479-0407,voterhelp@cherokeecountyga.gov,https://cherokeegavotes.com/,no,https://sos.ga.gov/page/order-voter-registration-lists-and-files,No voter-list download found on the county site. The Georgia SOS sells the county voter list ($70; statewide $485) through its online store; county registrars may also furnish voter data under the Georgia Open Records Act (O.C.G.A. 50-18-70 et seq.).,https://cherokeegavotes.com/,https://cherokeegavotes.com/election-results-2/,,2023-2026,,,,,,,,,,,,automated crawl,,"Ballot images uploaded by the county to the SOS Ballot Image Library (ballotimages.sos.ga.gov) for 7 elections from the Nov 5, 2024 General Election onward.",https://cherokeegavotes.com/open-records-requests-2/,County online portal / request page,Machine - BMD-printed paper ballots (and hand-marked absentee/provisional ballots) tabulated by optical scan; uniform statewide system,Dominion Voting Systems (now Liberty Vote),Democracy Suite 5.5-A,ImageCast X ballot-marking devices with printers; ImageCast Precinct scanners; ImageCast Central scanners (state-supplied; per-county counts not published),
Clarke,13059,https://www.accgov.com/,Election Supervisor,Pamela Long,"155 E. Washington Street, Athens, GA 30603","155 E. Washington Street, Athens, GA 30603",(706) 613-3150,pam.long@accgov.com,Chief Registrar,Pamela Long,(706) 613-3150,pam.long@accgov.com,https://www.accgov.com/elections,no,https://sos.ga.gov/page/order-voter-registration-lists-and-files,No voter-list download found on the county site. The Georgia SOS sells the county voter list ($70; statewide $485) through its online store; county registrars may also furnish voter data under the Georgia Open Records Act (O.C.G.A. 50-18-70 et seq.).,https://www.accgov.com/elections,https://www.accgov.com/elections,SOS results portal,undated,,,,,,,,,,,,automated crawl,,"The elections page links Athens-Clarke results on the SOS results portal. Ballot images uploaded by the county to the SOS Ballot Image Library (ballotimages.sos.ga.gov) for 5 elections from the Nov 5, 2024 General Election onward.",,"No online request portal found on the county site. Submit a written Open Records Act request (O.C.G.A. 50-18-71) by mail, email or in person to the county's open records officer - for election records, the election supervisor Pamela Long, 155 E. Washington Street, Athens, GA 30603, (706) 613-3150, pam.long@accgov.com.",Machine - BMD-printed paper ballots (and hand-marked absentee/provisional ballots) tabulated by optical scan; uniform statewide system,Dominion Voting Systems (now Liberty Vote),Democracy Suite 5.5-A,ImageCast X ballot-marking devices with printers; ImageCast Precinct scanners; ImageCast Central scanners (state-supplied; per-county counts not published),
Clay,13061,https://www.claycountyga.net/,Election Supervisor,Brittany Reynolds,"210 S Washington St, Suite 4, Fort Gaines, GA 39851","210 S Washington St, Suite 4, Fort Gaines, GA 39851",(229) 768-2445,claygaelections@gmail.com,Chief Registrar,Brittany Reynolds,(229) 768-3510,claygaelections@gmail.com,https://mvp.sos.ga.gov/s/county-election-offices?page=countyelectionoffice&county=CLAY,no,https://sos.ga.gov/page/order-voter-registration-lists-and-files,No voter-list download found on the county site. The Georgia SOS sells the county voter list ($70; statewide $485) through its online store; county registrars may also furnish voter data under the Georgia Open Records Act (O.C.G.A. 50-18-70 et seq.).,https://mvp.sos.ga.gov/s/county-election-offices?page=countyelectionoffice&county=CLAY,https://results.sos.ga.gov/results/public/Georgia,SOS results portal,,,,,,,,,,,,,automated crawl,,"No county elections page found; elections_url points to the SOS County Election Offices listing. Ballot images uploaded by the county to the SOS Ballot Image Library (ballotimages.sos.ga.gov) for 6 elections from the Nov 5, 2024 General Election onward.",,"No online request portal found on the county site. Submit a written Open Records Act request (O.C.G.A. 50-18-71) by mail, email or in person to the county's open records officer - for election records, the election supervisor Brittany Reynolds, 210 S Washington St, Suite 4, Fort Gaines, GA 39851, (229) 768-2445, claygaelections@gmail.com.",Machine - BMD-printed paper ballots (and hand-marked absentee/provisional ballots) tabulated by optical scan; uniform statewide system,Dominion Voting Systems (now Liberty Vote),Democracy Suite 5.5-A,ImageCast X ballot-marking devices with printers; ImageCast Precinct scanners; ImageCast Central scanners (state-supplied; per-county counts not published),
Clayton,13063,https://www.claytoncountyga.gov/,Election Supervisor,Shauna Dozier,"121 S McDonough St, Jonesboro, GA 30236","121 S McDonough St, Jonesboro, GA 30236",(770) 477-3372,elections@claytoncountyga.gov,Chief Registrar,Shauna Dozier,(770) 477-3372,elections@claytoncountyga.gov,https://www.claytoncountyga.gov/government/elections-and-registration/,no,https://sos.ga.gov/page/order-voter-registration-lists-and-files,No voter-list download found on the county site. The Georgia SOS sells the county voter list ($70; statewide $485) through its online store; county registrars may also furnish voter data under the Georgia Open Records Act (O.C.G.A. 50-18-70 et seq.).,https://www.claytoncountyga.gov/government/elections-and-registration/,https://www.claytoncountyga.gov/government/elections-and-registration/election-results/,,2021-2026; undated,,2024,,,,,,,,,,"browser check (site blocks scripted requests); Election Summary and SOVC PDFs per election, Nov 2024 reconciliation report",,"Ballot images uploaded by the county to the SOS Ballot Image Library (ballotimages.sos.ga.gov) for 8 elections from the Nov 5, 2024 General Election onward.",https://claytoncountyga.govqa.us/WEBAPP/_rs/supporthome.aspx,County online portal / request page,Machine - BMD-printed paper ballots (and hand-marked absentee/provisional ballots) tabulated by optical scan; uniform statewide system,Dominion Voting Systems (now Liberty Vote),Democracy Suite 5.5-A,ImageCast X ballot-marking devices with printers; ImageCast Precinct scanners; ImageCast Central scanners (state-supplied; per-county counts not published),
Clinch,13065,https://clinchcountyga.gov/,Election Supervisor,Laina Ballance,"25 Court Square, Suite A, Homerville, GA 31634","25 Court Square, Suite A, Homerville, GA 31634",(912) 487-3656,clinchelections@clinchcountyga.gov,Chief Registrar,Laina Ballance,(912) 487-3656,clinchelections@clinchcountyga.gov,https://mvp.sos.ga.gov/s/county-election-offices?page=countyelectionoffice&county=CLINCH,no,https://sos.ga.gov/page/order-voter-registration-lists-and-files,No voter-list download found on the county site. The Georgia SOS sells the county voter list ($70; statewide $485) through its online store; county registrars may also furnish voter data under the Georgia Open Records Act (O.C.G.A. 50-18-70 et seq.).,https://mvp.sos.ga.gov/s/county-election-offices?page=countyelectionoffice&county=CLINCH,https://results.sos.ga.gov/results/public/Georgia,SOS results portal,,,,,,,,,,,,,browser check; county site has no elections page (clinchcountyga.com is a parked domain),,"No county elections page found; elections_url points to the SOS County Election Offices listing. Ballot images uploaded by the county to the SOS Ballot Image Library (ballotimages.sos.ga.gov) for 6 elections from the Nov 5, 2024 General Election onward.",https://clinchcountyga.gov/uploads/1/2/7/1/127184196/open_records_request_for_clinch_county_records_form_v.2.pdf,Download the county Open Records Request form (PDF) from the county home page and submit it,Machine - BMD-printed paper ballots (and hand-marked absentee/provisional ballots) tabulated by optical scan; uniform statewide system,Dominion Voting Systems (now Liberty Vote),Democracy Suite 5.5-A,ImageCast X ballot-marking devices with printers; ImageCast Precinct scanners; ImageCast Central scanners (state-supplied; per-county counts not published),
Cobb,13067,https://www.cobbcounty.gov/,Election Supervisor,Leigh Phillips,"995 Roswell Street NE, Marietta, GA 30060","995 Roswell Street NE, Marietta, GA 30060",(770) 528-2581,electionsinfo@cobbcounty.gov,Chief Registrar,Leigh Phillips,(770) 528-2581,electionsinfo@cobbcounty.gov,https://www.cobbcounty.gov/elections,no,https://www.cobbcounty.gov/elections/candidate-information/request-voter-list,County page explains how to request a voter list; no free download. The Georgia SOS sells the county voter list ($70; statewide $485) through its online store; county registrars may also furnish voter data under the Georgia Open Records Act (O.C.G.A. 50-18-70 et seq.).,https://www.cobbcounty.gov/elections,https://www.cobbcounty.gov/elections/election-reference/election-history,SOS results portal,2023-2026,,2024,,2023-2026,,2023-2026,,,,,,"browser check of the Election History page: per-election results summary/SOVC, numbered lists of voters (PDF/XLSX), absentee voter participation reports, L&A test reports",https://assets.cobbcounty.gov/files/2026-06/033-Cobb-2026-06-16-Runoff-NumberedList.pdf https://assets.cobbcounty.gov/files/2026-06/L_A%20Tabulation%20Republican.xlsx,"Ballot images uploaded by the county to the SOS Ballot Image Library (ballotimages.sos.ga.gov) for 10 elections from the Nov 5, 2024 General Election onward.",https://www.cobbcounty.gov/elections/about-elections-voter-registration/elections-open-records-requests,County online portal / request page,Machine - BMD-printed paper ballots (and hand-marked absentee/provisional ballots) tabulated by optical scan; uniform statewide system,Dominion Voting Systems (now Liberty Vote),Democracy Suite 5.5-A,ImageCast X ballot-marking devices with printers; ImageCast Precinct scanners; ImageCast Central scanners (state-supplied; per-county counts not published),
Coffee,13069,https://www.coffeecounty-ga.gov/,Election Supervisor,Christy Nipper,"224 W Ashley St, Suite A, Douglas, GA 31533","224 W Ashley St, Suite A, Douglas, GA 31533",(912) 384-7018,debra.nipper@coffeecounty-ga.gov,Chief Registrar,Tamilya Paulk,(912) 384-7018,tamilya.paulk@coffeecounty-ga.gov,https://www.coffeecounty-ga.gov/departments/elections/,no,https://sos.ga.gov/page/order-voter-registration-lists-and-files,No voter-list download found on the county site. The Georgia SOS sells the county voter list ($70; statewide $485) through its online store; county registrars may also furnish voter data under the Georgia Open Records Act (O.C.G.A. 50-18-70 et seq.).,https://www.coffeecounty-ga.gov/departments/elections/,https://results.sos.ga.gov/results/public/Georgia,SOS results portal,,,,,,,,,,,,,automated crawl,,"Ballot images uploaded by the county to the SOS Ballot Image Library (ballotimages.sos.ga.gov) for 5 elections from the Nov 5, 2024 General Election onward.",https://coffeecountyga.nextrequest.com/,County online records-request portal (found at the portal vendor's standard county address; the page names the county),Machine - BMD-printed paper ballots (and hand-marked absentee/provisional ballots) tabulated by optical scan; uniform statewide system,Dominion Voting Systems (now Liberty Vote),Democracy Suite 5.5-A,ImageCast X ballot-marking devices with printers; ImageCast Precinct scanners; ImageCast Central scanners (state-supplied; per-county counts not published),
Colquitt,13071,https://www.colquittcountyga.gov/,Election Supervisor,Faith S. Thomas,,"P.O. Box 517, Moultrie, GA 31776",(229) 616-7415,faith.thomas@colquittcountyga.gov,Chief Registrar,Faith S. Thomas,(229) 616-7415,faith.thomas@colquittcountyga.gov,https://www.colquittcountyga.gov/elections/,no,https://sos.ga.gov/page/order-voter-registration-lists-and-files,No voter-list download found on the county site. The Georgia SOS sells the county voter list ($70; statewide $485) through its online store; county registrars may also furnish voter data under the Georgia Open Records Act (O.C.G.A. 50-18-70 et seq.).,https://www.colquittcountyga.gov/elections/,https://results.sos.ga.gov/results/public/Georgia,SOS results portal,,,,,,,,,,,,,automated crawl,,"Ballot images uploaded by the county to the SOS Ballot Image Library (ballotimages.sos.ga.gov) for 7 elections from the Nov 5, 2024 General Election onward.",,"No online request portal found on the county site. Submit a written Open Records Act request (O.C.G.A. 50-18-71) by mail, email or in person to the county's open records officer - for election records, the election supervisor Faith S. Thomas, P.O. Box 517, Moultrie, GA 31776, (229) 616-7415, faith.thomas@colquittcountyga.gov.",Machine - BMD-printed paper ballots (and hand-marked absentee/provisional ballots) tabulated by optical scan; uniform statewide system,Dominion Voting Systems (now Liberty Vote),Democracy Suite 5.5-A,ImageCast X ballot-marking devices with printers; ImageCast Precinct scanners; ImageCast Central scanners (state-supplied; per-county counts not published),
Columbia,13073,https://www.columbiacountyga.gov/,Election Supervisor,Nancy L. Gay,,"P.O. Box 919, Evans, GA 30809",(706) 868-3355,vote@columbiacountyga.gov,Chief Registrar,Jamese Walker,(706) 868-3355,vote@columbiacountyga.gov,https://www.columbiacountyga.gov/318/Board-of-Elections,no,https://sos.ga.gov/page/order-voter-registration-lists-and-files,No voter-list download found on the county site. The Georgia SOS sells the county voter list ($70; statewide $485) through its online store; county registrars may also furnish voter data under the Georgia Open Records Act (O.C.G.A. 50-18-70 et seq.).,https://www.columbiacountyga.gov/318/Board-of-Elections,https://www.columbiacountyga.gov/320/Election-Results,,"2020-2022, 2024-2026; undated",,,2026,,,,,,,,,automated crawl,https://www.columbiacountyga.gov/DocumentCenter/View/9433/Risk-Limiting-Audit-of-May-19-2026-General-Primary--Nonpartisan-General-Election- https://www.columbiacountyga.gov/DocumentCenter/View/9712/Risk-Limiting-Audit-of-June-16-2026-General-Primary-and-Nonpartisan-Runoff-Election-,"Ballot images uploaded by the county to the SOS Ballot Image Library (ballotimages.sos.ga.gov) for 6 elections from the Nov 5, 2024 General Election onward.",https://columbiacountyga.mycusthelp.com/WEBAPP/_rs/supporthome.aspx,County online portal / request page,Machine - BMD-printed paper ballots (and hand-marked absentee/provisional ballots) tabulated by optical scan; uniform statewide system,Dominion Voting Systems (now Liberty Vote),Democracy Suite 5.5-A,ImageCast X ballot-marking devices with printers; ImageCast Precinct scanners; ImageCast Central scanners (state-supplied; per-county counts not published),
Cook,13075,https://cookcountyga.us/,Election Supervisor,Dawn Arnold,"1200 S Hutchinson Ave, Adel, GA 31620","1200 S Hutchinson Ave, Adel, GA 31620",(229) 896-7925,elections@cookcountyga.us,Chief Registrar,Dawn Arnold,(229) 896-7925,elections@cookcountyga.us,https://cookcountyga.us/departments-and-offices/elections-office/,no,https://sos.ga.gov/page/order-voter-registration-lists-and-files,No voter-list download found on the county site. The Georgia SOS sells the county voter list ($70; statewide $485) through its online store; county registrars may also furnish voter data under the Georgia Open Records Act (O.C.G.A. 50-18-70 et seq.).,https://cookcountyga.us/departments-and-offices/elections-office/,https://results.sos.ga.gov/results/public/Georgia,SOS results portal,,,,,,,,,,,,,automated crawl,,"Ballot images uploaded by the county to the SOS Ballot Image Library (ballotimages.sos.ga.gov) for 7 elections from the Nov 5, 2024 General Election onward.",,"No online request portal found on the county site. Submit a written Open Records Act request (O.C.G.A. 50-18-71) by mail, email or in person to the county's open records officer - for election records, the election supervisor Dawn Arnold, 1200 S Hutchinson Ave, Adel, GA 31620, (229) 896-7925, elections@cookcountyga.us.",Machine - BMD-printed paper ballots (and hand-marked absentee/provisional ballots) tabulated by optical scan; uniform statewide system,Dominion Voting Systems (now Liberty Vote),Democracy Suite 5.5-A,ImageCast X ballot-marking devices with printers; ImageCast Precinct scanners; ImageCast Central scanners (state-supplied; per-county counts not published),
Coweta,13077,https://www.coweta.ga.us/,Election Supervisor,Ashley L. Gay,"87 Newnan Station Drive, Suite 400, Newnan, GA 30265","87 Newnan Station Drive, Suite 400, Newnan, GA 30265",(770) 254-2615,agay@coweta.ga.us,Chief Registrar,Ashley L. Gay,(770) 254-2615,agay@coweta.ga.us,https://www.coweta.ga.us/164/Elections-Voter-Registration,no,https://sos.ga.gov/page/order-voter-registration-lists-and-files,No voter-list download found on the county site. The Georgia SOS sells the county voter list ($70; statewide $485) through its online store; county registrars may also furnish voter data under the Georgia Open Records Act (O.C.G.A. 50-18-70 et seq.).,https://www.coweta.ga.us/164/Elections-Voter-Registration,https://www.coweta.ga.us/321/Election-Results,,2020-2026,,,,,,,,,,,,automated crawl,,"Ballot images uploaded by the county to the SOS Ballot Image Library (ballotimages.sos.ga.gov) for 7 elections from the Nov 5, 2024 General Election onward.",https://cowetacountyga.nextrequest.com/,County online portal / request page,Machine - BMD-printed paper ballots (and hand-marked absentee/provisional ballots) tabulated by optical scan; uniform statewide system,Dominion Voting Systems (now Liberty Vote),Democracy Suite 5.5-A,ImageCast X ballot-marking devices with printers; ImageCast Precinct scanners; ImageCast Central scanners (state-supplied; per-county counts not published),
Crawford,13079,https://www.crawfordcountyga.org/,Election Supervisor,Barbara Argo Cook,,"P.O. Box 732, Roberta, GA 31078",(478) 836-1877,b.cook@crawfordcountyga.org,Chief Registrar,Barbara Argo Cook,(478) 836-1877,b.cook@crawfordcountyga.org,https://www.crawfordcountyga.org/elections-and-registration/,no,https://sos.ga.gov/page/order-voter-registration-lists-and-files,No voter-list download found on the county site. The Georgia SOS sells the county voter list ($70; statewide $485) through its online store; county registrars may also furnish voter data under the Georgia Open Records Act (O.C.G.A. 50-18-70 et seq.).,https://www.crawfordcountyga.org/elections-and-registration/,https://www.crawfordcountyga.org/elections-and-registration/,,2026,,,,,,,,,,,,automated crawl,,"Ballot images uploaded by the county to the SOS Ballot Image Library (ballotimages.sos.ga.gov) for 9 elections from the Nov 5, 2024 General Election onward.",,"No online request portal found on the county site. Submit a written Open Records Act request (O.C.G.A. 50-18-71) by mail, email or in person to the county's open records officer - for election records, the election supervisor Barbara Argo Cook, P.O. Box 732, Roberta, GA 31078, (478) 836-1877, b.cook@crawfordcountyga.org.",Machine - BMD-printed paper ballots (and hand-marked absentee/provisional ballots) tabulated by optical scan; uniform statewide system,Dominion Voting Systems (now Liberty Vote),Democracy Suite 5.5-A,ImageCast X ballot-marking devices with printers; ImageCast Precinct scanners; ImageCast Central scanners (state-supplied; per-county counts not published),
Crisp,13081,https://crispcounty.com/,Election Supervisor,Becky Sanders Kitchens,"110 West 13th Avenue, Suite A, Cordele, GA 31015","110 West 13th Avenue, Suite A, Cordele, GA 31015",(229) 276-2611,elections@crispcounty.com,Chief Registrar,Becky S. Kitchens,(229) 276-2611,elections@crispcounty.com,https://crispcounty.com/elections-voter-registration,no,https://sos.ga.gov/page/order-voter-registration-lists-and-files,No voter-list download found on the county site. The Georgia SOS sells the county voter list ($70; statewide $485) through its online store; county registrars may also furnish voter data under the Georgia Open Records Act (O.C.G.A. 50-18-70 et seq.).,https://crispcounty.com/elections-voter-registration,https://results.sos.ga.gov/results/public/Georgia,SOS results portal,,,,,,,,,,,,,automated crawl,,"Ballot images uploaded by the county to the SOS Ballot Image Library (ballotimages.sos.ga.gov) for 6 elections from the Nov 5, 2024 General Election onward.",,"No online request portal found on the county site. Submit a written Open Records Act request (O.C.G.A. 50-18-71) by mail, email or in person to the county's open records officer - for election records, the election supervisor Becky Sanders Kitchens, 110 West 13th Avenue, Suite A, Cordele, GA 31015, (229) 276-2611, elections@crispcounty.com.",Machine - BMD-printed paper ballots (and hand-marked absentee/provisional ballots) tabulated by optical scan; uniform statewide system,Dominion Voting Systems (now Liberty Vote),Democracy Suite 5.5-A,ImageCast X ballot-marking devices with printers; ImageCast Precinct scanners; ImageCast Central scanners (state-supplied; per-county counts not published),
Dade,13083,https://www.dadecounty-ga.gov/,Election Supervisor,Jason Oliver,,"P.O. Box 970, Trenton, GA 30752",(706) 657-8170,joliver@dadecounty-ga.gov,Chief Registrar,Jason Oliver,(706) 657-8170,joliver@dadecounty-ga.gov,https://www.dadecounty-ga.gov/241/Elections-Voting,no,https://sos.ga.gov/page/order-voter-registration-lists-and-files,No voter-list download found on the county site. The Georgia SOS sells the county voter list ($70; statewide $485) through its online store; county registrars may also furnish voter data under the Georgia Open Records Act (O.C.G.A. 50-18-70 et seq.).,https://www.dadecounty-ga.gov/241/Elections-Voting,https://www.dadecounty-ga.gov/241/Elections-Voting,,2026,,,,,,,,,,,,automated crawl,,"Ballot images uploaded by the county to the SOS Ballot Image Library (ballotimages.sos.ga.gov) for 7 elections from the Nov 5, 2024 General Election onward.",https://www.dadecounty-ga.gov/359/Open-Records-Request,County online portal / request page,Machine - BMD-printed paper ballots (and hand-marked absentee/provisional ballots) tabulated by optical scan; uniform statewide system,Dominion Voting Systems (now Liberty Vote),Democracy Suite 5.5-A,ImageCast X ballot-marking devices with printers; ImageCast Precinct scanners; ImageCast Central scanners (state-supplied; per-county counts not published),
Dawson,13085,https://www.dawsoncountyga.gov/,Election Supervisor,Glenda M. Ferguson,"96 Academy Avenue, Dawsonville, GA 30534","96 Academy Avenue, Dawsonville, GA 30534",(706) 344-3640,gferguson@dawsoncountyga.gov,Chief Registrar,Glenda M. Ferguson,(706) 344-3640,gferguson@dawsoncountyga.gov,https://www.dawsoncountyga.gov/201/Elections-Voter-Registration,no,https://sos.ga.gov/page/order-voter-registration-lists-and-files,No voter-list download found on the county site. The Georgia SOS sells the county voter list ($70; statewide $485) through its online store; county registrars may also furnish voter data under the Georgia Open Records Act (O.C.G.A. 50-18-70 et seq.).,https://www.dawsoncountyga.gov/201/Elections-Voter-Registration,https://www.dawsoncountyga.gov/Archive.aspx?AMID=63,SOS results portal,2020-2026; undated,,,,,,,,,,,,automated crawl,,"Ballot images uploaded by the county to the SOS Ballot Image Library (ballotimages.sos.ga.gov) for 6 elections from the Nov 5, 2024 General Election onward.",,"No online request portal found on the county site. Submit a written Open Records Act request (O.C.G.A. 50-18-71) by mail, email or in person to the county's open records officer - for election records, the election supervisor Glenda M. Ferguson, 96 Academy Avenue, Dawsonville, GA 30534, (706) 344-3640, gferguson@dawsoncountyga.gov.",Machine - BMD-printed paper ballots (and hand-marked absentee/provisional ballots) tabulated by optical scan; uniform statewide system,Dominion Voting Systems (now Liberty Vote),Democracy Suite 5.5-A,ImageCast X ballot-marking devices with printers; ImageCast Precinct scanners; ImageCast Central scanners (state-supplied; per-county counts not published),
Decatur,13087,https://www.decaturcountyga.gov/,Election Supervisor,Joyce L. Coddington,,"P.O. Box 7428, Bainbridge, GA 39818",(229) 243-2087,elections@decaturcountyga.gov,Chief Registrar,Decatur Voter Registration,(229) 243-2087,elections@decaturcountyga.gov,https://www.decaturcountyga.gov/departments-agencies/elections-office/,no,https://sos.ga.gov/page/order-voter-registration-lists-and-files,No voter-list download found on the county site. The Georgia SOS sells the county voter list ($70; statewide $485) through its online store; county registrars may also furnish voter data under the Georgia Open Records Act (O.C.G.A. 50-18-70 et seq.).,https://www.decaturcountyga.gov/departments-agencies/elections-office/,https://www.decaturcountyga.gov/departments-agencies/elections-office/,,2024-2026,,,,,,,,,,,,automated crawl,,"Ballot images uploaded by the county to the SOS Ballot Image Library (ballotimages.sos.ga.gov) for 5 elections from the Nov 5, 2024 General Election onward.",,"No online request portal found on the county site. Submit a written Open Records Act request (O.C.G.A. 50-18-71) by mail, email or in person to the county's open records officer - for election records, the election supervisor Joyce L. Coddington, P.O. Box 7428, Bainbridge, GA 39818, (229) 243-2087, elections@decaturcountyga.gov.",Machine - BMD-printed paper ballots (and hand-marked absentee/provisional ballots) tabulated by optical scan; uniform statewide system,Dominion Voting Systems (now Liberty Vote),Democracy Suite 5.5-A,ImageCast X ballot-marking devices with printers; ImageCast Precinct scanners; ImageCast Central scanners (state-supplied; per-county counts not published),
DeKalb,13089,https://dekalbcountyga.gov/,Election Supervisor,Keisha L. Smith,"4380 Memorial Drive, Suite 300, Decatur, GA 30032","4380 Memorial Drive, Suite 300, Decatur, GA 30032",(404) 298-4020,voterreg@dekalbcountyga.gov,Chief Registrar,Keisha L. Smith,(404) 298-4020,voterreg@dekalbcountyga.gov,https://dekalbcountyga.gov/departments/voter-registration-and-elections,no,https://sos.ga.gov/page/order-voter-registration-lists-and-files,No voter-list download found on the county site. The Georgia SOS sells the county voter list ($70; statewide $485) through its online store; county registrars may also furnish voter data under the Georgia Open Records Act (O.C.G.A. 50-18-70 et seq.).,https://dekalbcountyga.gov/departments/voter-registration-and-elections,https://dekalbcountyga.gov/departments/voter-registration-and-elections/election-results,,2020-2026,,,2026,,,,,,,,,automated crawl,https://dekalbcountyga.gov/sites/default/files/2026-04/2026_05-19_Risk%20Limiting%20Audit_FINAL_03132026.pdf https://dekalbcountyga.gov/sites/default/files/2026-01/OIIA%20Organizational%20Chart%20in%20VISIO%2006-23-25.pdf,"Ballot images uploaded by the county to the SOS Ballot Image Library (ballotimages.sos.ga.gov) for 11 elections from the Nov 5, 2024 General Election onward.",https://dekalbcountyga.gov/departments/communications/open-records-request,County online portal / request page,Machine - BMD-printed paper ballots (and hand-marked absentee/provisional ballots) tabulated by optical scan; uniform statewide system,Dominion Voting Systems (now Liberty Vote),Democracy Suite 5.5-A,ImageCast X ballot-marking devices with printers; ImageCast Precinct scanners; ImageCast Central scanners (state-supplied; per-county counts not published),
Dodge,13091,https://dodgecountyga.com/,Election Supervisor,James A. Callier,"5016 Courthouse Circle, Eastman, GA 31023","5016 Courthouse Circle, Eastman, GA 31023",(478) 374-3775,dc.registrar.ga@hotmail.com,Chief Registrar,James A. Callier,(478) 374-8123,dc.registrar.ga@hotmail.com,https://dodgecountyga.com/elections/,no,https://sos.ga.gov/page/order-voter-registration-lists-and-files,No voter-list download found on the county site. The Georgia SOS sells the county voter list ($70; statewide $485) through its online store; county registrars may also furnish voter data under the Georgia Open Records Act (O.C.G.A. 50-18-70 et seq.).,https://dodgecountyga.com/elections/,https://results.sos.ga.gov/results/public/Georgia,SOS results portal,,,,,,,,,,,,,browser check (site blocks scripted requests); elections page posts polling-place notices only,,"Ballot images uploaded by the county to the SOS Ballot Image Library (ballotimages.sos.ga.gov) for 6 elections from the Nov 5, 2024 General Election onward.",,"The open-records form linked from the county home page (wp-content/uploads/2026/03/open-recordsa.pdf) returned 404 when checked. Submit a written Open Records Act request (O.C.G.A. 50-18-71) to the county - for election records, the Elections Director at the Dodge County Elections Office, 478-374-8123.",Machine - BMD-printed paper ballots (and hand-marked absentee/provisional ballots) tabulated by optical scan; uniform statewide system,Dominion Voting Systems (now Liberty Vote),Democracy Suite 5.5-A,ImageCast X ballot-marking devices with printers; ImageCast Precinct scanners; ImageCast Central scanners (state-supplied; per-county counts not published),
Dooly,13093,https://doolycountyga.com/,Election Supervisor,Brenetta Childs,"402 Hawkinsville Road, Vienna, GA 31092","P.O. Box 322, Vienna, GA 31092",(229) 268-9023,dooly.county.elections@gmail.com,Chief Registrar,Brenetta Childs,(229) 268-9023,dooly.county.elections@gmail.com,https://doolycountyga.com/elections/,no,https://sos.ga.gov/page/order-voter-registration-lists-and-files,No voter-list download found on the county site. The Georgia SOS sells the county voter list ($70; statewide $485) through its online store; county registrars may also furnish voter data under the Georgia Open Records Act (O.C.G.A. 50-18-70 et seq.).,https://doolycountyga.com/elections/,https://results.sos.ga.gov/results/public/Georgia,SOS results portal,,,,2020-2025,,,,,,,,,automated crawl,https://doolycountyga.com/wp-content/uploads/2025/05/2025.03.20-Audit-Report-FYE-09.30.2024-FINAL-VERSION.pdf https://doolycountyga.com/wp-content/uploads/2024/04/2024.04.01-Audit-Report-FYE-09.30.2023.pdf https://doolycountyga.com/wp-content/uploads/2023/05/2023.04.28-Audit-Report.pdf,"Ballot images uploaded by the county to the SOS Ballot Image Library (ballotimages.sos.ga.gov) for 4 elections from the Nov 5, 2024 General Election onward.",,"No online request portal found on the county site. Submit a written Open Records Act request (O.C.G.A. 50-18-71) by mail, email or in person to the county's open records officer - for election records, the election supervisor Brenetta Childs, P.O. Box 322, Vienna, GA 31092, (229) 268-9023, dooly.county.elections@gmail.com.",Machine - BMD-printed paper ballots (and hand-marked absentee/provisional ballots) tabulated by optical scan; uniform statewide system,Dominion Voting Systems (now Liberty Vote),Democracy Suite 5.5-A,ImageCast X ballot-marking devices with printers; ImageCast Precinct scanners; ImageCast Central scanners (state-supplied; per-county counts not published),
Dougherty,13095,https://www.dougherty.ga.us/,Election Supervisor,Ginger P. Nickerson,"222 Pine Avenue, Suite 220, Albany, GA 31702-1827","P.O. Box 1827, Albany, GA 31702-1827",2294313247,docovoterregelections@dougherty.ga.us,Chief Registrar,Ginger P. Nickerson,2294313247,docovoterregelections@dougherty.ga.us,https://www.dougherty.ga.us/Government/Dougherty-County-Departments/Voter-Registration-and-Elections,no,https://sos.ga.gov/page/order-voter-registration-lists-and-files,No voter-list download found on the county site. The Georgia SOS sells the county voter list ($70; statewide $485) through its online store; county registrars may also furnish voter data under the Georgia Open Records Act (O.C.G.A. 50-18-70 et seq.).,https://www.dougherty.ga.us/Government/Dougherty-County-Departments/Voter-Registration-and-Elections,https://results.sos.ga.gov/results/public/Georgia,SOS results portal,,,,,,,,,,,,,"browser check (site blocks scripted requests); elections pages post notices (RLA, recount, precinct changes) but no results archive",,"Ballot images uploaded by the county to the SOS Ballot Image Library (ballotimages.sos.ga.gov) for 7 elections from the Nov 5, 2024 General Election onward.",,"No online request portal found on the county site. Submit a written Open Records Act request (O.C.G.A. 50-18-71) by mail, email or in person to the county's open records officer - for election records, the election supervisor Ginger P. Nickerson, P.O. Box 1827, Albany, GA 31702-1827, 2294313247, docovoterregelections@dougherty.ga.us.",Machine - BMD-printed paper ballots (and hand-marked absentee/provisional ballots) tabulated by optical scan; uniform statewide system,Dominion Voting Systems (now Liberty Vote),Democracy Suite 5.5-A,ImageCast X ballot-marking devices with printers; ImageCast Precinct scanners; ImageCast Central scanners (state-supplied; per-county counts not published),
Douglas,13097,https://www.douglascountyga.gov/,Election Supervisor,Milton D. Kidd,"8700 Hospital Drive, Douglasville, GA 30134-2264","8700 Hospital Drive, Douglasville, GA 30134-2264",7709207213,bdofelections@douglascountyga.gov,Chief Registrar,Tesha Green,7709207412,bdofelections@douglascountyga.gov,https://www.douglascountyga.gov/274/Elections-Voter-Registration,no,https://sos.ga.gov/page/order-voter-registration-lists-and-files,No voter-list download found on the county site. The Georgia SOS sells the county voter list ($70; statewide $485) through its online store; county registrars may also furnish voter data under the Georgia Open Records Act (O.C.G.A. 50-18-70 et seq.).,https://www.douglascountyga.gov/274/Elections-Voter-Registration,https://www.douglascountyga.gov/563/Election-Results,Clarity ENR (archived); SOS results portal,2024-2025; undated,,,,,,,,,,,,automated crawl,,"Ballot images uploaded by the county to the SOS Ballot Image Library (ballotimages.sos.ga.gov) for 5 elections from the Nov 5, 2024 General Election onward.",https://douglascountyga.justfoia.com/publicportal,County online portal / request page,Machine - BMD-printed paper ballots (and hand-marked absentee/provisional ballots) tabulated by optical scan; uniform statewide system,Dominion Voting Systems (now Liberty Vote),Democracy Suite 5.5-A,ImageCast X ballot-marking devices with printers; ImageCast Precinct scanners; ImageCast Central scanners (state-supplied; per-county counts not published),
Early,13099,https://www.earlycountyga.org/,Election Supervisor,Layconya Whitaker,"17 McDonald Ave., Blakely, GA 39823","17 McDonald Ave., Blakely, GA 39823",(229) 723-4522,elections@earlycounty.org,Chief Registrar,Brook Diehl,(229) 723-4522,registrar@earlycounty.org,https://www.earlycountyga.org/board-of-elections,no,https://sos.ga.gov/page/order-voter-registration-lists-and-files,No voter-list download found on the county site. The Georgia SOS sells the county voter list ($70; statewide $485) through its online store; county registrars may also furnish voter data under the Georgia Open Records Act (O.C.G.A. 50-18-70 et seq.).,https://www.earlycountyga.org/board-of-elections,https://results.sos.ga.gov/results/public/Georgia,SOS results portal,,,,,,,,,,,,,automated crawl,,"Ballot images uploaded by the county to the SOS Ballot Image Library (ballotimages.sos.ga.gov) for 5 elections from the Nov 5, 2024 General Election onward.",,"No online request portal found on the county site. Submit a written Open Records Act request (O.C.G.A. 50-18-71) by mail, email or in person to the county's open records officer - for election records, the election supervisor Layconya Whitaker, 17 McDonald Ave., Blakely, GA 39823, (229) 723-4522, elections@earlycounty.org.",Machine - BMD-printed paper ballots (and hand-marked absentee/provisional ballots) tabulated by optical scan; uniform statewide system,Dominion Voting Systems (now Liberty Vote),Democracy Suite 5.5-A,ImageCast X ballot-marking devices with printers; ImageCast Precinct scanners; ImageCast Central scanners (state-supplied; per-county counts not published),
Echols,13101,https://echolscountyga.com/,Election Supervisor,L. Renee Church,,"P.O. Box 337, Statenville, GA 31648",(229) 559-7526,rchurch@echolscountyboc.com,Chief Registrar,L. Renee Church,(229) 559-0230,rchurch@echolscountyboc.com,https://echolscountyga.com/departments/registrar-vote/,no,https://sos.ga.gov/page/order-voter-registration-lists-and-files,No voter-list download found on the county site. The Georgia SOS sells the county voter list ($70; statewide $485) through its online store; county registrars may also furnish voter data under the Georgia Open Records Act (O.C.G.A. 50-18-70 et seq.).,https://echolscountyga.com/departments/registrar-vote/,https://results.sos.ga.gov/results/public/Georgia,SOS results portal,,,,,,,,,,,,,automated crawl,,"Ballot images uploaded by the county to the SOS Ballot Image Library (ballotimages.sos.ga.gov) for 6 elections from the Nov 5, 2024 General Election onward.",,"No online request portal found on the county site. Submit a written Open Records Act request (O.C.G.A. 50-18-71) by mail, email or in person to the county's open records officer - for election records, the election supervisor L. Renee Church, P.O. Box 337, Statenville, GA 31648, (229) 559-7526, rchurch@echolscountyboc.com.",Machine - BMD-printed paper ballots (and hand-marked absentee/provisional ballots) tabulated by optical scan; uniform statewide system,Dominion Voting Systems (now Liberty Vote),Democracy Suite 5.5-A,ImageCast X ballot-marking devices with printers; ImageCast Precinct scanners; ImageCast Central scanners (state-supplied; per-county counts not published),
Effingham,13103,https://www.effinghamcounty.org/,Election Supervisor,Laura Bassett,"284 GA Highway 119 S, Sprinfield, GA 31329","284 GA Highway 119 S, Sprinfield, GA 31329",(912) 754-8030,boe@effinghamcounty.org,Chief Registrar,Dezita Thompson,(912) 754-8030,boe@effinghamcounty.org,https://www.effinghamcounty.org/248/Elections-Registration,no,https://sos.ga.gov/page/order-voter-registration-lists-and-files,No voter-list download found on the county site. The Georgia SOS sells the county voter list ($70; statewide $485) through its online store; county registrars may also furnish voter data under the Georgia Open Records Act (O.C.G.A. 50-18-70 et seq.).,https://www.effinghamcounty.org/248/Elections-Registration,https://effinghamcounty.org/446/Election-Results,SOS results portal,undated,,,,,,,,,,,,automated crawl,,"Ballot images uploaded by the county to the SOS Ballot Image Library (ballotimages.sos.ga.gov) for 6 elections from the Nov 5, 2024 General Election onward.",https://effinghamcounty.govqa.us/WEBAPP/_rs/SupportHome.aspx,County online portal / request page,Machine - BMD-printed paper ballots (and hand-marked absentee/provisional ballots) tabulated by optical scan; uniform statewide system,Dominion Voting Systems (now Liberty Vote),Democracy Suite 5.5-A,ImageCast X ballot-marking devices with printers; ImageCast Precinct scanners; ImageCast Central scanners (state-supplied; per-county counts not published),
Elbert,13105,https://elbertga.us/,Election Supervisor,Hannah Johnson,"45 Forest Ave, Elberton, GA 30635","45 Forest Ave, Elberton, GA 30635",(706) 283-2016,hjohnson@elbertga.us,Chief Registrar,Hannah Johnson,(706) 283-2012,hjohnson@elbertga.us,https://elbertga.us/elections-registration.php,no,https://sos.ga.gov/page/order-voter-registration-lists-and-files,No voter-list download found on the county site. The Georgia SOS sells the county voter list ($70; statewide $485) through its online store; county registrars may also furnish voter data under the Georgia Open Records Act (O.C.G.A. 50-18-70 et seq.).,https://elbertga.us/elections-registration.php,https://results.sos.ga.gov/results/public/Georgia,SOS results portal,,,,,,,,,,,,,automated crawl,,"Ballot images uploaded by the county to the SOS Ballot Image Library (ballotimages.sos.ga.gov) for 4 elections from the Nov 5, 2024 General Election onward.",,"No online request portal found on the county site. Submit a written Open Records Act request (O.C.G.A. 50-18-71) by mail, email or in person to the county's open records officer - for election records, the election supervisor Hannah Johnson, 45 Forest Ave, Elberton, GA 30635, (706) 283-2016, hjohnson@elbertga.us.",Machine - BMD-printed paper ballots (and hand-marked absentee/provisional ballots) tabulated by optical scan; uniform statewide system,Dominion Voting Systems (now Liberty Vote),Democracy Suite 5.5-A,ImageCast X ballot-marking devices with printers; ImageCast Precinct scanners; ImageCast Central scanners (state-supplied; per-county counts not published),
Emanuel,13107,https://www.emanuelco-ga.gov/,Election Supervisor,Kerry Kirkland Curry,"223 W Moring St, Suite 102, Swainsboro, GA 30401","223 W Moring St, Suite 102, Swainsboro, GA 30401",(478) 237-3471,e@emanuelco-ga.gov,Chief Registrar,Kerry Kirkland Curry,(478) 237-3471,e@emanuelco-ga.gov,https://www.emanuelco-ga.gov/333/Board-of-Elections,no,https://sos.ga.gov/page/order-voter-registration-lists-and-files,No voter-list download found on the county site. The Georgia SOS sells the county voter list ($70; statewide $485) through its online store; county registrars may also furnish voter data under the Georgia Open Records Act (O.C.G.A. 50-18-70 et seq.).,https://www.emanuelco-ga.gov/333/Board-of-Elections,https://www.emanuelco-ga.gov/334/Election-Results,,2023-2024,,,,,,,,,,,,automated crawl,,"Ballot images uploaded by the county to the SOS Ballot Image Library (ballotimages.sos.ga.gov) for 7 elections from the Nov 5, 2024 General Election onward.",https://www.emanuelco-ga.gov/313/Open-Records-Request,County online portal / request page,Machine - BMD-printed paper ballots (and hand-marked absentee/provisional ballots) tabulated by optical scan; uniform statewide system,Dominion Voting Systems (now Liberty Vote),Democracy Suite 5.5-A,ImageCast X ballot-marking devices with printers; ImageCast Precinct scanners; ImageCast Central scanners (state-supplied; per-county counts not published),
Evans,13109,https://evanscounty.org/,Election Supervisor,Amanda Massey,,"P.O. Box 652, Claxton, GA 30417",(912) 739-0708,elections@evanscounty.org,Chief Registrar,Amanda Massey,(912) 739-0708,elections@evanscounty.org,https://evanscounty.org/departments/elections/,no,https://sos.ga.gov/page/order-voter-registration-lists-and-files,No voter-list download found on the county site. The Georgia SOS sells the county voter list ($70; statewide $485) through its online store; county registrars may also furnish voter data under the Georgia Open Records Act (O.C.G.A. 50-18-70 et seq.).,https://evanscounty.org/departments/elections/,https://results.sos.ga.gov/results/public/Georgia,SOS results portal,,,,,,,,,,,,,automated crawl,,"Ballot images uploaded by the county to the SOS Ballot Image Library (ballotimages.sos.ga.gov) for 5 elections from the Nov 5, 2024 General Election onward.",https://docs.google.com/forms/d/e/1FAIpQLSdCB4mw_3Vs-RC218t3wnemjJuwsuj4dceiDRd1fQiHYeImaQ/viewform,County online portal / request page,Machine - BMD-printed paper ballots (and hand-marked absentee/provisional ballots) tabulated by optical scan; uniform statewide system,Dominion Voting Systems (now Liberty Vote),Democracy Suite 5.5-A,ImageCast X ballot-marking devices with printers; ImageCast Precinct scanners; ImageCast Central scanners (state-supplied; per-county counts not published),
Fannin,13111,https://fannincountyga.com/,Election Supervisor,Mary Ann Conner,"400 West Main Street, Suite 104, Blue Ridge, GA 30513","400 West Main Street, Suite 104, Blue Ridge, GA 30513",(706) 632-7740,maconner@fannincountyga.org,Chief Registrar,Mary Ann Conner,(706) 632-7740,maconner@fannincountyga.org,https://fannincountyga.com/board-of-elections/,no,https://sos.ga.gov/page/order-voter-registration-lists-and-files,No voter-list download found on the county site. The Georgia SOS sells the county voter list ($70; statewide $485) through its online store; county registrars may also furnish voter data under the Georgia Open Records Act (O.C.G.A. 50-18-70 et seq.).,https://fannincountyga.com/board-of-elections/,https://results.sos.ga.gov/results/public/Georgia,SOS results portal,,,,,,,,,,,,,automated crawl,,"Ballot images uploaded by the county to the SOS Ballot Image Library (ballotimages.sos.ga.gov) for 5 elections from the Nov 5, 2024 General Election onward.",https://fannincountyga.com/open-records-request/,County online portal / request page,Machine - BMD-printed paper ballots (and hand-marked absentee/provisional ballots) tabulated by optical scan; uniform statewide system,Dominion Voting Systems (now Liberty Vote),Democracy Suite 5.5-A,ImageCast X ballot-marking devices with printers; ImageCast Precinct scanners; ImageCast Central scanners (state-supplied; per-county counts not published),
Fayette,13113,https://www.fayettecountyga.gov/,Election Supervisor,Brieanna Garrett,"175 Johnson Ave., B, Fayetteville, GA 30214","175 Johnson Ave., B, Fayetteville, GA 30214",(770) 305-5308,electionsgroup@fayettecountyga.gov,Chief Registrar,Malcolm Unvala,(770) 305-5408,electionsgroup@fayettecountyga.gov,https://www.fayettecountyga.gov/departments/elections/,no,https://sos.ga.gov/page/order-voter-registration-lists-and-files,No voter-list download found on the county site. The Georgia SOS sells the county voter list ($70; statewide $485) through its online store; county registrars may also furnish voter data under the Georgia Open Records Act (O.C.G.A. 50-18-70 et seq.).,https://www.fayettecountyga.gov/departments/elections/,https://results.sos.ga.gov/results/public/Georgia,SOS results portal,,,,,,,,,,,,,automated crawl,,"Ballot images uploaded by the county to the SOS Ballot Image Library (ballotimages.sos.ga.gov) for 6 elections from the Nov 5, 2024 General Election onward.",,"No online request portal found on the county site. Submit a written Open Records Act request (O.C.G.A. 50-18-71) by mail, email or in person to the county's open records officer - for election records, the election supervisor Brieanna Garrett, 175 Johnson Ave., B, Fayetteville, GA 30214, (770) 305-5308, electionsgroup@fayettecountyga.gov.",Machine - BMD-printed paper ballots (and hand-marked absentee/provisional ballots) tabulated by optical scan; uniform statewide system,Dominion Voting Systems (now Liberty Vote),Democracy Suite 5.5-A,ImageCast X ballot-marking devices with printers; ImageCast Precinct scanners; ImageCast Central scanners (state-supplied; per-county counts not published),
Floyd,13115,https://www.floydcountyga.gov/,Election Supervisor,Akyn Beck,"18 E 12th St, Rome, GA 30161","18 E 12th St, Rome, GA 30161",(706) 331-4932,akyn.beck@floydcountyga.org,Chief Registrar,Akyn Beck,(706) 291-5167,akyn.beck@floydcountyga.org,https://www.floydcountyga.gov/elections/,no,https://sos.ga.gov/page/order-voter-registration-lists-and-files,No voter-list download found on the county site. The Georgia SOS sells the county voter list ($70; statewide $485) through its online store; county registrars may also furnish voter data under the Georgia Open Records Act (O.C.G.A. 50-18-70 et seq.).,https://www.floydcountyga.gov/elections/,https://results.sos.ga.gov/results/public/Georgia,SOS results portal,,,,,,,,,,,,,automated crawl,,"Ballot images uploaded by the county to the SOS Ballot Image Library (ballotimages.sos.ga.gov) for 5 elections from the Nov 5, 2024 General Election onward.",https://floydcountyga.nextrequest.com/,County online portal / request page,Machine - BMD-printed paper ballots (and hand-marked absentee/provisional ballots) tabulated by optical scan; uniform statewide system,Dominion Voting Systems (now Liberty Vote),Democracy Suite 5.5-A,ImageCast X ballot-marking devices with printers; ImageCast Precinct scanners; ImageCast Central scanners (state-supplied; per-county counts not published),
Forsyth,13117,https://www.forsythco.com/,Election Supervisor,Mandi B. Smith,"1201 Sawnee Drive, Cumming, GA 30040","1201 Sawnee Drive, Cumming, GA 30040",7707812118,voter@forsythco.com,Chief Registrar,Mandi B. Smith,7707812118,voter@forsythco.com,https://www.forsythco.com/government/departments/voter-registrations-elections/,no,https://sos.ga.gov/page/order-voter-registration-lists-and-files,No voter-list download found on the county site. The Georgia SOS sells the county voter list ($70; statewide $485) through its online store; county registrars may also furnish voter data under the Georgia Open Records Act (O.C.G.A. 50-18-70 et seq.).,https://www.forsythco.com/government/departments/voter-registrations-elections/,https://www.forsythco.com/government/departments/voter-registrations-elections/voting-election-results-statistics/,SOS results portal,2020-2026; undated,2022-2026,2024-2026,2024-2026,"2023, 2026",,,,,,,,automated crawl,https://forsythco.b-cdn.net/app/uploads/2026/06/Public-Notice-of-Audit-Results-06-26-2026-with-links-for-new-website.pdf https://forsythco.b-cdn.net/app/uploads/2026/07/Public-Notice-of-Audit-Results-05-29-2026-with-links-for-new-web-site.pdf https://forsythco.b-cdn.net/app/uploads/2026/04/Public-Notice-of-Audit-Results-11-13-2025-with-links.pdf https://forsythco.b-cdn.net/app/uploads/2026/07/06-16-26-30-Day-Reconciliation-Report-Comprehensive-Forsyth-County-UA-UA.pdf https://forsythco.b-cdn.net/app/uploads/2026/06/05-19-26-30-Day-Reconciliation-Report-Comprehensive-Forsyth-County.pdf https://forsythco.b-cdn.net/app/uploads/2026/04/FINAL-30-Day-Reconciliation-Report-Comprehensive-12-01-2025-Forsyth-County.pdf https://forsythco.b-cdn.net/app/uploads/2026/04/11.07.2023-Absentee-Voter-Report.xlsx https://forsythco.b-cdn.net/app/uploads/2026/04/ABS-Voter-List-City-of-Cumming-11.05.19-GE-SE.xlsx,"Ballot images uploaded by the county to the SOS Ballot Image Library (ballotimages.sos.ga.gov) for 6 elections from the Nov 5, 2024 General Election onward.",https://forsythcountyga.justfoia.com/publicportal,County online records-request portal (found at the portal vendor's standard county address; the page names the county),Machine - BMD-printed paper ballots (and hand-marked absentee/provisional ballots) tabulated by optical scan; uniform statewide system,Dominion Voting Systems (now Liberty Vote),Democracy Suite 5.5-A,ImageCast X ballot-marking devices with printers; ImageCast Precinct scanners; ImageCast Central scanners (state-supplied; per-county counts not published),
Franklin,13119,https://www.franklincountyga.gov/,Election Supervisor,Tonya Bridges,,"P.O. Box 313, Carnesville, GA 30521",(706) 384-4390,tbridges@franklincountyga.gov,Chief Registrar,Tonya Bridges,(706) 384-4390,tbridges@franklincountyga.gov,https://www.franklincountyga.gov/1222/Board-of-Elections-Registration,no,https://sos.ga.gov/page/order-voter-registration-lists-and-files,No voter-list download found on the county site. The Georgia SOS sells the county voter list ($70; statewide $485) through its online store; county registrars may also furnish voter data under the Georgia Open Records Act (O.C.G.A. 50-18-70 et seq.).,https://www.franklincountyga.gov/1222/Board-of-Elections-Registration,https://www.franklincountyga.gov/1222/Board-of-Elections-Registration,,2026; undated,2026; undated,,,,,,,,,,,automated crawl,,"Ballot images uploaded by the county to the SOS Ballot Image Library (ballotimages.sos.ga.gov) for 6 elections from the Nov 5, 2024 General Election onward.",https://www.franklincountyga.gov/1198/Open-Records-Requests,County online portal / request page,Machine - BMD-printed paper ballots (and hand-marked absentee/provisional ballots) tabulated by optical scan; uniform statewide system,Dominion Voting Systems (now Liberty Vote),Democracy Suite 5.5-A,ImageCast X ballot-marking devices with printers; ImageCast Precinct scanners; ImageCast Central scanners (state-supplied; per-county counts not published),
Fulton,13121,https://www.fultoncountyga.gov/,Election Supervisor,Nadine Williams,"5600 Campbellton Fairburn Rd, Fairburn, GA 30213","5600 Campbellton Fairburn Rd, Fairburn, GA 30213",(404) 612-7020,elections.absentee@fultoncountyga.gov,Chief Registrar,Kathryn Glenn,(404) 612-3816,elections.voterregistration@fultoncountyga.gov,https://www.fultoncountyga.gov/Inside-Fulton-County/Fulton-County-Departments/Registration-and-Elections,no,https://sos.ga.gov/page/order-voter-registration-lists-and-files,No voter-list download found on the county site. The Georgia SOS sells the county voter list ($70; statewide $485) through its online store; county registrars may also furnish voter data under the Georgia Open Records Act (O.C.G.A. 50-18-70 et seq.).,https://www.fultoncountyga.gov/Inside-Fulton-County/Fulton-County-Departments/Registration-and-Elections,https://www.fultoncountyga.gov/Inside-Fulton-County/Fulton-County-Departments/Registration-and-Elections,,"2021-2024, 2026; undated",,,2020-2026; undated,,,,,,,,,automated crawl,https://www.fultoncountyga.gov/-/media/Departments/Office-of-the-County-Auditor/2026/2026-ANIZ---Title-VI-Compliance-Site-Visit-Report.pdf https://www.fultoncountyga.gov/-/media/Departments/Office-of-the-County-Auditor/2026/2026-PAD---Title-VI-Compliance-Site-Visit-Report.pdf https://www.fultoncountyga.gov/-/media/Departments/Office-of-the-County-Auditor/2026/2026-Grady---Title-VI-Compliance-Site-Visit-Report.pdf,"Ballot images uploaded by the county to the SOS Ballot Image Library (ballotimages.sos.ga.gov) for 5 elections from the Nov 5, 2024 General Election onward.",https://fultoncountyga.mycusthelp.com/WEBAPP/_rs/supporthome.aspx,County online records-request portal (found at the portal vendor's standard county address; the page names the county),Machine - BMD-printed paper ballots (and hand-marked absentee/provisional ballots) tabulated by optical scan; uniform statewide system,Dominion Voting Systems (now Liberty Vote),Democracy Suite 5.5-A,ImageCast X ballot-marking devices with printers; ImageCast Precinct scanners; ImageCast Central scanners (state-supplied; per-county counts not published),
Gilmer,13123,https://gilmercounty-ga.gov/,Election Supervisor,Tammy Watkins,"1 Broad St, Suite 107, Ellijay, GA 30540-9045","1 Broad St, Suite 107, Ellijay, GA 30540-9045",(706) 635-4763,registrar@gilmercounty-ga.gov,Chief Registrar,Sherri Jones,(706) 635-4617,registrar@gilmercounty-ga.gov,https://gilmercounty-ga.gov/voter-registration/,no,https://sos.ga.gov/page/order-voter-registration-lists-and-files,No voter-list download found on the county site. The Georgia SOS sells the county voter list ($70; statewide $485) through its online store; county registrars may also furnish voter data under the Georgia Open Records Act (O.C.G.A. 50-18-70 et seq.).,https://gilmercounty-ga.gov/voter-registration/,https://results.sos.ga.gov/results/public/Georgia,SOS results portal,,,,,,,,,,,,,automated crawl,,"Ballot images uploaded by the county to the SOS Ballot Image Library (ballotimages.sos.ga.gov) for 4 elections from the Nov 5, 2024 General Election onward.",https://gilmercounty-ga.gov/open-records-request/,County online portal / request page,Machine - BMD-printed paper ballots (and hand-marked absentee/provisional ballots) tabulated by optical scan; uniform statewide system,Dominion Voting Systems (now Liberty Vote),Democracy Suite 5.5-A,ImageCast X ballot-marking devices with printers; ImageCast Precinct scanners; ImageCast Central scanners (state-supplied; per-county counts not published),
Glascock,13125,https://www.glascockcountyga.com/,Election Supervisor,Catherine Marie Hunnicutt Jr.,"676 West Main Street, Gibson, GA 30810","P.O. Box 68, Gibson, GA 30810",(706) 598-3241,voting@glascockcountyga.com,Chief Registrar,Catherine Marie Hunnicutt Jr.,(706) 598-2811,voting@glascockcountyga.com,https://www.glascockcountyga.com/elections,no,https://sos.ga.gov/page/order-voter-registration-lists-and-files,No voter-list download found on the county site. The Georgia SOS sells the county voter list ($70; statewide $485) through its online store; county registrars may also furnish voter data under the Georgia Open Records Act (O.C.G.A. 50-18-70 et seq.).,https://www.glascockcountyga.com/elections,https://results.sos.ga.gov/results/public/Georgia,SOS results portal,,,,,,,,,,,,,browser check (site blocks scripted requests); elections pages carry voter information only,,"Ballot images uploaded by the county to the SOS Ballot Image Library (ballotimages.sos.ga.gov) for 6 elections from the Nov 5, 2024 General Election onward.",,"No online request portal found on the county site. Submit a written Open Records Act request (O.C.G.A. 50-18-71) by mail, email or in person to the county's open records officer - for election records, the election supervisor Catherine Marie Hunnicutt Jr., P.O. Box 68, Gibson, GA 30810, (706) 598-3241, voting@glascockcountyga.com.",Machine - BMD-printed paper ballots (and hand-marked absentee/provisional ballots) tabulated by optical scan; uniform statewide system,Dominion Voting Systems (now Liberty Vote),Democracy Suite 5.5-A,ImageCast X ballot-marking devices with printers; ImageCast Precinct scanners; ImageCast Central scanners (state-supplied; per-county counts not published),
Glynn,13127,https://www.glynncounty.org/,Election Supervisor,Christopher S. Channell,"1709 Gloucester Street, Brunswick, GA 31520","1709 Gloucester Street, Brunswick, GA 31520",(912) 554-7060,glynnelections@glynncounty-ga.gov,Chief Registrar,Christopher S. Channell,(912) 554-7060,glynnelections@glynncounty-ga.gov,https://www.glynncounty.org/government/departments/elections-voter-registration,no,https://sos.ga.gov/page/order-voter-registration-lists-and-files,No voter-list download found on the county site. The Georgia SOS sells the county voter list ($70; statewide $485) through its online store; county registrars may also furnish voter data under the Georgia Open Records Act (O.C.G.A. 50-18-70 et seq.).,https://www.glynncounty.org/government/departments/elections-voter-registration,https://www.glynncounty.org/government/departments/elections-voter-registration/election-results,SOS results portal,"2020-2022, 2025-2026; undated",,,,,,,,,2026,,,automated crawl,https://content.glynncounty.org/sites/default/files/2026-07/CVR_Export_20260619180214.xlsx https://content.glynncounty.org/sites/default/files/2026-05/CVR_Export_20260522170239.xlsx,"Ballot images uploaded by the county to the SOS Ballot Image Library (ballotimages.sos.ga.gov) for 5 elections from the Nov 5, 2024 General Election onward.",https://glynncounty-ga.nextrequest.com/,County online portal / request page,Machine - BMD-printed paper ballots (and hand-marked absentee/provisional ballots) tabulated by optical scan; uniform statewide system,Dominion Voting Systems (now Liberty Vote),Democracy Suite 5.5-A,ImageCast X ballot-marking devices with printers; ImageCast Precinct scanners; ImageCast Central scanners (state-supplied; per-county counts not published),
Gordon,13129,https://www.gordoncountyga.gov/,Election Supervisor,Shea Hicks,"100 S Wall Street, Suite 1, Calhoun, GA 30701","100 S Wall Street, Suite 1, Calhoun, GA 30701",(706) 629-7781,shea.hicks@gordoncountyga.gov,Chief Registrar,Shea Hicks,(706) 629-7781,shea.hicks@gordoncountyga.gov,https://www.gordoncountyga.gov/274/Board-of-Elections,no,https://sos.ga.gov/page/order-voter-registration-lists-and-files,No voter-list download found on the county site. The Georgia SOS sells the county voter list ($70; statewide $485) through its online store; county registrars may also furnish voter data under the Georgia Open Records Act (O.C.G.A. 50-18-70 et seq.).,https://www.gordoncountyga.gov/274/Board-of-Elections,https://gordoncountyga.gov/Archive.aspx?AMID=60,SOS results portal,2024-2026; undated,,2024-2026,,,,,,,,,,automated crawl,https://gordoncountyga.gov/Archive.aspx?ADID=769 https://gordoncountyga.gov/Archive.aspx?ADID=757 https://gordoncountyga.gov/Archive.aspx?ADID=688,"Ballot images uploaded by the county to the SOS Ballot Image Library (ballotimages.sos.ga.gov) for 6 elections from the Nov 5, 2024 General Election onward.",https://gordoncountyga.nextrequest.com/,County online records-request portal (found at the portal vendor's standard county address; the page names the county),Machine - BMD-printed paper ballots (and hand-marked absentee/provisional ballots) tabulated by optical scan; uniform statewide system,Dominion Voting Systems (now Liberty Vote),Democracy Suite 5.5-A,ImageCast X ballot-marking devices with printers; ImageCast Precinct scanners; ImageCast Central scanners (state-supplied; per-county counts not published),
Grady,13131,https://gradycountyga.gov/,Election Supervisor,Jason Carlton Tate,"250 N North Broad Street, 3, Cairo, GA 39828","250 N North Broad Street, 3, Cairo, GA 39828",(229) 377-4621,jason.tate@gradycountyga.gov,Chief Registrar,Jason Carlton Tate,(229) 377-4621,jason.tate@gradycountyga.gov,https://gradycountyga.gov/the-office-of-elections-registration/,no,https://sos.ga.gov/page/order-voter-registration-lists-and-files,No voter-list download found on the county site. The Georgia SOS sells the county voter list ($70; statewide $485) through its online store; county registrars may also furnish voter data under the Georgia Open Records Act (O.C.G.A. 50-18-70 et seq.).,https://gradycountyga.gov/the-office-of-elections-registration/,https://results.sos.ga.gov/results/public/Georgia,SOS results portal,,,,,,,,,,,,,automated crawl,,"Ballot images uploaded by the county to the SOS Ballot Image Library (ballotimages.sos.ga.gov) for 6 elections from the Nov 5, 2024 General Election onward.",,"No online request portal found on the county site. Submit a written Open Records Act request (O.C.G.A. 50-18-71) by mail, email or in person to the county's open records officer - for election records, the election supervisor Jason Carlton Tate, 250 N North Broad Street, 3, Cairo, GA 39828, (229) 377-4621, jason.tate@gradycountyga.gov.",Machine - BMD-printed paper ballots (and hand-marked absentee/provisional ballots) tabulated by optical scan; uniform statewide system,Dominion Voting Systems (now Liberty Vote),Democracy Suite 5.5-A,ImageCast X ballot-marking devices with printers; ImageCast Precinct scanners; ImageCast Central scanners (state-supplied; per-county counts not published),
Greene,13133,https://www.greenecountyga.gov/,Election Supervisor,Rebecca Anglin,"1180 C. Weldon Smith Dr., 109, Greensboro, GA 30642","1180 C. Weldon Smith Dr., 109, Greensboro, GA 30642",(706) 453-1108,elections@greenecountyga.gov,Chief Registrar,Menesha S. Brown,(706) 453-1108,elections@greenecountyga.gov,https://www.greenecountyga.gov/360/Elections-Voting,no,https://sos.ga.gov/page/order-voter-registration-lists-and-files,No voter-list download found on the county site. The Georgia SOS sells the county voter list ($70; statewide $485) through its online store; county registrars may also furnish voter data under the Georgia Open Records Act (O.C.G.A. 50-18-70 et seq.).,https://www.greenecountyga.gov/360/Elections-Voting,https://results.sos.ga.gov/results/public/Georgia,SOS results portal,,,2026,,,,,,,,,,automated crawl,https://www.greenecountyga.gov/DocumentCenter/View/2891/June-16-2026-Reconciliation-Report-PDF,"Ballot images uploaded by the county to the SOS Ballot Image Library (ballotimages.sos.ga.gov) for 7 elections from the Nov 5, 2024 General Election onward.",https://www.greenecountyga.gov/178/Submit-an-Open-Records-Request,County online portal / request page,Machine - BMD-printed paper ballots (and hand-marked absentee/provisional ballots) tabulated by optical scan; uniform statewide system,Dominion Voting Systems (now Liberty Vote),Democracy Suite 5.5-A,ImageCast X ballot-marking devices with printers; ImageCast Precinct scanners; ImageCast Central scanners (state-supplied; per-county counts not published),
Gwinnett,13135,https://www.gwinnettcounty.com/,Election Supervisor,Kelvin Williams,"455 Grayson Highway, 200, Lawrenceville, GA 30046","455 Grayson Highway, 200, Lawrenceville, GA 30046",(678) 226-7210,voterregistration@gwinnettcounty.com,Chief Registrar,Kelvin Williams,(678) 226-7210,voterregistration@gwinnettcounty.com,https://www.gwinnettcounty.com/government/departments/elections,no,https://sos.ga.gov/page/order-voter-registration-lists-and-files,No voter-list download found on the county site. The Georgia SOS sells the county voter list ($70; statewide $485) through its online store; county registrars may also furnish voter data under the Georgia Open Records Act (O.C.G.A. 50-18-70 et seq.).,https://www.gwinnettcounty.com/government/departments/elections,https://www.gwinnettcounty.com/government/departments/elections/election-results,SOS results portal,"2020-2022, 2024-2025; undated",,2025-2026,,,,,,,,,,"browser check of the Election Results page (official summary / statement-of-votes-cast reports 2024-present, ballot-cast and voter-credit reconciliation reports) and its 2008-2022 archive page",,"Ballot images uploaded by the county to the SOS Ballot Image Library (ballotimages.sos.ga.gov) for 10 elections from the Nov 5, 2024 General Election onward.",,"No online request portal found on the county site. Submit a written Open Records Act request (O.C.G.A. 50-18-71) by mail, email or in person to the county's open records officer - for election records, the election supervisor Kelvin Williams, 455 Grayson Highway, 200, Lawrenceville, GA 30046, (678) 226-7210, voterregistration@gwinnettcounty.com.",Machine - BMD-printed paper ballots (and hand-marked absentee/provisional ballots) tabulated by optical scan; uniform statewide system,Dominion Voting Systems (now Liberty Vote),Democracy Suite 5.5-A,ImageCast X ballot-marking devices with printers; ImageCast Precinct scanners; ImageCast Central scanners (state-supplied; per-county counts not published),
Habersham,13137,https://www.habershamga.com/,Election Supervisor,Laurel L. Ellison,"403 Habersham County Shopping Center, Cornelia, GA 30531","403 Habersham County Shopping Center, Cornelia, GA 30531",(706) 839-0170,elections@habershamga.com,Chief Registrar,Laurel L. Ellison,(706) 839-0170,elections@habershamga.com,https://www.habershamga.com/board-of-elections-and-registration,no,https://sos.ga.gov/page/order-voter-registration-lists-and-files,No voter-list download found on the county site. The Georgia SOS sells the county voter list ($70; statewide $485) through its online store; county registrars may also furnish voter data under the Georgia Open Records Act (O.C.G.A. 50-18-70 et seq.).,https://www.habershamga.com/board-of-elections-and-registration,https://www.habershamga.com/election-results.cfm,,2025-2026,,,,,,,,,,,,automated crawl,,"Ballot images uploaded by the county to the SOS Ballot Image Library (ballotimages.sos.ga.gov) for 8 elections from the Nov 5, 2024 General Election onward.",https://www.habershamga.com/open-records-request,County online portal / request page,Machine - BMD-printed paper ballots (and hand-marked absentee/provisional ballots) tabulated by optical scan; uniform statewide system,Dominion Voting Systems (now Liberty Vote),Democracy Suite 5.5-A,ImageCast X ballot-marking devices with printers; ImageCast Precinct scanners; ImageCast Central scanners (state-supplied; per-county counts not published),
Hall,13139,https://www.hallcounty.org/,Election Supervisor,Lori A. Wurtz,,"P.O. Box 1435, Gainesville, GA 30503",(770) 531-6945,elections@hallcounty.org,Chief Registrar,Lori A. Wurtz,(770) 531-6945,elections@hallcounty.org,https://www.hallcounty.org/249/Elections,no,https://sos.ga.gov/page/order-voter-registration-lists-and-files,No voter-list download found on the county site. The Georgia SOS sells the county voter list ($70; statewide $485) through its online store; county registrars may also furnish voter data under the Georgia Open Records Act (O.C.G.A. 50-18-70 et seq.).,https://www.hallcounty.org/249/Elections,https://www.hallcounty.org/1146/Election-Results,,2020-2026,,2024-2025,2024,,,,,,"2020, 2022, 2024","2020-2022, 2024",,"automated crawl plus review of the Election Results page (per-election summary, SOVC, CVR export, ballot-image archives, reconciliation reports) and Audit Results page",https://www.hallcounty.org/DocumentCenter/View/14037 https://www.hallcounty.org/DocumentCenter/View/10714 https://www.hallcounty.org/DocumentCenter/View/13263 https://www.hallcounty.org/DocumentCenter/View/10207,"Hall also posts CVR exports, ballot-image archives and audit reports on its Audit Results page (https://www.hallcounty.org/1207/Audit-Results). Ballot images uploaded by the county to the SOS Ballot Image Library (ballotimages.sos.ga.gov) for 5 elections from the Nov 5, 2024 General Election onward.",https://hallcountyga.nextrequest.com/,County online portal / request page,Machine - BMD-printed paper ballots (and hand-marked absentee/provisional ballots) tabulated by optical scan; uniform statewide system,Dominion Voting Systems (now Liberty Vote),Democracy Suite 5.5-A,ImageCast X ballot-marking devices with printers; ImageCast Precinct scanners; ImageCast Central scanners (state-supplied; per-county counts not published),
Hancock,13141,https://www.hancockcountyga.gov/,Election Supervisor,Barbara Usenbor,,"P.O. Box 118, Sparta, GA 31087",(706) 444-5259,boer@hancockcountyga.gov,Chief Registrar,Barbara Usenbor,(706) 444-5259,boer@hancockcountyga.gov,https://www.hancockcountyga.gov/board-of-elections,no,https://sos.ga.gov/page/order-voter-registration-lists-and-files,No voter-list download found on the county site. The Georgia SOS sells the county voter list ($70; statewide $485) through its online store; county registrars may also furnish voter data under the Georgia Open Records Act (O.C.G.A. 50-18-70 et seq.).,https://www.hancockcountyga.gov/board-of-elections,https://results.sos.ga.gov/results/public/Georgia,SOS results portal,,,,,,,,,,,,,automated crawl,,"Ballot images uploaded by the county to the SOS Ballot Image Library (ballotimages.sos.ga.gov) for 6 elections from the Nov 5, 2024 General Election onward.",,"No online request portal found on the county site. Submit a written Open Records Act request (O.C.G.A. 50-18-71) by mail, email or in person to the county's open records officer - for election records, the election supervisor Barbara Usenbor, P.O. Box 118, Sparta, GA 31087, (706) 444-5259, boer@hancockcountyga.gov.",Machine - BMD-printed paper ballots (and hand-marked absentee/provisional ballots) tabulated by optical scan; uniform statewide system,Dominion Voting Systems (now Liberty Vote),Democracy Suite 5.5-A,ImageCast X ballot-marking devices with printers; ImageCast Precinct scanners; ImageCast Central scanners (state-supplied; per-county counts not published),
Haralson,13143,https://www.haralsoncountyga.gov/,Election Supervisor,Ronald V. Gable Sr.,,"P.O. Box 1119, Buchanan, GA 30113",(770) 646-2010,vaughn.gable@haralsoncountyga.gov,Chief Registrar,Kim Wallace Sr.,(770) 646-2010,kim.wallace@haralsoncountyga.gov,https://www.haralsoncountyga.gov/board-of-elections,no,https://sos.ga.gov/page/order-voter-registration-lists-and-files,No voter-list download found on the county site. The Georgia SOS sells the county voter list ($70; statewide $485) through its online store; county registrars may also furnish voter data under the Georgia Open Records Act (O.C.G.A. 50-18-70 et seq.).,https://www.haralsoncountyga.gov/board-of-elections,https://results.sos.ga.gov/results/public/Georgia,SOS results portal,,,,,,,,,,,,,automated crawl,,"Ballot images uploaded by the county to the SOS Ballot Image Library (ballotimages.sos.ga.gov) for 7 elections from the Nov 5, 2024 General Election onward.",https://www.haralsoncountyga.gov/open-records-request.cfm,County online portal / request page,Machine - BMD-printed paper ballots (and hand-marked absentee/provisional ballots) tabulated by optical scan; uniform statewide system,Dominion Voting Systems (now Liberty Vote),Democracy Suite 5.5-A,ImageCast X ballot-marking devices with printers; ImageCast Precinct scanners; ImageCast Central scanners (state-supplied; per-county counts not published),
Harris,13145,https://www.harriscountyga.gov/,Election Supervisor,Salenthia Thomas,"757 Carver Circle, Hamilton, GA 31811","P.O. Box 123, Hamilton, GA 31811",(706) 628-5210,sthomas@harriscountyga.gov,Chief Registrar,Salenthia Thomas,(706) 628-5210,sthomas@harriscountyga.gov,https://www.harriscountyga.gov/board-of-elections-registration/,no,https://sos.ga.gov/page/order-voter-registration-lists-and-files,No voter-list download found on the county site. The Georgia SOS sells the county voter list ($70; statewide $485) through its online store; county registrars may also furnish voter data under the Georgia Open Records Act (O.C.G.A. 50-18-70 et seq.).,https://www.harriscountyga.gov/board-of-elections-registration/,https://www.harriscountyga.gov/board-of-elections-registration/,Clarity ENR (archived),2020,,,,,,,,,,,,automated crawl,,"Ballot images uploaded by the county to the SOS Ballot Image Library (ballotimages.sos.ga.gov) for 5 elections from the Nov 5, 2024 General Election onward.",,"No online request portal found on the county site. Submit a written Open Records Act request (O.C.G.A. 50-18-71) by mail, email or in person to the county's open records officer - for election records, the election supervisor Salenthia Thomas, P.O. Box 123, Hamilton, GA 31811, (706) 628-5210, sthomas@harriscountyga.gov.",Machine - BMD-printed paper ballots (and hand-marked absentee/provisional ballots) tabulated by optical scan; uniform statewide system,Dominion Voting Systems (now Liberty Vote),Democracy Suite 5.5-A,ImageCast X ballot-marking devices with printers; ImageCast Precinct scanners; ImageCast Central scanners (state-supplied; per-county counts not published),
Hart,13147,https://www.hartcountyga.gov/,Election Supervisor,Lacey Sanders,,"P.O. Box 426, Hartwell, GA 30643",(706) 376-8911,registrar@hartcountyga.org,Chief Registrar,Lacey Sanders,(706) 376-8911,registrar@hartcountyga.org,https://www.hartcountyga.gov/electionsboard.html,no,https://sos.ga.gov/page/order-voter-registration-lists-and-files,No voter-list download found on the county site. The Georgia SOS sells the county voter list ($70; statewide $485) through its online store; county registrars may also furnish voter data under the Georgia Open Records Act (O.C.G.A. 50-18-70 et seq.).,https://www.hartcountyga.gov/electionsboard.html,https://www.hartcountyga.gov/electionsboard.html,,2026; undated,,,undated,,,,,,,,,automated crawl,,"Ballot images uploaded by the county to the SOS Ballot Image Library (ballotimages.sos.ga.gov) for 4 elections from the Nov 5, 2024 General Election onward.",,"No online request portal found on the county site. Submit a written Open Records Act request (O.C.G.A. 50-18-71) by mail, email or in person to the county's open records officer - for election records, the election supervisor Lacey Sanders, P.O. Box 426, Hartwell, GA 30643, (706) 376-8911, registrar@hartcountyga.org.",Machine - BMD-printed paper ballots (and hand-marked absentee/provisional ballots) tabulated by optical scan; uniform statewide system,Dominion Voting Systems (now Liberty Vote),Democracy Suite 5.5-A,ImageCast X ballot-marking devices with printers; ImageCast Precinct scanners; ImageCast Central scanners (state-supplied; per-county counts not published),
Heard,13149,https://www.heardcountyga.com/,Election Supervisor,Charles Tonnie Adams,,"P.O. Box 427, Franklin, GA 30217-0427",(706) 675-3907,tadams@heardcountyga.com,Chief Registrar,Charles Tonnie Adams,(706) 675-3907,tadams@heardcountyga.com,https://www.heardcountyga.com/voterReg.html,no,https://sos.ga.gov/page/order-voter-registration-lists-and-files,No voter-list download found on the county site. The Georgia SOS sells the county voter list ($70; statewide $485) through its online store; county registrars may also furnish voter data under the Georgia Open Records Act (O.C.G.A. 50-18-70 et seq.).,https://www.heardcountyga.com/voterReg.html,https://www.heardcountyga.com/voterElectionResults.html,,2020-2026; undated,,,,,,,,,,,,automated crawl,,"Ballot images uploaded by the county to the SOS Ballot Image Library (ballotimages.sos.ga.gov) for 7 elections from the Nov 5, 2024 General Election onward.",,"No online request portal found on the county site. Submit a written Open Records Act request (O.C.G.A. 50-18-71) by mail, email or in person to the county's open records officer - for election records, the election supervisor Charles Tonnie Adams, P.O. Box 427, Franklin, GA 30217-0427, (706) 675-3907, tadams@heardcountyga.com.",Machine - BMD-printed paper ballots (and hand-marked absentee/provisional ballots) tabulated by optical scan; uniform statewide system,Dominion Voting Systems (now Liberty Vote),Democracy Suite 5.5-A,ImageCast X ballot-marking devices with printers; ImageCast Precinct scanners; ImageCast Central scanners (state-supplied; per-county counts not published),
Henry,13151,https://www.henrycountyga.gov/,Election Supervisor,Axiver Harris,"1550 S. Zack Hinton Parkway, McDonough, GA 30253","1550 S. Zack Hinton Parkway, McDonough, GA 30253",(770) 288-6448,acharris@henrycountyga.gov,Chief Registrar,Trevor Romigh,(770) 288-6448,tromigh@henrycountyga.gov,https://www.henrycountyga.gov/board-of-elections-voter-registration,no,https://sos.ga.gov/page/order-voter-registration-lists-and-files,No voter-list download found on the county site. The Georgia SOS sells the county voter list ($70; statewide $485) through its online store; county registrars may also furnish voter data under the Georgia Open Records Act (O.C.G.A. 50-18-70 et seq.).,https://www.henrycountyga.gov/board-of-elections-voter-registration,https://www.henrycountyga.gov/election-results,,,,,,,,,,,,,,automated crawl,,"Ballot images uploaded by the county to the SOS Ballot Image Library (ballotimages.sos.ga.gov) for 8 elections from the Nov 5, 2024 General Election onward.",https://henrycountyga.nextrequest.com/,County online records-request portal (found at the portal vendor's standard county address; the page names the county),Machine - BMD-printed paper ballots (and hand-marked absentee/provisional ballots) tabulated by optical scan; uniform statewide system,Dominion Voting Systems (now Liberty Vote),Democracy Suite 5.5-A,ImageCast X ballot-marking devices with printers; ImageCast Precinct scanners; ImageCast Central scanners (state-supplied; per-county counts not published),
Houston,13153,https://www.houstoncountyga.gov/,Election Supervisor,Debra Presswood,"2030 Kings Chapel Rd, Perry, GA 31069-0945","P.O. Box 945, Perry, GA 31069-0945",(478) 987-1973,elections@houstoncountyga.gov,Chief Registrar,Debra Presswood,(478) 987-1973,elections@houstoncountyga.gov,https://www.houstoncountyga.gov/residents/board-of-elections.cms,no,https://sos.ga.gov/page/order-voter-registration-lists-and-files,No voter-list download found on the county site. The Georgia SOS sells the county voter list ($70; statewide $485) through its online store; county registrars may also furnish voter data under the Georgia Open Records Act (O.C.G.A. 50-18-70 et seq.).,https://www.houstoncountyga.gov/residents/board-of-elections.cms,https://www.houstoncountyga.gov/residents/election-results.cms,,2020-2026; undated,,,2024,,,,,,,,,automated crawl,https://www.houstoncountyga.gov/skins/userfiles/files/Houston%20County%20Georgia%206_30_2024-Final-12_31_24-single%20audit.pdf,"Ballot images uploaded by the county to the SOS Ballot Image Library (ballotimages.sos.ga.gov) for 8 elections from the Nov 5, 2024 General Election onward.",,"No online request portal found on the county site. Submit a written Open Records Act request (O.C.G.A. 50-18-71) by mail, email or in person to the county's open records officer - for election records, the election supervisor Debra Presswood, P.O. Box 945, Perry, GA 31069-0945, (478) 987-1973, elections@houstoncountyga.gov.",Machine - BMD-printed paper ballots (and hand-marked absentee/provisional ballots) tabulated by optical scan; uniform statewide system,Dominion Voting Systems (now Liberty Vote),Democracy Suite 5.5-A,ImageCast X ballot-marking devices with printers; ImageCast Precinct scanners; ImageCast Central scanners (state-supplied; per-county counts not published),
Irwin,13155,https://irwincounty-ga.gov/,Election Supervisor,Ethan N. Compton,"225 East Fourth Street, Ocilla, GA 31774","225 East Fourth Street, Ocilla, GA 31774",(229) 468-0081,elections@irwincounty-ga.gov,Chief Registrar,Ethan N. Compton,(229) 468-0081,elections@irwincounty-ga.gov,https://irwincounty-ga.gov/departments/568/elections/,no,https://sos.ga.gov/page/order-voter-registration-lists-and-files,No voter-list download found on the county site. The Georgia SOS sells the county voter list ($70; statewide $485) through its online store; county registrars may also furnish voter data under the Georgia Open Records Act (O.C.G.A. 50-18-70 et seq.).,https://irwincounty-ga.gov/departments/568/elections/,https://irwincounty-ga.gov/departments/568/elections/,SOS results portal,2024-2026; undated,2026,2024,2024-2026,,,,,,,,,automated crawl,https://irwincounty-ga.gov/wp-content/uploads/2026/06/RLA-Public-Announcement-1.pdf https://irwincounty-ga.gov/wp-content/uploads/2026/04/RLA-Public-Announcement-2026.pdf https://irwincounty-ga.gov/wp-content/uploads/2025/07/RLA-Public-Announcement-7-15-25.pdf https://irwincounty-ga.gov/wp-content/uploads/2024/11/Irwin-County-11-5-24-Ballot-Reconciliation-Report.xls,"Ballot images uploaded by the county to the SOS Ballot Image Library (ballotimages.sos.ga.gov) for 6 elections from the Nov 5, 2024 General Election onward.",,"No online request portal found on the county site. Submit a written Open Records Act request (O.C.G.A. 50-18-71) by mail, email or in person to the county's open records officer - for election records, the election supervisor Ethan N. Compton, 225 East Fourth Street, Ocilla, GA 31774, (229) 468-0081, elections@irwincounty-ga.gov.",Machine - BMD-printed paper ballots (and hand-marked absentee/provisional ballots) tabulated by optical scan; uniform statewide system,Dominion Voting Systems (now Liberty Vote),Democracy Suite 5.5-A,ImageCast X ballot-marking devices with printers; ImageCast Precinct scanners; ImageCast Central scanners (state-supplied; per-county counts not published),
Jackson,13157,https://www.jacksoncountygov.com/,Election Supervisor,Jennifer Logan,"441 Gordon Street, Jefferson, GA 30549","441 Gordon Street, Jefferson, GA 30549",(706) 367-6377,jelogan@jacksoncountygov.com,Chief Registrar,Jennifer Logan,(706) 367-6377,jelogan@jacksoncountygov.com,https://www.jacksoncountygov.com/192/Elections-Registration-Office,no,https://sos.ga.gov/page/order-voter-registration-lists-and-files,No voter-list download found on the county site. The Georgia SOS sells the county voter list ($70; statewide $485) through its online store; county registrars may also furnish voter data under the Georgia Open Records Act (O.C.G.A. 50-18-70 et seq.).,https://www.jacksoncountygov.com/192/Elections-Registration-Office,https://www.jacksoncountygov.com/197/Election-Results,,2020-2025; undated,,,,,,,,,,,,automated crawl,,"Ballot images uploaded by the county to the SOS Ballot Image Library (ballotimages.sos.ga.gov) for 7 elections from the Nov 5, 2024 General Election onward.",https://www.jacksoncountygov.com/785/Records-requests,County online portal / request page,Machine - BMD-printed paper ballots (and hand-marked absentee/provisional ballots) tabulated by optical scan; uniform statewide system,Dominion Voting Systems (now Liberty Vote),Democracy Suite 5.5-A,ImageCast X ballot-marking devices with printers; ImageCast Precinct scanners; ImageCast Central scanners (state-supplied; per-county counts not published),
Jasper,13159,https://jaspercountyga.org/,Election Supervisor,Amanda Hudgins,"126 West Greeene St, 3, Monticello, GA 31064","126 West Greeene St, 3, Monticello, GA 31064",(706) 468-4908,ahudgins@jaspercountyga.org,Chief Registrar,Amanda Hudgins,(706) 468-4908,ahudgins@jaspercountyga.org,https://mvp.sos.ga.gov/s/county-election-offices?page=countyelectionoffice&county=JASPER,no,https://sos.ga.gov/page/order-voter-registration-lists-and-files,No voter-list download found on the county site. The Georgia SOS sells the county voter list ($70; statewide $485) through its online store; county registrars may also furnish voter data under the Georgia Open Records Act (O.C.G.A. 50-18-70 et seq.).,https://mvp.sos.ga.gov/s/county-election-offices?page=countyelectionoffice&county=JASPER,https://results.sos.ga.gov/results/public/Georgia,SOS results portal,,,,,,,,,,,,,county site serves a bot-verification page to scripted requests and the browser could not open it; not reviewed,,"No county elections page found (county site could not be reviewed); elections_url points to the SOS County Election Offices listing. Ballot images uploaded by the county to the SOS Ballot Image Library (ballotimages.sos.ga.gov) for 6 elections from the Nov 5, 2024 General Election onward.",,"No online request portal found on the county site. Submit a written Open Records Act request (O.C.G.A. 50-18-71) by mail, email or in person to the county's open records officer - for election records, the election supervisor Amanda Hudgins, 126 West Greeene St, 3, Monticello, GA 31064, (706) 468-4908, ahudgins@jaspercountyga.org.",Machine - BMD-printed paper ballots (and hand-marked absentee/provisional ballots) tabulated by optical scan; uniform statewide system,Dominion Voting Systems (now Liberty Vote),Democracy Suite 5.5-A,ImageCast X ballot-marking devices with printers; ImageCast Precinct scanners; ImageCast Central scanners (state-supplied; per-county counts not published),
Jeff Davis,13161,https://jeffdaviscountyga.gov/,Election Supervisor,Christy N. Riner,"15 Public Safety Drive, Hazlehurst, GA 31539","15 Public Safety Drive, Hazlehurst, GA 31539",(912) 375-6635,jeffdaviselections@gmail.com,Chief Registrar,Christy N. Riner,(912) 375-6635,jeffdaviselections@gmail.com,https://jeffdaviscountyga.gov/elections,no,https://sos.ga.gov/page/order-voter-registration-lists-and-files,No voter-list download found on the county site. The Georgia SOS sells the county voter list ($70; statewide $485) through its online store; county registrars may also furnish voter data under the Georgia Open Records Act (O.C.G.A. 50-18-70 et seq.).,https://jeffdaviscountyga.gov/elections,https://results.sos.ga.gov/results/public/Georgia,SOS results portal,,,,,,,,,,,,,automated crawl (county site found by web search; not in ACCG or SOS listings),,"Ballot images uploaded by the county to the SOS Ballot Image Library (ballotimages.sos.ga.gov) for 7 elections from the Nov 5, 2024 General Election onward.",https://jeffdaviscountyga.gov/open-records-request,County online portal / request page,Machine - BMD-printed paper ballots (and hand-marked absentee/provisional ballots) tabulated by optical scan; uniform statewide system,Dominion Voting Systems (now Liberty Vote),Democracy Suite 5.5-A,ImageCast X ballot-marking devices with printers; ImageCast Precinct scanners; ImageCast Central scanners (state-supplied; per-county counts not published),
Jefferson,13163,https://www.jeffersoncountyga.gov/,Election Supervisor,Susan S. Gray,,"P.O. Box 111, Louisville, GA 30434",(478) 625-8357,sgray@jeffersoncountyga.gov,Chief Registrar,Susan S. Gray,(478) 625-8357,sgray@jeffersoncountyga.gov,https://www.jeffersoncountyga.gov/193/Elections,no,https://sos.ga.gov/page/order-voter-registration-lists-and-files,No voter-list download found on the county site. The Georgia SOS sells the county voter list ($70; statewide $485) through its online store; county registrars may also furnish voter data under the Georgia Open Records Act (O.C.G.A. 50-18-70 et seq.).,https://www.jeffersoncountyga.gov/193/Elections,https://www.jeffersoncountyga.gov/193/Elections,,undated,2026; undated,2026,undated,,,,,,,,,automated crawl,https://www.jeffersoncountyga.gov/DocumentCenter/View/1075/DAILY-RECAP-SHEET-UPDATED-JUNE-16-2026-GENERAL-ELECTION-06122026 https://www.jeffersoncountyga.gov/DocumentCenter/View/923/PREA-Audit-Report-FinalJefferson25,"Ballot images uploaded by the county to the SOS Ballot Image Library (ballotimages.sos.ga.gov) for 6 elections from the Nov 5, 2024 General Election onward.",https://www.jeffersoncountyga.gov/249/Open-Records-Request,County online portal / request page,Machine - BMD-printed paper ballots (and hand-marked absentee/provisional ballots) tabulated by optical scan; uniform statewide system,Dominion Voting Systems (now Liberty Vote),Democracy Suite 5.5-A,ImageCast X ballot-marking devices with printers; ImageCast Precinct scanners; ImageCast Central scanners (state-supplied; per-county counts not published),
Jenkins,13165,https://jenkinscountyga.com/,Election Supervisor,Patricia A. Rich,"833 East Winthrope Avenue, Millen, GA 30442","P.O. Box 510, Millen, GA 30442",(478) 982-5581,registrar@jenkinscountyga.gov,Chief Registrar,Patricia Rich,(478) 982-5581,registrar@jenkinscountyga.gov,https://jenkinscountyga.com/jenkins-county-registrar.php,no,https://sos.ga.gov/page/order-voter-registration-lists-and-files,No voter-list download found on the county site. The Georgia SOS sells the county voter list ($70; statewide $485) through its online store; county registrars may also furnish voter data under the Georgia Open Records Act (O.C.G.A. 50-18-70 et seq.).,https://jenkinscountyga.com/jenkins-county-registrar.php,https://results.sos.ga.gov/results/public/Georgia,SOS results portal,,2024,2023-2024,,,,,,,,,,automated crawl,https://jenkinscountyga.com/pdf/news/DAILY+RECON+3-8-24.pdf,"Ballot images uploaded by the county to the SOS Ballot Image Library (ballotimages.sos.ga.gov) for 8 elections from the Nov 5, 2024 General Election onward.",,"No online request portal found on the county site. Submit a written Open Records Act request (O.C.G.A. 50-18-71) by mail, email or in person to the county's open records officer - for election records, the election supervisor Patricia A. Rich, P.O. Box 510, Millen, GA 30442, (478) 982-5581, registrar@jenkinscountyga.gov.",Machine - BMD-printed paper ballots (and hand-marked absentee/provisional ballots) tabulated by optical scan; uniform statewide system,Dominion Voting Systems (now Liberty Vote),Democracy Suite 5.5-A,ImageCast X ballot-marking devices with printers; ImageCast Precinct scanners; ImageCast Central scanners (state-supplied; per-county counts not published),
Johnson,13167,https://www.johnsonco.org/,Election Supervisor,Debbie Killingsworth,,"P.O. Box 255, Wrightsville, GA 31096",(478) 864-4019,dkillingsworth@johnsonco.org,Chief Registrar,Debbie Killingsworth,(478) 864-4019,dkillingsworth@johnsonco.org,https://www.johnsonco.org/board-elections-contact-information,no,https://sos.ga.gov/page/order-voter-registration-lists-and-files,No voter-list download found on the county site. The Georgia SOS sells the county voter list ($70; statewide $485) through its online store; county registrars may also furnish voter data under the Georgia Open Records Act (O.C.G.A. 50-18-70 et seq.).,https://www.johnsonco.org/board-elections-contact-information,https://results.sos.ga.gov/results/public/Georgia,SOS results portal,,,,,,,,,,,,,browser check (site blocks scripted requests); elections page is contact information only,,"Ballot images uploaded by the county to the SOS Ballot Image Library (ballotimages.sos.ga.gov) for 7 elections from the Nov 5, 2024 General Election onward.",,"No online request portal found on the county site. Submit a written Open Records Act request (O.C.G.A. 50-18-71) by mail, email or in person to the county's open records officer - for election records, the election supervisor Debbie Killingsworth, P.O. Box 255, Wrightsville, GA 31096, (478) 864-4019, dkillingsworth@johnsonco.org.",Machine - BMD-printed paper ballots (and hand-marked absentee/provisional ballots) tabulated by optical scan; uniform statewide system,Dominion Voting Systems (now Liberty Vote),Democracy Suite 5.5-A,ImageCast X ballot-marking devices with printers; ImageCast Precinct scanners; ImageCast Central scanners (state-supplied; per-county counts not published),
Jones,13169,https://www.jonescountyga.org/,Election Supervisor,Marion G. Hatton,,"P.O. Box 1417, Gray, GA 31032",(478) 986-3222,marion.hatton@jonescountyga.org,Chief Registrar,Alyson K. Roney-Ferguson,(478) 986-3222,alyson.roney@jonescountyga.org,https://www.jonescountyga.org/county-directory/elections/,no,https://sos.ga.gov/page/order-voter-registration-lists-and-files,No voter-list download found on the county site. The Georgia SOS sells the county voter list ($70; statewide $485) through its online store; county registrars may also furnish voter data under the Georgia Open Records Act (O.C.G.A. 50-18-70 et seq.).,https://www.jonescountyga.org/county-directory/elections/,https://results.sos.ga.gov/results/public/Georgia,SOS results portal,,,,,,,,,,,,,automated crawl,,"Ballot images uploaded by the county to the SOS Ballot Image Library (ballotimages.sos.ga.gov) for 5 elections from the Nov 5, 2024 General Election onward.",,"No online request portal found on the county site. Submit a written Open Records Act request (O.C.G.A. 50-18-71) by mail, email or in person to the county's open records officer - for election records, the election supervisor Marion G. Hatton, P.O. Box 1417, Gray, GA 31032, (478) 986-3222, marion.hatton@jonescountyga.org.",Machine - BMD-printed paper ballots (and hand-marked absentee/provisional ballots) tabulated by optical scan; uniform statewide system,Dominion Voting Systems (now Liberty Vote),Democracy Suite 5.5-A,ImageCast X ballot-marking devices with printers; ImageCast Precinct scanners; ImageCast Central scanners (state-supplied; per-county counts not published),
Lamar,13171,https://www.lamarcountyga.gov/,Election Supervisor,Anita Reid,"790 Veterans Parkway, Suite D, Barnesville, GA 30204","790 Veterans Parkway, Suite D, Barnesville, GA 30204",(770) 358-5235,areid@lamarcountyga.com,Chief Registrar,Katherine Smith,(770) 358-5235,ksmith@lamarcountyga.com,https://www.lamarcountyga.gov/board-of-elections-1,no,https://sos.ga.gov/page/order-voter-registration-lists-and-files,No voter-list download found on the county site. The Georgia SOS sells the county voter list ($70; statewide $485) through its online store; county registrars may also furnish voter data under the Georgia Open Records Act (O.C.G.A. 50-18-70 et seq.).,https://www.lamarcountyga.gov/board-of-elections-1,https://results.sos.ga.gov/results/public/Georgia,SOS results portal,,,,,,,,,,,,,automated crawl,,"Ballot images uploaded by the county to the SOS Ballot Image Library (ballotimages.sos.ga.gov) for 6 elections from the Nov 5, 2024 General Election onward.",https://www.lamarcountyga.gov/open-records,County online portal / request page,Machine - BMD-printed paper ballots (and hand-marked absentee/provisional ballots) tabulated by optical scan; uniform statewide system,Dominion Voting Systems (now Liberty Vote),Democracy Suite 5.5-A,ImageCast X ballot-marking devices with printers; ImageCast Precinct scanners; ImageCast Central scanners (state-supplied; per-county counts not published),
Lanier,13173,https://laniercountyboc.com/wp/,Election Supervisor,James Adam Barnes Jr,,"P.O. Box 155, Lakeland, GA 31635",(229) 363-9260,elections@laniercountyboc.com,Chief Registrar,James Adam Barnes Jr,(229) 363-9260,elections@laniercountyboc.com,https://laniercountyboc.com/wp/elections-office/,no,https://sos.ga.gov/page/order-voter-registration-lists-and-files,No voter-list download found on the county site. The Georgia SOS sells the county voter list ($70; statewide $485) through its online store; county registrars may also furnish voter data under the Georgia Open Records Act (O.C.G.A. 50-18-70 et seq.).,https://laniercountyboc.com/wp/elections-office/,https://laniercountyboc.com/wp/elections-office/,,2026,,"2021, 2025",,,,,,,,,,automated crawl,https://laniercountyboc.com/wp/wp-content/uploads/2025/10/ballot_reconciliation_report-2025.10.14.21.0000-scaled.jpg https://laniercountyboc.com/wp/wp-content/uploads/2025/10/ballot_reconciliation_report-2025.10.16.21.0400-scaled.jpg https://laniercountyboc.com/wp/wp-content/uploads/2025/10/ballot_reconciliation_report-2025.10.17.21.0000-scaled.jpg,"Ballot images uploaded by the county to the SOS Ballot Image Library (ballotimages.sos.ga.gov) for 5 elections from the Nov 5, 2024 General Election onward.",,"No online request portal found on the county site. Submit a written Open Records Act request (O.C.G.A. 50-18-71) by mail, email or in person to the county's open records officer - for election records, the election supervisor James Adam Barnes Jr, P.O. Box 155, Lakeland, GA 31635, (229) 363-9260, elections@laniercountyboc.com.",Machine - BMD-printed paper ballots (and hand-marked absentee/provisional ballots) tabulated by optical scan; uniform statewide system,Dominion Voting Systems (now Liberty Vote),Democracy Suite 5.5-A,ImageCast X ballot-marking devices with printers; ImageCast Precinct scanners; ImageCast Central scanners (state-supplied; per-county counts not published),
Laurens,13175,https://www.laurenscoga.org/,Election Supervisor,Susan H. Rooks,"117 E Jackson St Ste A, Dublin, GA 31040","P.O. Box 2130, Dublin, GA 31040",(478) 272-2566,registrars@dlcga.com,Chief Registrar,Susan H. Rooks,(478) 272-2841,registrars@dlcga.com,https://www.laurenscoga.org/259/Board-of-Elections-Registration,no,https://sos.ga.gov/page/order-voter-registration-lists-and-files,No voter-list download found on the county site. The Georgia SOS sells the county voter list ($70; statewide $485) through its online store; county registrars may also furnish voter data under the Georgia Open Records Act (O.C.G.A. 50-18-70 et seq.).,https://www.laurenscoga.org/259/Board-of-Elections-Registration,https://www.laurenscoga.org/259/Board-of-Elections-Registration,Clarity ENR (archived),undated,,,,,,,,,,,,automated crawl,,"Ballot images uploaded by the county to the SOS Ballot Image Library (ballotimages.sos.ga.gov) for 7 elections from the Nov 5, 2024 General Election onward.",https://www.laurenscoga.org/FormCenter/Administrative-16/Open-Records-Request-72,County online portal / request page,Machine - BMD-printed paper ballots (and hand-marked absentee/provisional ballots) tabulated by optical scan; uniform statewide system,Dominion Voting Systems (now Liberty Vote),Democracy Suite 5.5-A,ImageCast X ballot-marking devices with printers; ImageCast Precinct scanners; ImageCast Central scanners (state-supplied; per-county counts not published),
Lee,13177,https://www.leecountyga.gov/,Election Supervisor,Veronica M. Johnson,,"P.O. Box 326, Leesburg, GA 31763",(229) 759-6002,elections@lee.ga.us,Chief Registrar,Veronica M. Johnson,(229) 759-6002,elections@lee.ga.us,https://www.leecountyga.gov/government/boards/elections-registrations,no,https://sos.ga.gov/page/order-voter-registration-lists-and-files,No voter-list download found on the county site. The Georgia SOS sells the county voter list ($70; statewide $485) through its online store; county registrars may also furnish voter data under the Georgia Open Records Act (O.C.G.A. 50-18-70 et seq.).,https://www.leecountyga.gov/government/boards/elections-registrations,https://www.leecountyga.gov/government/boards/elections-registrations,SOS results portal,2026; undated,,undated,,,,,,,,,,automated crawl,https://www.leecountyga.gov/uploads/files/eb/cf/ebcf8b0b5fbe9812f3243432c37747e6.pdf,"Ballot images uploaded by the county to the SOS Ballot Image Library (ballotimages.sos.ga.gov) for 8 elections from the Nov 5, 2024 General Election onward.",https://www.leecountyga.gov/government/open-records-requests,County online portal / request page,Machine - BMD-printed paper ballots (and hand-marked absentee/provisional ballots) tabulated by optical scan; uniform statewide system,Dominion Voting Systems (now Liberty Vote),Democracy Suite 5.5-A,ImageCast X ballot-marking devices with printers; ImageCast Precinct scanners; ImageCast Central scanners (state-supplied; per-county counts not published),
Liberty,13179,https://www.libertycountyga.gov/,Election Supervisor,Ronda G. Walthour,"100 Main St, Suite 1600, Hinesville, GA 31313","100 Main St, Suite 1600, Hinesville, GA 31313",9128763310,elections@libertycountyga.com,Chief Registrar,Ronda G. Walthour,9128763310,elections@libertycountyga.com,https://www.libertycountyga.gov/318/Board-of-Elections,no,https://sos.ga.gov/page/order-voter-registration-lists-and-files,No voter-list download found on the county site. The Georgia SOS sells the county voter list ($70; statewide $485) through its online store; county registrars may also furnish voter data under the Georgia Open Records Act (O.C.G.A. 50-18-70 et seq.).,https://www.libertycountyga.gov/318/Board-of-Elections,https://www.libertycountyga.gov/557/Election-Results,SOS results portal,undated,,,,,,,,,,,,automated crawl,,"Ballot images uploaded by the county to the SOS Ballot Image Library (ballotimages.sos.ga.gov) for 7 elections from the Nov 5, 2024 General Election onward.",https://libertycountyga.nextrequest.com,County online portal / request page,Machine - BMD-printed paper ballots (and hand-marked absentee/provisional ballots) tabulated by optical scan; uniform statewide system,Dominion Voting Systems (now Liberty Vote),Democracy Suite 5.5-A,ImageCast X ballot-marking devices with printers; ImageCast Precinct scanners; ImageCast Central scanners (state-supplied; per-county counts not published),
Lincoln,13181,https://lincolncountyga.gov/,Election Supervisor,Lilvender Bolton,"160 May Avenue, Lincolnton, GA 30817","P.O. Box 1419, Lincolnton, GA 30817",(706) 359-6126,lbolton@lincolncountyga.gov,Chief Registrar,Shertanka Wright,(706) 359-6126,swright@lincolncountyga.gov,https://lincolncountyga.gov/elections,no,https://sos.ga.gov/page/order-voter-registration-lists-and-files,No voter-list download found on the county site. The Georgia SOS sells the county voter list ($70; statewide $485) through its online store; county registrars may also furnish voter data under the Georgia Open Records Act (O.C.G.A. 50-18-70 et seq.).,https://lincolncountyga.gov/elections,https://results.sos.ga.gov/results/public/Georgia,SOS results portal,,,,,,,,,,,,,automated crawl,,"Ballot images uploaded by the county to the SOS Ballot Image Library (ballotimages.sos.ga.gov) for 5 elections from the Nov 5, 2024 General Election onward.",,"No online request portal found on the county site. Submit a written Open Records Act request (O.C.G.A. 50-18-71) by mail, email or in person to the county's open records officer - for election records, the election supervisor Lilvender Bolton, P.O. Box 1419, Lincolnton, GA 30817, (706) 359-6126, lbolton@lincolncountyga.gov.",Machine - BMD-printed paper ballots (and hand-marked absentee/provisional ballots) tabulated by optical scan; uniform statewide system,Dominion Voting Systems (now Liberty Vote),Democracy Suite 5.5-A,ImageCast X ballot-marking devices with printers; ImageCast Precinct scanners; ImageCast Central scanners (state-supplied; per-county counts not published),
Long,13183,https://www.longcountyga.gov/,Election Supervisor,Brook Schreiner,,"P.O. Box 669, Ludowici, GA 31316",,bschreiner@longcountyga.gov,Chief Registrar,Brook Schreiner,,bschreiner@longcountyga.gov,https://www.longcountyga.gov/elections,no,https://sos.ga.gov/page/order-voter-registration-lists-and-files,No voter-list download found on the county site. The Georgia SOS sells the county voter list ($70; statewide $485) through its online store; county registrars may also furnish voter data under the Georgia Open Records Act (O.C.G.A. 50-18-70 et seq.).,https://www.longcountyga.gov/elections,https://results.sos.ga.gov/results/public/Georgia,SOS results portal,,,,,,,,,,,,,automated crawl,,"Ballot images uploaded by the county to the SOS Ballot Image Library (ballotimages.sos.ga.gov) for 6 elections from the Nov 5, 2024 General Election onward.",,"No online request portal found on the county site. Submit a written Open Records Act request (O.C.G.A. 50-18-71) by mail, email or in person to the county's open records officer - for election records, the election supervisor Brook Schreiner, P.O. Box 669, Ludowici, GA 31316, None, bschreiner@longcountyga.gov.",Machine - BMD-printed paper ballots (and hand-marked absentee/provisional ballots) tabulated by optical scan; uniform statewide system,Dominion Voting Systems (now Liberty Vote),Democracy Suite 5.5-A,ImageCast X ballot-marking devices with printers; ImageCast Precinct scanners; ImageCast Central scanners (state-supplied; per-county counts not published),
Lowndes,13185,https://www.lowndescounty.com/,Election Supervisor,Deb Cox,,"P.O. Box 10130, Valdosta, GA 31604",(229) 671-2850,elections@lowndescountyga.gov,Chief Registrar,Deb Cox,(229) 671-2850,elections@lowndescountyga.gov,https://www.lowndescounty.com/221/Elections-Voting,no,https://sos.ga.gov/page/order-voter-registration-lists-and-files,No voter-list download found on the county site. The Georgia SOS sells the county voter list ($70; statewide $485) through its online store; county registrars may also furnish voter data under the Georgia Open Records Act (O.C.G.A. 50-18-70 et seq.).,https://www.lowndescounty.com/221/Elections-Voting,https://results.sos.ga.gov/results/public/Georgia,Clarity ENR (archived); SOS results portal,,,,,,,,,,,,,automated crawl,,"Ballot images uploaded by the county to the SOS Ballot Image Library (ballotimages.sos.ga.gov) for 8 elections from the Nov 5, 2024 General Election onward.",,"No online request portal found on the county site. Submit a written Open Records Act request (O.C.G.A. 50-18-71) by mail, email or in person to the county's open records officer - for election records, the election supervisor Deb Cox, P.O. Box 10130, Valdosta, GA 31604, (229) 671-2850, elections@lowndescountyga.gov.",Machine - BMD-printed paper ballots (and hand-marked absentee/provisional ballots) tabulated by optical scan; uniform statewide system,Dominion Voting Systems (now Liberty Vote),Democracy Suite 5.5-A,ImageCast X ballot-marking devices with printers; ImageCast Precinct scanners; ImageCast Central scanners (state-supplied; per-county counts not published),
Lumpkin,13187,https://www.lumpkincounty.gov/,Election Supervisor,Ashley Peck,"56 Short Street, Dahlonega, GA 30533","56 Short Street, Dahlonega, GA 30533",(706) 864-6279,elections@lumpkincounty.gov,Chief Registrar,Ashley Peck,(706) 864-6279,elections@lumpkincounty.gov,https://www.lumpkincounty.gov/416/Board-of-Elections-Registration,no,https://sos.ga.gov/page/order-voter-registration-lists-and-files,No voter-list download found on the county site. The Georgia SOS sells the county voter list ($70; statewide $485) through its online store; county registrars may also furnish voter data under the Georgia Open Records Act (O.C.G.A. 50-18-70 et seq.).,https://www.lumpkincounty.gov/416/Board-of-Elections-Registration,https://www.lumpkincounty.gov/416/Board-of-Elections-Registration,,2026,,2026,,,,,,,,,,automated crawl,https://www.lumpkincounty.gov/DocumentCenter/View/4529/11425-Reconciliation-Report http://www.lumpkincounty.gov/DocumentCenter/View/4529/11425-Reconciliation-Report,"Ballot images uploaded by the county to the SOS Ballot Image Library (ballotimages.sos.ga.gov) for 6 elections from the Nov 5, 2024 General Election onward.",https://lumpkincountyga.nextrequest.com/,County online records-request portal (found at the portal vendor's standard county address; the page names the county),Machine - BMD-printed paper ballots (and hand-marked absentee/provisional ballots) tabulated by optical scan; uniform statewide system,Dominion Voting Systems (now Liberty Vote),Democracy Suite 5.5-A,ImageCast X ballot-marking devices with printers; ImageCast Precinct scanners; ImageCast Central scanners (state-supplied; per-county counts not published),
Macon,13193,https://www.maconcountyga.gov/,Election Supervisor,Tarshea Fudge Riley,"100 Macon St, Oglethrope, GA 31068","P.O. Box 415, Oglethrope, GA 31068",(478) 472-8520,elections@maconcountyga.gov,Chief Registrar,Lamonica Porter,(478) 472-8520,elections@maconcountyga.gov,https://www.maconcountyga.gov/board-of-elections-and-registration,no,https://sos.ga.gov/page/order-voter-registration-lists-and-files,No voter-list download found on the county site. The Georgia SOS sells the county voter list ($70; statewide $485) through its online store; county registrars may also furnish voter data under the Georgia Open Records Act (O.C.G.A. 50-18-70 et seq.).,https://www.maconcountyga.gov/board-of-elections-and-registration,https://results.sos.ga.gov/results/public/Georgia,SOS results portal,,,,,,,,,,,,,automated crawl,,"Ballot images uploaded by the county to the SOS Ballot Image Library (ballotimages.sos.ga.gov) for 6 elections from the Nov 5, 2024 General Election onward.",https://www.maconcountyga.gov/open-records-request.cfm,County online portal / request page,Machine - BMD-printed paper ballots (and hand-marked absentee/provisional ballots) tabulated by optical scan; uniform statewide system,Dominion Voting Systems (now Liberty Vote),Democracy Suite 5.5-A,ImageCast X ballot-marking devices with printers; ImageCast Precinct scanners; ImageCast Central scanners (state-supplied; per-county counts not published),
Madison,13195,https://www.madisoncountyga.us/,Election Supervisor,Tracy E. Dean,,"P.O. Box 328, Danielsville, GA 30633",(706) 795-6335,tdean@madisonco.us,Chief Registrar,Tracy E. Dean,(706) 795-6335,tdean@madisonco.us,http://www.mcelections.net/,no,https://sos.ga.gov/page/order-voter-registration-lists-and-files,No voter-list download found on the county site. The Georgia SOS sells the county voter list ($70; statewide $485) through its online store; county registrars may also furnish voter data under the Georgia Open Records Act (O.C.G.A. 50-18-70 et seq.).,http://www.mcelections.net/,https://results.sos.ga.gov/results/public/Georgia,SOS results portal,,,,,,,,,,,,,automated crawl,,"Ballot images uploaded by the county to the SOS Ballot Image Library (ballotimages.sos.ga.gov) for 6 elections from the Nov 5, 2024 General Election onward.",,"No online request portal found on the county site. Submit a written Open Records Act request (O.C.G.A. 50-18-71) by mail, email or in person to the county's open records officer - for election records, the election supervisor Tracy E. Dean, P.O. Box 328, Danielsville, GA 30633, (706) 795-6335, tdean@madisonco.us.",Machine - BMD-printed paper ballots (and hand-marked absentee/provisional ballots) tabulated by optical scan; uniform statewide system,Dominion Voting Systems (now Liberty Vote),Democracy Suite 5.5-A,ImageCast X ballot-marking devices with printers; ImageCast Precinct scanners; ImageCast Central scanners (state-supplied; per-county counts not published),
Marion,13197,https://www.marioncountyga.org/,Election Supervisor,Tiffany Harris,"100 E Burkhalter Av, Buena Vista, GA 31803-0444","P.O. Box 444, Buena Vista, GA 31803-0444",(229) 649-9838,marioncountyelect@gmail.com,Chief Registrar,Tiffany Harris,(229) 649-9838,marioncountyelect@gmail.com,https://www.marioncountyga.org/by-department/elections-and-registration/,no,https://sos.ga.gov/page/order-voter-registration-lists-and-files,No voter-list download found on the county site. The Georgia SOS sells the county voter list ($70; statewide $485) through its online store; county registrars may also furnish voter data under the Georgia Open Records Act (O.C.G.A. 50-18-70 et seq.).,https://www.marioncountyga.org/by-department/elections-and-registration/,https://results.sos.ga.gov/results/public/Georgia,SOS results portal,,,,,,,,,,,,,automated crawl,,"Ballot images uploaded by the county to the SOS Ballot Image Library (ballotimages.sos.ga.gov) for 6 elections from the Nov 5, 2024 General Election onward.",,"No online request portal found on the county site. Submit a written Open Records Act request (O.C.G.A. 50-18-71) by mail, email or in person to the county's open records officer - for election records, the election supervisor Tiffany Harris, P.O. Box 444, Buena Vista, GA 31803-0444, (229) 649-9838, marioncountyelect@gmail.com.",Machine - BMD-printed paper ballots (and hand-marked absentee/provisional ballots) tabulated by optical scan; uniform statewide system,Dominion Voting Systems (now Liberty Vote),Democracy Suite 5.5-A,ImageCast X ballot-marking devices with printers; ImageCast Precinct scanners; ImageCast Central scanners (state-supplied; per-county counts not published),
McDuffie,13189,https://www.thomson-mcduffie.gov/,Election Supervisor,Phyllis P. Brooks,,"P.O. Box 600, Thomson, GA 30824-0600",(706) 595-2105,elections@thomson-mcduffie.gov,Chief Registrar,Phyllis P. Brooks,(706) 595-2105,elections@thomson-mcduffie.gov,https://www.thomson-mcduffie.gov/259/Elections-Registration,no,https://sos.ga.gov/page/order-voter-registration-lists-and-files,No voter-list download found on the county site. The Georgia SOS sells the county voter list ($70; statewide $485) through its online store; county registrars may also furnish voter data under the Georgia Open Records Act (O.C.G.A. 50-18-70 et seq.).,https://www.thomson-mcduffie.gov/259/Elections-Registration,https://results.sos.ga.gov/results/public/Georgia,SOS results portal,,,,,,,,,,,,,automated crawl,,"Ballot images uploaded by the county to the SOS Ballot Image Library (ballotimages.sos.ga.gov) for 7 elections from the Nov 5, 2024 General Election onward.",,"No online request portal found on the county site. Submit a written Open Records Act request (O.C.G.A. 50-18-71) by mail, email or in person to the county's open records officer - for election records, the election supervisor Phyllis P. Brooks, P.O. Box 600, Thomson, GA 30824-0600, (706) 595-2105, elections@thomson-mcduffie.gov.",Machine - BMD-printed paper ballots (and hand-marked absentee/provisional ballots) tabulated by optical scan; uniform statewide system,Dominion Voting Systems (now Liberty Vote),Democracy Suite 5.5-A,ImageCast X ballot-marking devices with printers; ImageCast Precinct scanners; ImageCast Central scanners (state-supplied; per-county counts not published),
McIntosh,13191,https://www.mcintoshcountyga.com/,Election Supervisor,Elenore L. Gale,"103 Jefferson Street, Darien, GA 31305-0571","P.O. Box 1987, Darien, GA 31305-0571",9124376605,egale@darientel.net,Chief Registrar,Elenore L. Gale,9124376605,egale@darientel.net,https://www.mcintoshcountyga.com/247/Board-of-Elections,no,https://sos.ga.gov/page/order-voter-registration-lists-and-files,No voter-list download found on the county site. The Georgia SOS sells the county voter list ($70; statewide $485) through its online store; county registrars may also furnish voter data under the Georgia Open Records Act (O.C.G.A. 50-18-70 et seq.).,https://www.mcintoshcountyga.com/247/Board-of-Elections,https://www.mcintoshcountyga.com/247/Board-of-Elections,,2026,,,,,,,,,,,,automated crawl,,"Ballot images uploaded by the county to the SOS Ballot Image Library (ballotimages.sos.ga.gov) for 5 elections from the Nov 5, 2024 General Election onward.",https://www.mcintoshcountyga.com/261/Georgia-Open-Records-Request,County online portal / request page,Machine - BMD-printed paper ballots (and hand-marked absentee/provisional ballots) tabulated by optical scan; uniform statewide system,Dominion Voting Systems (now Liberty Vote),Democracy Suite 5.5-A,ImageCast X ballot-marking devices with printers; ImageCast Precinct scanners; ImageCast Central scanners (state-supplied; per-county counts not published),
Meriwether,13199,https://www.meriwethercountyga.gov/,Election Supervisor,Patty A. Threadgill,,"P.O. Box 219, Greenville, GA 30222",(706) 672-9433,p.threadgill@meriwethercountyga.gov,Chief Registrar,Patty A. Threadgill,(706) 672-9433,p.threadgill@meriwethercountyga.gov,https://www.meriwethercountyga.gov/385/Elections,no,https://sos.ga.gov/page/order-voter-registration-lists-and-files,No voter-list download found on the county site. The Georgia SOS sells the county voter list ($70; statewide $485) through its online store; county registrars may also furnish voter data under the Georgia Open Records Act (O.C.G.A. 50-18-70 et seq.).,https://www.meriwethercountyga.gov/385/Elections,https://www.meriwethercountyga.gov/385/Elections,,2024-2025; undated,,,,,,,,,,,,automated crawl,,"Ballot images uploaded by the county to the SOS Ballot Image Library (ballotimages.sos.ga.gov) for 7 elections from the Nov 5, 2024 General Election onward.",https://meriwethercountyga.nextrequest.com/,County online portal / request page,Machine - BMD-printed paper ballots (and hand-marked absentee/provisional ballots) tabulated by optical scan; uniform statewide system,Dominion Voting Systems (now Liberty Vote),Democracy Suite 5.5-A,ImageCast X ballot-marking devices with printers; ImageCast Precinct scanners; ImageCast Central scanners (state-supplied; per-county counts not published),
Miller,13201,https://millercountyga.gov/,Election Supervisor,Jerry Calhoun,"155 S 1st St, Suite 113, Colquitt, GA 39836-3605","155 S 1st St, Suite 113, Colquitt, GA 39836-3605",(229) 758-4118,millercoregistrar@gmail.com,Chief Registrar,Jerry Calhoun,(229) 758-4118,millercoregistrar@gmail.com,https://mvp.sos.ga.gov/s/county-election-offices?page=countyelectionoffice&county=MILLER,no,https://sos.ga.gov/page/order-voter-registration-lists-and-files,No voter-list download found on the county site. The Georgia SOS sells the county voter list ($70; statewide $485) through its online store; county registrars may also furnish voter data under the Georgia Open Records Act (O.C.G.A. 50-18-70 et seq.).,https://mvp.sos.ga.gov/s/county-election-offices?page=countyelectionoffice&county=MILLER,https://results.sos.ga.gov/results/public/Georgia,SOS results portal,,,,,,,,,,,,,automated crawl,,"No county elections page found; elections_url points to the SOS County Election Offices listing. Ballot images uploaded by the county to the SOS Ballot Image Library (ballotimages.sos.ga.gov) for 7 elections from the Nov 5, 2024 General Election onward.",https://millercountyga.gov/documents/OpenRecordsRequestForm.pdf,Download the county Open Records Request form (PDF) from the county site and submit it to the county,Machine - BMD-printed paper ballots (and hand-marked absentee/provisional ballots) tabulated by optical scan; uniform statewide system,Dominion Voting Systems (now Liberty Vote),Democracy Suite 5.5-A,ImageCast X ballot-marking devices with printers; ImageCast Precinct scanners; ImageCast Central scanners (state-supplied; per-county counts not published),
Mitchell,13205,https://www.mitchellcountyga.net/,Election Supervisor,Georgianna Grainger,"32 N Court Ave, Camilla, GA 31703","P.O. Box 1009, Camilla, GA 31703",,bdiehl@mitchellcountyga.net,Chief Registrar,Brook Diehl,,bdiehl@mitchellcountyga.net,https://www.mitchellcountyga.net/board-of-elections-registration/,no,https://sos.ga.gov/page/order-voter-registration-lists-and-files,No voter-list download found on the county site. The Georgia SOS sells the county voter list ($70; statewide $485) through its online store; county registrars may also furnish voter data under the Georgia Open Records Act (O.C.G.A. 50-18-70 et seq.).,https://www.mitchellcountyga.net/board-of-elections-registration/,https://results.sos.ga.gov/results/public/Georgia,SOS results portal,,,,,,,,,,,,,automated crawl,,"Ballot images uploaded by the county to the SOS Ballot Image Library (ballotimages.sos.ga.gov) for 4 elections from the Nov 5, 2024 General Election onward.",,"No online request portal found on the county site. Submit a written Open Records Act request (O.C.G.A. 50-18-71) by mail, email or in person to the county's open records officer - for election records, the election supervisor Georgianna Grainger, P.O. Box 1009, Camilla, GA 31703, None, bdiehl@mitchellcountyga.net.",Machine - BMD-printed paper ballots (and hand-marked absentee/provisional ballots) tabulated by optical scan; uniform statewide system,Dominion Voting Systems (now Liberty Vote),Democracy Suite 5.5-A,ImageCast X ballot-marking devices with printers; ImageCast Precinct scanners; ImageCast Central scanners (state-supplied; per-county counts not published),
Monroe,13207,https://www.monroecoga.org/,Election Supervisor,April Dumas,"479 Holiday Circle, Forsyth, GA 31029","479 Holiday Circle, Forsyth, GA 31029",(478) 994-7622,adumas@monroecoga.org,Chief Registrar,April Dumas,(478) 994-7622,adumas@monroecoga.org,https://www.monroecogaelections.com/,no,https://sos.ga.gov/page/order-voter-registration-lists-and-files,No voter-list download found on the county site. The Georgia SOS sells the county voter list ($70; statewide $485) through its online store; county registrars may also furnish voter data under the Georgia Open Records Act (O.C.G.A. 50-18-70 et seq.).,https://www.monroecogaelections.com/,https://results.sos.ga.gov/results/public/Georgia,SOS results portal,,,,,,,,,,,,,automated crawl,,"Ballot images uploaded by the county to the SOS Ballot Image Library (ballotimages.sos.ga.gov) for 8 elections from the Nov 5, 2024 General Election onward.",,"No online request portal found on the county site. Submit a written Open Records Act request (O.C.G.A. 50-18-71) by mail, email or in person to the county's open records officer - for election records, the election supervisor April Dumas, 479 Holiday Circle, Forsyth, GA 31029, (478) 994-7622, adumas@monroecoga.org.",Machine - BMD-printed paper ballots (and hand-marked absentee/provisional ballots) tabulated by optical scan; uniform statewide system,Dominion Voting Systems (now Liberty Vote),Democracy Suite 5.5-A,ImageCast X ballot-marking devices with printers; ImageCast Precinct scanners; ImageCast Central scanners (state-supplied; per-county counts not published),
Montgomery,13209,https://www.montcoga.gov/,Election Supervisor,Sheila F. Cheek,"251 S Richardson Street, Mount Vernon, GA 30445","P.O. Box 363, Mount Vernon, GA 30445",(912) 583-2580,scheek@montco.ga.gov,Chief Registrar,Sheila F. Cheek,(912) 583-2580,scheek@montcoga.gov,https://www.montcoga.gov/elections,no,https://sos.ga.gov/page/order-voter-registration-lists-and-files,No voter-list download found on the county site. The Georgia SOS sells the county voter list ($70; statewide $485) through its online store; county registrars may also furnish voter data under the Georgia Open Records Act (O.C.G.A. 50-18-70 et seq.).,https://www.montcoga.gov/elections,https://results.sos.ga.gov/results/public/Georgia,SOS results portal,,,,,,,,,,,,,browser check (site blocks scripted requests); no results or records posted,,"Ballot images uploaded by the county to the SOS Ballot Image Library (ballotimages.sos.ga.gov) for 7 elections from the Nov 5, 2024 General Election onward.",,"No online request portal found on the county site. Submit a written Open Records Act request (O.C.G.A. 50-18-71) by mail, email or in person to the county's open records officer - for election records, the election supervisor Sheila F. Cheek, P.O. Box 363, Mount Vernon, GA 30445, (912) 583-2580, scheek@montco.ga.gov.",Machine - BMD-printed paper ballots (and hand-marked absentee/provisional ballots) tabulated by optical scan; uniform statewide system,Dominion Voting Systems (now Liberty Vote),Democracy Suite 5.5-A,ImageCast X ballot-marking devices with printers; ImageCast Precinct scanners; ImageCast Central scanners (state-supplied; per-county counts not published),
Morgan,13211,https://www.morgancountyga.gov/,Election Supervisor,Jennifer Doran,"237 North 2nd Street, Madison, GA 30650","237 North 2nd Street, Madison, GA 30650",(706) 343-6311,jennifer.doran@morgancountyga.gov,Chief Registrar,Jennifer Doran,(706) 343-6311,absentee@morgancountyga.gov,https://www.morgancountyga.gov/111/Elections-Registration,no,https://sos.ga.gov/page/order-voter-registration-lists-and-files,No voter-list download found on the county site. The Georgia SOS sells the county voter list ($70; statewide $485) through its online store; county registrars may also furnish voter data under the Georgia Open Records Act (O.C.G.A. 50-18-70 et seq.).,https://www.morgancountyga.gov/111/Elections-Registration,https://morgancountyga.gov/383/Election-Results,SOS results portal,2025-2026; undated,,,,,,,,,,,,automated crawl,,"Ballot images uploaded by the county to the SOS Ballot Image Library (ballotimages.sos.ga.gov) for 9 elections from the Nov 5, 2024 General Election onward.",https://morgancountyga.gov/FormCenter/BOC-Forms-10/Open-Records-Request-Form-45,County online portal / request page,Machine - BMD-printed paper ballots (and hand-marked absentee/provisional ballots) tabulated by optical scan; uniform statewide system,Dominion Voting Systems (now Liberty Vote),Democracy Suite 5.5-A,ImageCast X ballot-marking devices with printers; ImageCast Precinct scanners; ImageCast Central scanners (state-supplied; per-county counts not published),
Murray,13213,https://www.murraycountyga.org/,Election Supervisor,Jenny Fraker,"121 N 4th Ave, Chatsworth, GA 30705","P.O. Box 1015, Chatsworth, GA 30705",(706) 517-1400,jfraker@murraycountyga.gov,Chief Registrar,Jenny Fraker,(706) 517-1400,jfraker@murraycountyga.gov,https://www.murraycountyga.org/653/Board-of-Elections,no,https://sos.ga.gov/page/order-voter-registration-lists-and-files,No voter-list download found on the county site. The Georgia SOS sells the county voter list ($70; statewide $485) through its online store; county registrars may also furnish voter data under the Georgia Open Records Act (O.C.G.A. 50-18-70 et seq.).,https://www.murraycountyga.org/653/Board-of-Elections,https://results.sos.ga.gov/results/public/Georgia,SOS results portal,,,,,,,,,,,,,automated crawl,,"Ballot images uploaded by the county to the SOS Ballot Image Library (ballotimages.sos.ga.gov) for 8 elections from the Nov 5, 2024 General Election onward.",https://www.murraycountyga.org/127/Open-Records,County online portal / request page,Machine - BMD-printed paper ballots (and hand-marked absentee/provisional ballots) tabulated by optical scan; uniform statewide system,Dominion Voting Systems (now Liberty Vote),Democracy Suite 5.5-A,ImageCast X ballot-marking devices with printers; ImageCast Precinct scanners; ImageCast Central scanners (state-supplied; per-county counts not published),
Muscogee,13215,https://www.columbusga.gov/,Election Supervisor,Nancy P. Boren,,"P.O. Box 1340, Columbus, GA 31902-1340",7066534392,muscogeeelectionsandregistration@columbusga.gov,Chief Registrar,Nancy P. Boren,7066534392,muscogeeelectionsandregistration@columbusga.gov,https://columbusga.gov/elections,no,https://sos.ga.gov/page/order-voter-registration-lists-and-files,No voter-list download found on the county site. The Georgia SOS sells the county voter list ($70; statewide $485) through its online store; county registrars may also furnish voter data under the Georgia Open Records Act (O.C.G.A. 50-18-70 et seq.).,https://columbusga.gov/elections,https://results.sos.ga.gov/results/public/Georgia,SOS results portal,,,,,,,,,,,,,automated crawl,,"Ballot images uploaded by the county to the SOS Ballot Image Library (ballotimages.sos.ga.gov) for 5 elections from the Nov 5, 2024 General Election onward.",,"No online request portal found on the county site. Submit a written Open Records Act request (O.C.G.A. 50-18-71) by mail, email or in person to the county's open records officer - for election records, the election supervisor Nancy P. Boren, P.O. Box 1340, Columbus, GA 31902-1340, 7066534392, muscogeeelectionsandregistration@columbusga.gov.",Machine - BMD-printed paper ballots (and hand-marked absentee/provisional ballots) tabulated by optical scan; uniform statewide system,Dominion Voting Systems (now Liberty Vote),Democracy Suite 5.5-A,ImageCast X ballot-marking devices with printers; ImageCast Precinct scanners; ImageCast Central scanners (state-supplied; per-county counts not published),
Newton,13217,https://www.newtoncountyga.gov/,Election Supervisor,Angela White-Davis,,"P.O. Box 1274, Covington, GA 30014",(770) 784-2055,elections@newtoncountyga.gov,Chief Registrar,Angela White-Davis,(770) 784-2055,elections@newtoncountyga.gov,https://www.newtoncountyga.gov/167/Board-of-Elections-Registration,no,https://sos.ga.gov/page/order-voter-registration-lists-and-files,No voter-list download found on the county site. The Georgia SOS sells the county voter list ($70; statewide $485) through its online store; county registrars may also furnish voter data under the Georgia Open Records Act (O.C.G.A. 50-18-70 et seq.).,https://www.newtoncountyga.gov/167/Board-of-Elections-Registration,https://www.newtoncountyga.gov/174/Election-Results,,2020-2026,2024,"2024, 2026",,,,,,,"2022, 2024",,,"browser check (site blocks scripted requests); results page lists summary/SOVC per election, CVR exports (Nov and Dec 2022, Nov 2024), certification and reconciliation reports",https://www.newtoncountyga.gov/DocumentCenter/View/6055 https://www.newtoncountyga.gov/DocumentCenter/View/6056 https://www.newtoncountyga.gov/DocumentCenter/View/6896,"Ballot images uploaded by the county to the SOS Ballot Image Library (ballotimages.sos.ga.gov) for 7 elections from the Nov 5, 2024 General Election onward.",https://www.newtoncountyga.gov/FormCenter/County-Clerk-5/Open-Records-Request-Form-47,County online portal / request page,Machine - BMD-printed paper ballots (and hand-marked absentee/provisional ballots) tabulated by optical scan; uniform statewide system,Dominion Voting Systems (now Liberty Vote),Democracy Suite 5.5-A,ImageCast X ballot-marking devices with printers; ImageCast Precinct scanners; ImageCast Central scanners (state-supplied; per-county counts not published),
Oconee,13219,https://www.oconeecountyga.gov/,Election Supervisor,Sharon Gregg,"7635 Macon HWY, Suite 200, Watkinsville, GA 30677","7635 Macon HWY, Suite 200, Watkinsville, GA 30677",(706) 769-3958,sgregg@oconee.ga.us,Chief Registrar,Jennifer Stone,(706) 769-3958,jstone@oconee.ga.us,https://www.oconeecountyga.gov/319/Board-of-Elections,no,https://sos.ga.gov/page/order-voter-registration-lists-and-files,No voter-list download found on the county site. The Georgia SOS sells the county voter list ($70; statewide $485) through its online store; county registrars may also furnish voter data under the Georgia Open Records Act (O.C.G.A. 50-18-70 et seq.).,https://www.oconeecountyga.gov/319/Board-of-Elections,https://www.oconeecountyga.gov/Archive.aspx?AMID=51,,2020-2026; undated,,,,,,,,,undated,,,automated crawl,https://www.oconeecountyga.gov/DocumentCenter/View/23054/CVR_Export_051926---Redactedcsv https://www.oconeecountyga.gov/DocumentCenter/View/23049/CVR_Export_051926---Recount---Redactedcsv https://www.oconeecountyga.gov/DocumentCenter/View/23050/CVR_Export_061626---Redactedcsv,"Ballot images uploaded by the county to the SOS Ballot Image Library (ballotimages.sos.ga.gov) for 7 elections from the Nov 5, 2024 General Election onward.",https://www.oconeecountyga.gov/1727/Open-Records-Requests,County online portal / request page,Machine - BMD-printed paper ballots (and hand-marked absentee/provisional ballots) tabulated by optical scan; uniform statewide system,Dominion Voting Systems (now Liberty Vote),Democracy Suite 5.5-A,ImageCast X ballot-marking devices with printers; ImageCast Precinct scanners; ImageCast Central scanners (state-supplied; per-county counts not published),
Oglethorpe,13221,https://www.oglethorpecountyga.gov/,Election Supervisor,Marilyn Huff-Waller,"41 Fairground Road, Lexington, GA 30648","P.O. Box 190, Lexington, GA 30648",(706) 743-8954,mwaller@oglethorpecountyga.gov,Chief Registrar,Steve McCannon,(706) 743-8954,mwaller@oglethorpecountyga.gov,https://www.oglethorpecountyga.gov/elections,no,https://sos.ga.gov/page/order-voter-registration-lists-and-files,No voter-list download found on the county site. The Georgia SOS sells the county voter list ($70; statewide $485) through its online store; county registrars may also furnish voter data under the Georgia Open Records Act (O.C.G.A. 50-18-70 et seq.).,https://www.oglethorpecountyga.gov/elections,https://results.sos.ga.gov/results/public/Georgia,SOS results portal,,,,,,,,,,,,,automated crawl,,"Ballot images uploaded by the county to the SOS Ballot Image Library (ballotimages.sos.ga.gov) for 4 elections from the Nov 5, 2024 General Election onward.",https://oglethorpecountyga.nextrequest.com/,County online records-request portal (found at the portal vendor's standard county address; the page names the county),Machine - BMD-printed paper ballots (and hand-marked absentee/provisional ballots) tabulated by optical scan; uniform statewide system,Dominion Voting Systems (now Liberty Vote),Democracy Suite 5.5-A,ImageCast X ballot-marking devices with printers; ImageCast Precinct scanners; ImageCast Central scanners (state-supplied; per-county counts not published),
Paulding,13223,https://www.paulding.gov/,Election Supervisor,Deidre B. Holden,"240 Constitution Blvd, 1st Floor, Watson Government Complex, Dallas, GA 30132","240 Constitution Blvd, 1st Floor, Watson Government Complex, Dallas, GA 30132",(770) 443-7503,ldunn@paulding.gov,Chief Registrar,Deidre B. Holden,(770) 443-7503,deidre.holden@paulding.gov,https://www.paulding.gov/216/Elections-Voter-Registration,no,https://sos.ga.gov/page/order-voter-registration-lists-and-files,No voter-list download found on the county site. The Georgia SOS sells the county voter list ($70; statewide $485) through its online store; county registrars may also furnish voter data under the Georgia Open Records Act (O.C.G.A. 50-18-70 et seq.).,https://www.paulding.gov/216/Elections-Voter-Registration,https://www.paulding.gov/802/Past-Election-Results,SOS results portal,2020-2026; undated,,,,,,,,,,,,automated crawl,,"Ballot images uploaded by the county to the SOS Ballot Image Library (ballotimages.sos.ga.gov) for 8 elections from the Nov 5, 2024 General Election onward.",https://www.paulding.gov/1506/Elections-Open-Records-Request,County online portal / request page,Machine - BMD-printed paper ballots (and hand-marked absentee/provisional ballots) tabulated by optical scan; uniform statewide system,Dominion Voting Systems (now Liberty Vote),Democracy Suite 5.5-A,ImageCast X ballot-marking devices with printers; ImageCast Precinct scanners; ImageCast Central scanners (state-supplied; per-county counts not published),
Peach,13225,https://peachcounty.gov/,Election Supervisor,Anthony P. Sallette,"902 Campus Drive, Fort Valley, GA 31030","902 Campus Drive, Fort Valley, GA 31030",(478) 825-3514,anthony-sallette@peachcounty.gov,Chief Registrar,Anthony P. Sallette,(478) 825-3514,anthony-sallette@peachcounty.gov,https://peachcounty.gov/board-of-elections/,no,https://sos.ga.gov/page/order-voter-registration-lists-and-files,No voter-list download found on the county site. The Georgia SOS sells the county voter list ($70; statewide $485) through its online store; county registrars may also furnish voter data under the Georgia Open Records Act (O.C.G.A. 50-18-70 et seq.).,https://peachcounty.gov/board-of-elections/,https://peachcounty.gov/board-of-elections/,,2025-2026,,,,,,,,,,,,automated crawl,,"Ballot images uploaded by the county to the SOS Ballot Image Library (ballotimages.sos.ga.gov) for 8 elections from the Nov 5, 2024 General Election onward.",https://peachcounty.gov/county-clerk-and-administrators-office/open-records-request/,County online portal / request page,Machine - BMD-printed paper ballots (and hand-marked absentee/provisional ballots) tabulated by optical scan; uniform statewide system,Dominion Voting Systems (now Liberty Vote),Democracy Suite 5.5-A,ImageCast X ballot-marking devices with printers; ImageCast Precinct scanners; ImageCast Central scanners (state-supplied; per-county counts not published),
Pickens,13227,https://www.pickenscountyga.gov/,Election Supervisor,Stacey A. Godfrey,"3100 Camp Rd, Suite B, Jasper, GA 30143","3100 Camp Rd, Suite B, Jasper, GA 30143",(706) 253-8781,sagodfrey@pickenscountyga.gov,Chief Registrar,Stacey A. Godfrey,(706) 253-8781,msutton@pickenscountyga.gov,https://pickensgaelections.com/,no,https://sos.ga.gov/page/order-voter-registration-lists-and-files,No voter-list download found on the county site. The Georgia SOS sells the county voter list ($70; statewide $485) through its online store; county registrars may also furnish voter data under the Georgia Open Records Act (O.C.G.A. 50-18-70 et seq.).,https://pickensgaelections.com/,https://pickensgaelections.com/past-election-results,Clarity ENR (archived); SOS results portal,2024; undated,,,,,,,,,,,,automated crawl,,"Ballot images uploaded by the county to the SOS Ballot Image Library (ballotimages.sos.ga.gov) for 7 elections from the Nov 5, 2024 General Election onward.",,"No online request portal found on the county site. Submit a written Open Records Act request (O.C.G.A. 50-18-71) by mail, email or in person to the county's open records officer - for election records, the election supervisor Stacey A. Godfrey, 3100 Camp Rd, Suite B, Jasper, GA 30143, (706) 253-8781, sagodfrey@pickenscountyga.gov.",Machine - BMD-printed paper ballots (and hand-marked absentee/provisional ballots) tabulated by optical scan; uniform statewide system,Dominion Voting Systems (now Liberty Vote),Democracy Suite 5.5-A,ImageCast X ballot-marking devices with printers; ImageCast Precinct scanners; ImageCast Central scanners (state-supplied; per-county counts not published),
Pierce,13229,https://piercecountyga.gov/,Election Supervisor,Leah S. Ritch,"312 Nichols St., Suite 2, Blackshear, GA 31516","312 Nichols St., Suite 2, Blackshear, GA 31516",(912) 449-2028,leah.ritch@piercecountyga.gov,Chief Registrar,Matt Gardner,(912) 449-2028,elections@piercecountyga.gov,https://piercecountyga.gov/elections-voting-an-overview/,no,https://sos.ga.gov/page/order-voter-registration-lists-and-files,No voter-list download found on the county site. The Georgia SOS sells the county voter list ($70; statewide $485) through its online store; county registrars may also furnish voter data under the Georgia Open Records Act (O.C.G.A. 50-18-70 et seq.).,https://piercecountyga.gov/elections-voting-an-overview/,https://results.sos.ga.gov/results/public/Georgia,SOS results portal,,,,,,,,,,,,,automated crawl,,"Ballot images uploaded by the county to the SOS Ballot Image Library (ballotimages.sos.ga.gov) for 8 elections from the Nov 5, 2024 General Election onward.",,"No online request portal found on the county site. Submit a written Open Records Act request (O.C.G.A. 50-18-71) by mail, email or in person to the county's open records officer - for election records, the election supervisor Leah S. Ritch, 312 Nichols St., Suite 2, Blackshear, GA 31516, (912) 449-2028, leah.ritch@piercecountyga.gov.",Machine - BMD-printed paper ballots (and hand-marked absentee/provisional ballots) tabulated by optical scan; uniform statewide system,Dominion Voting Systems (now Liberty Vote),Democracy Suite 5.5-A,ImageCast X ballot-marking devices with printers; ImageCast Precinct scanners; ImageCast Central scanners (state-supplied; per-county counts not published),
Pike,13231,https://www.pikecoga.gov/,Election Supervisor,David Neyhart,,"P.O. Box 1032, Zebulon, GA 30295",(770) 567-2003,elections@pikecoga.gov,Chief Registrar,David Neyhart,(770) 567-2003,elections@pikecoga.gov,https://govote.pikecoga.gov/,no,https://sos.ga.gov/page/order-voter-registration-lists-and-files,No voter-list download found on the county site. The Georgia SOS sells the county voter list ($70; statewide $485) through its online store; county registrars may also furnish voter data under the Georgia Open Records Act (O.C.G.A. 50-18-70 et seq.).,https://govote.pikecoga.gov/,https://results.sos.ga.gov/results/public/Georgia,SOS results portal,,,,,,,,,,,,,automated crawl,,"Ballot images uploaded by the county to the SOS Ballot Image Library (ballotimages.sos.ga.gov) for 7 elections from the Nov 5, 2024 General Election onward.",,"No online request portal found on the county site. Submit a written Open Records Act request (O.C.G.A. 50-18-71) by mail, email or in person to the county's open records officer - for election records, the election supervisor David Neyhart, P.O. Box 1032, Zebulon, GA 30295, (770) 567-2003, elections@pikecoga.gov.",Machine - BMD-printed paper ballots (and hand-marked absentee/provisional ballots) tabulated by optical scan; uniform statewide system,Dominion Voting Systems (now Liberty Vote),Democracy Suite 5.5-A,ImageCast X ballot-marking devices with printers; ImageCast Precinct scanners; ImageCast Central scanners (state-supplied; per-county counts not published),
Polk,13233,https://www.polkga.org/,Election Supervisor,Noah A. Beck,"144 West Avenue, D, Cedartown, GA 30125","144 West Avenue, D, Cedartown, GA 30125",(770) 749-2103,gmiller@polkga.org,Chief Registrar,Noah B. Beck,(770) 749-2103,nbeck@polkga.org,https://www.polkga.org/departments/elections_office/,no,https://sos.ga.gov/page/order-voter-registration-lists-and-files,No voter-list download found on the county site. The Georgia SOS sells the county voter list ($70; statewide $485) through its online store; county registrars may also furnish voter data under the Georgia Open Records Act (O.C.G.A. 50-18-70 et seq.).,https://www.polkga.org/departments/elections_office/,https://www.polkga.org/departments/elections_office/,,2024-2026; undated,,,,,,,,,,,,automated crawl,,"Ballot images uploaded by the county to the SOS Ballot Image Library (ballotimages.sos.ga.gov) for 7 elections from the Nov 5, 2024 General Election onward.",https://polkcountyga.nextrequest.com/,County online portal / request page,Machine - BMD-printed paper ballots (and hand-marked absentee/provisional ballots) tabulated by optical scan; uniform statewide system,Dominion Voting Systems (now Liberty Vote),Democracy Suite 5.5-A,ImageCast X ballot-marking devices with printers; ImageCast Precinct scanners; ImageCast Central scanners (state-supplied; per-county counts not published),
Pulaski,13235,https://hawkinsville-pulaski.org/,Election Supervisor,Kenzie Mashburn,"45 South Lumpkin Street, 113, Hawkinsville, GA 31036","P.O. Box 1375, Hawkinsville, GA 31036",(478) 783-0828,vote@pulaskico.com,Chief Registrar,Nancy J. Wall,(478) 783-0828,vote@pulaskico.com,https://hawkinsville-pulaski.org/departments/elections-registrations/,no,https://sos.ga.gov/page/order-voter-registration-lists-and-files,No voter-list download found on the county site. The Georgia SOS sells the county voter list ($70; statewide $485) through its online store; county registrars may also furnish voter data under the Georgia Open Records Act (O.C.G.A. 50-18-70 et seq.).,https://hawkinsville-pulaski.org/departments/elections-registrations/,https://hawkinsville-pulaski.org/departments/elections-registrations/,,"2023, 2026",,,,,,,,,,,,automated crawl,,"Ballot images uploaded by the county to the SOS Ballot Image Library (ballotimages.sos.ga.gov) for 7 elections from the Nov 5, 2024 General Election onward.",,"No online request portal found on the county site. Submit a written Open Records Act request (O.C.G.A. 50-18-71) by mail, email or in person to the county's open records officer - for election records, the election supervisor Kenzie Mashburn, P.O. Box 1375, Hawkinsville, GA 31036, (478) 783-0828, vote@pulaskico.com.",Machine - BMD-printed paper ballots (and hand-marked absentee/provisional ballots) tabulated by optical scan; uniform statewide system,Dominion Voting Systems (now Liberty Vote),Democracy Suite 5.5-A,ImageCast X ballot-marking devices with printers; ImageCast Precinct scanners; ImageCast Central scanners (state-supplied; per-county counts not published),
Putnam,13237,https://www.putnamcountyga.us/,Election Supervisor,Kimberly Rudolph,"117 Putnam Dr, Suite D, Eatonton, GA 31024","117 Putnam Dr, Suite D, Eatonton, GA 31024",(706) 485-8683,krudolph@ber.putnam-ga.gov,Chief Registrar,Kimberly Rudolph,(706) 485-8683,krudolph@ber.putnam-ga.gov,https://ber.putnam-ga.gov/election-info/,no,https://sos.ga.gov/page/order-voter-registration-lists-and-files,No voter-list download found on the county site. The Georgia SOS sells the county voter list ($70; statewide $485) through its online store; county registrars may also furnish voter data under the Georgia Open Records Act (O.C.G.A. 50-18-70 et seq.).,https://ber.putnam-ga.gov/election-info/,https://ber.putnam-ga.gov/past-election-results-and-notices/,SOS results portal,"2022-2024, 2026; undated",,,,,,,,,,,,automated crawl,,"Ballot images uploaded by the county to the SOS Ballot Image Library (ballotimages.sos.ga.gov) for 7 elections from the Nov 5, 2024 General Election onward.",https://putnamcountyga.nextrequest.com/,County online portal / request page,Machine - BMD-printed paper ballots (and hand-marked absentee/provisional ballots) tabulated by optical scan; uniform statewide system,Dominion Voting Systems (now Liberty Vote),Democracy Suite 5.5-A,ImageCast X ballot-marking devices with printers; ImageCast Precinct scanners; ImageCast Central scanners (state-supplied; per-county counts not published),
Quitman,13239,https://www.gqc-ga.org/,Election Supervisor,Joyce Jones,,"P.O. Box 447, Georgetown, GA 39854",,q.registrar@gqc-ga.org,Chief Registrar,Alma Willis,,q.registrar@gqc-ga.org,https://www.gqc-ga.org/home/government/elections-and-voter-registration/,no,https://sos.ga.gov/page/order-voter-registration-lists-and-files,No voter-list download found on the county site. The Georgia SOS sells the county voter list ($70; statewide $485) through its online store; county registrars may also furnish voter data under the Georgia Open Records Act (O.C.G.A. 50-18-70 et seq.).,https://www.gqc-ga.org/home/government/elections-and-voter-registration/,https://results.sos.ga.gov/results/public/Georgia,SOS results portal,,,,,,,,,,,,,automated crawl,,"Ballot images uploaded by the county to the SOS Ballot Image Library (ballotimages.sos.ga.gov) for 6 elections from the Nov 5, 2024 General Election onward.",,"No online request portal found on the county site. Submit a written Open Records Act request (O.C.G.A. 50-18-71) by mail, email or in person to the county's open records officer - for election records, the election supervisor Joyce Jones, P.O. Box 447, Georgetown, GA 39854, None, q.registrar@gqc-ga.org.",Machine - BMD-printed paper ballots (and hand-marked absentee/provisional ballots) tabulated by optical scan; uniform statewide system,Dominion Voting Systems (now Liberty Vote),Democracy Suite 5.5-A,ImageCast X ballot-marking devices with printers; ImageCast Precinct scanners; ImageCast Central scanners (state-supplied; per-county counts not published),
Rabun,13241,https://www.rabuncounty.ga.gov/,Election Supervisor,Tammy Whitmire,"184 S. Main St., Suite 102, Clayton, GA 30525","184 S. Main St., Suite 102, Clayton, GA 30525",(706) 782-1878,twhitmire@rabuncounty.ga.gov,Chief Registrar,Tammy Whitmire,(706) 782-1878,twhitmire@rabuncounty.ga.gov,https://www.rabuncounty.ga.gov/elections,no,https://sos.ga.gov/page/order-voter-registration-lists-and-files,No voter-list download found on the county site. The Georgia SOS sells the county voter list ($70; statewide $485) through its online store; county registrars may also furnish voter data under the Georgia Open Records Act (O.C.G.A. 50-18-70 et seq.).,https://www.rabuncounty.ga.gov/elections,https://www.rabuncounty.ga.gov/elections/page/official-and-complete-reports,,2022-2024,,2025,,,,,,,,2024-2025,,"browser check (site intermittently blocks scripted requests); official & complete summary reports page and a Ballot Images page (Nov 2024 images via Dropbox link, June and Nov 2025 image files)",https://www.rabuncounty.ga.gov/media/3116 https://www.rabuncounty.ga.gov/media/3281,"Ballot images uploaded by the county to the SOS Ballot Image Library (ballotimages.sos.ga.gov) for 6 elections from the Nov 5, 2024 General Election onward.",,"No online request portal found on the county site. Submit a written Open Records Act request (O.C.G.A. 50-18-71) by mail, email or in person to the county's open records officer - for election records, the election supervisor Tammy Whitmire, 184 S. Main St., Suite 102, Clayton, GA 30525, (706) 782-1878, twhitmire@rabuncounty.ga.gov.",Machine - BMD-printed paper ballots (and hand-marked absentee/provisional ballots) tabulated by optical scan; uniform statewide system,Dominion Voting Systems (now Liberty Vote),Democracy Suite 5.5-A,ImageCast X ballot-marking devices with printers; ImageCast Precinct scanners; ImageCast Central scanners (state-supplied; per-county counts not published),
Randolph,13243,https://www.randolphcountyga.com/,Election Supervisor,Todd A. Black,,"P.O. Box 532, Cuthbert, GA 39840",(229) 732-5220,vote@boerandolphcountyga.gov,Chief Registrar,Todd A. Black,(229) 732-5220,vote@boerandolphcountyga.gov,https://www.randolphcountyga.com/board-of-elections-and-registration,no,https://sos.ga.gov/page/order-voter-registration-lists-and-files,No voter-list download found on the county site. The Georgia SOS sells the county voter list ($70; statewide $485) through its online store; county registrars may also furnish voter data under the Georgia Open Records Act (O.C.G.A. 50-18-70 et seq.).,https://www.randolphcountyga.com/board-of-elections-and-registration,https://results.sos.ga.gov/results/public/Georgia,SOS results portal,,,,,,,,,,,,,automated crawl,,"Ballot images uploaded by the county to the SOS Ballot Image Library (ballotimages.sos.ga.gov) for 6 elections from the Nov 5, 2024 General Election onward.",,"No online request portal found on the county site. Submit a written Open Records Act request (O.C.G.A. 50-18-71) by mail, email or in person to the county's open records officer - for election records, the election supervisor Todd A. Black, P.O. Box 532, Cuthbert, GA 39840, (229) 732-5220, vote@boerandolphcountyga.gov.",Machine - BMD-printed paper ballots (and hand-marked absentee/provisional ballots) tabulated by optical scan; uniform statewide system,Dominion Voting Systems (now Liberty Vote),Democracy Suite 5.5-A,ImageCast X ballot-marking devices with printers; ImageCast Precinct scanners; ImageCast Central scanners (state-supplied; per-county counts not published),
Richmond,13245,https://www.augustaga.gov/,Election Supervisor,W. Travis Doss Jr.,"535 Telfair Street, Suite 500, Augusta, GA 30901","535 Telfair Street, Suite 500, Augusta, GA 30901",7068212340,richmondelections@augustaga.gov,Chief Registrar,W. Travis Doss Jr.,7068212340,richmondelections@augustaga.gov,https://www.augustaga.gov/3171/Board-of-Elections,no,https://sos.ga.gov/page/order-voter-registration-lists-and-files,No voter-list download found on the county site. The Georgia SOS sells the county voter list ($70; statewide $485) through its online store; county registrars may also furnish voter data under the Georgia Open Records Act (O.C.G.A. 50-18-70 et seq.).,https://www.augustaga.gov/3171/Board-of-Elections,https://www.augustaga.gov/605/Election-Results,,undated,,,,,,,,,,,,automated crawl,,"Ballot images uploaded by the county to the SOS Ballot Image Library (ballotimages.sos.ga.gov) for 8 elections from the Nov 5, 2024 General Election onward.",,"No online request portal found on the county site. Submit a written Open Records Act request (O.C.G.A. 50-18-71) by mail, email or in person to the county's open records officer - for election records, the election supervisor W. Travis Doss Jr., 535 Telfair Street, Suite 500, Augusta, GA 30901, 7068212340, richmondelections@augustaga.gov.",Machine - BMD-printed paper ballots (and hand-marked absentee/provisional ballots) tabulated by optical scan; uniform statewide system,Dominion Voting Systems (now Liberty Vote),Democracy Suite 5.5-A,ImageCast X ballot-marking devices with printers; ImageCast Precinct scanners; ImageCast Central scanners (state-supplied; per-county counts not published),
Rockdale,13247,https://www.rockdalecountyga.gov/,Election Supervisor,Cynthia Willingham,"1115 West Ave SW, Conyers, GA 30012","1115 West Ave SW, Conyers, GA 30012",(770) 278-7333,absentee@rockdalecountyga.gov,Chief Registrar,Cynthia Willingham,(770) 278-7333,absentee@rockdalecountyga.gov,https://www.rockdalecountyga.gov/board-of-elections-voter-registration/,no,https://sos.ga.gov/page/order-voter-registration-lists-and-files,No voter-list download found on the county site. The Georgia SOS sells the county voter list ($70; statewide $485) through its online store; county registrars may also furnish voter data under the Georgia Open Records Act (O.C.G.A. 50-18-70 et seq.).,https://www.rockdalecountyga.gov/board-of-elections-voter-registration/,https://www.rockdalecountyga.gov/election-results/,,2020-2025,,,,,,,,,,,,automated crawl,,"Ballot images uploaded by the county to the SOS Ballot Image Library (ballotimages.sos.ga.gov) for 8 elections from the Nov 5, 2024 General Election onward.",https://rockdalecountyga.justfoia.com/publicportal/home/newrequest,County online portal / request page,Machine - BMD-printed paper ballots (and hand-marked absentee/provisional ballots) tabulated by optical scan; uniform statewide system,Dominion Voting Systems (now Liberty Vote),Democracy Suite 5.5-A,ImageCast X ballot-marking devices with printers; ImageCast Precinct scanners; ImageCast Central scanners (state-supplied; per-county counts not published),
Schley,13249,https://schleycountyga.us/,Election Supervisor,Callie W. Smith,"47 N Pecan St, Ellaville, GA 31806","47 N Pecan St, Ellaville, GA 31806",(229) 937-2689,elections@schleycountyga.us,Chief Registrar,Callie W. Smith,(229) 937-2689,elections@schleycountyga.us,https://schleycountyga.us/pages/elections-voter-registration,no,https://sos.ga.gov/page/order-voter-registration-lists-and-files,No voter-list download found on the county site. The Georgia SOS sells the county voter list ($70; statewide $485) through its online store; county registrars may also furnish voter data under the Georgia Open Records Act (O.C.G.A. 50-18-70 et seq.).,https://schleycountyga.us/pages/elections-voter-registration,https://results.sos.ga.gov/results/public/Georgia,SOS results portal,,,,,,,,,,,,,automated crawl,,"Ballot images uploaded by the county to the SOS Ballot Image Library (ballotimages.sos.ga.gov) for 6 elections from the Nov 5, 2024 General Election onward.",,"No online request portal found on the county site. Submit a written Open Records Act request (O.C.G.A. 50-18-71) by mail, email or in person to the county's open records officer - for election records, the election supervisor Callie W. Smith, 47 N Pecan St, Ellaville, GA 31806, (229) 937-2689, elections@schleycountyga.us.",Machine - BMD-printed paper ballots (and hand-marked absentee/provisional ballots) tabulated by optical scan; uniform statewide system,Dominion Voting Systems (now Liberty Vote),Democracy Suite 5.5-A,ImageCast X ballot-marking devices with printers; ImageCast Precinct scanners; ImageCast Central scanners (state-supplied; per-county counts not published),
Screven,13251,https://www.screvencountyboc.com/,Election Supervisor,Stacy Scott Mincey,"216 Mims Rd, Rm 114, Sylvania, GA 30467","216 Mims Rd, Rm 114, Sylvania, GA 30467",(912) 564-2153,registrar@screvencountyga.gov,Chief Registrar,Stacy Scott Mincey,(912) 564-2153,registrar@screvencountyga.gov,https://www.screvencountyboc.com/election-administration,no,https://sos.ga.gov/page/order-voter-registration-lists-and-files,No voter-list download found on the county site. The Georgia SOS sells the county voter list ($70; statewide $485) through its online store; county registrars may also furnish voter data under the Georgia Open Records Act (O.C.G.A. 50-18-70 et seq.).,https://www.screvencountyboc.com/election-administration,https://www.screvencountyboc.com/election-administration,,2024,,,,,,,,,,,,automated crawl,,"Ballot images uploaded by the county to the SOS Ballot Image Library (ballotimages.sos.ga.gov) for 5 elections from the Nov 5, 2024 General Election onward.",,"No online request portal found on the county site. Submit a written Open Records Act request (O.C.G.A. 50-18-71) by mail, email or in person to the county's open records officer - for election records, the election supervisor Stacy Scott Mincey, 216 Mims Rd, Rm 114, Sylvania, GA 30467, (912) 564-2153, registrar@screvencountyga.gov.",Machine - BMD-printed paper ballots (and hand-marked absentee/provisional ballots) tabulated by optical scan; uniform statewide system,Dominion Voting Systems (now Liberty Vote),Democracy Suite 5.5-A,ImageCast X ballot-marking devices with printers; ImageCast Precinct scanners; ImageCast Central scanners (state-supplied; per-county counts not published),
Seminole,13253,https://www.seminolecountyga.com/,Election Supervisor,Ron Foskey,"230 Cherry St., Donalsonville, GA 39845","230 Cherry St., Donalsonville, GA 39845",(229) 524-5256,elections@seminolecountyga.com,Chief Registrar,Michael Rogerson,(229) 524-2878,electionsclerk@seminolecountyga.com,https://www.seminolecountyga.com/188/Elections-Registration,no,https://sos.ga.gov/page/order-voter-registration-lists-and-files,No voter-list download found on the county site. The Georgia SOS sells the county voter list ($70; statewide $485) through its online store; county registrars may also furnish voter data under the Georgia Open Records Act (O.C.G.A. 50-18-70 et seq.).,https://www.seminolecountyga.com/188/Elections-Registration,https://www.seminolecountyga.com/188/Elections-Registration,SOS results portal,undated,,,,,,,,,,,,automated crawl,,"Ballot images uploaded by the county to the SOS Ballot Image Library (ballotimages.sos.ga.gov) for 5 elections from the Nov 5, 2024 General Election onward.",https://seminolecountyga.nextrequest.com/,County online records-request portal (found at the portal vendor's standard county address; the page names the county),Machine - BMD-printed paper ballots (and hand-marked absentee/provisional ballots) tabulated by optical scan; uniform statewide system,Dominion Voting Systems (now Liberty Vote),Democracy Suite 5.5-A,ImageCast X ballot-marking devices with printers; ImageCast Precinct scanners; ImageCast Central scanners (state-supplied; per-county counts not published),
Spalding,13255,https://www.spaldingcounty.com/,Election Supervisor,Kimberly L. Slaughter,,"P.O. Box 1087, Griffin, GA 30224",(770) 467-4245,kslaughter@spaldingcounty.com,Chief Registrar,Kimberly L. Slaughter,(770) 467-4245,kslaughter@spaldingcounty.com,https://spaldingcountyelections.com/,no,https://sos.ga.gov/page/order-voter-registration-lists-and-files,No voter-list download found on the county site. The Georgia SOS sells the county voter list ($70; statewide $485) through its online store; county registrars may also furnish voter data under the Georgia Open Records Act (O.C.G.A. 50-18-70 et seq.).,https://spaldingcountyelections.com/,https://spaldingcountyelections.com/election-results-reports/,,2023-2026,2025,2024-2025,2023-2026,,,,,,,,,automated crawl,https://spaldingcountyelections.com/wp-content/uploads/2026/06/STATE-RISK-LIMITING-AUDIT-JUNE-16-2026-rotated-1.pdf https://spaldingcountyelections.com/wp-content/uploads/2026/06/HC-grand-total-JUNE-16-2026.pdf https://spaldingcountyelections.com/wp-content/uploads/2026/06/state-audit-results-for-may192026.pdf https://spaldingcountyelections.com/wp-content/uploads/2025/08/6859e0b42cbf9b258a3a3abd_Reconciliation-Report-06172025.pdf https://spaldingcountyelections.com/wp-content/uploads/2025/08/6750c4aa4a5c748ff4035be1_Completed-Reconciliation-Nov-5-2024-2.pdf,"Ballot images uploaded by the county to the SOS Ballot Image Library (ballotimages.sos.ga.gov) for 5 elections from the Nov 5, 2024 General Election onward.",https://spaldingcountyga.justfoia.com/publicportal/home/newrequest,County online portal / request page,Machine - BMD-printed paper ballots (and hand-marked absentee/provisional ballots) tabulated by optical scan; uniform statewide system,Dominion Voting Systems (now Liberty Vote),Democracy Suite 5.5-A,ImageCast X ballot-marking devices with printers; ImageCast Precinct scanners; ImageCast Central scanners (state-supplied; per-county counts not published),
Stephens,13257,https://stephenscountyga.gov/,Election Supervisor,Isaac Overstreet,,"P.O. Box 1557, Toccoa, GA 30577",(706) 886-8954,scelections@stephenscountyga.gov,Chief Registrar,Isaac Overstreet,(706) 886-8954,scelections@stephenscountyga.gov,https://stephenscountyga.gov/elections-voter-registration/,no,https://sos.ga.gov/page/order-voter-registration-lists-and-files,No voter-list download found on the county site. The Georgia SOS sells the county voter list ($70; statewide $485) through its online store; county registrars may also furnish voter data under the Georgia Open Records Act (O.C.G.A. 50-18-70 et seq.).,https://stephenscountyga.gov/elections-voter-registration/,https://stephenscountyga.gov/elections-voter-registration/,,2022-2026,,,2025-2026,,,,,,,,,"browser check (site blocks scripted requests); elections page posts official/unofficial results, RLA reports, daily advance-voting totals",https://stephenscountyga.gov/wp-content/uploads/2026/07/June-16-RLA-Results.pdf https://stephenscountyga.gov/wp-content/uploads/2026/05/Risk-Limiting-Audit-Report.pdf,"Ballot images uploaded by the county to the SOS Ballot Image Library (ballotimages.sos.ga.gov) for 5 elections from the Nov 5, 2024 General Election onward.",https://stephenscountyga.gov/open-records-request/,County online portal / request page,Machine - BMD-printed paper ballots (and hand-marked absentee/provisional ballots) tabulated by optical scan; uniform statewide system,Dominion Voting Systems (now Liberty Vote),Democracy Suite 5.5-A,ImageCast X ballot-marking devices with printers; ImageCast Precinct scanners; ImageCast Central scanners (state-supplied; per-county counts not published),
Stewart,13259,https://stewartcountyga.gov/,Election Supervisor,Alfreda Hudson,"1764 Broad Street, GA 31815","P.O. Box 713, GA 31815",(229) 838-6220,cwhite@stewartcountyga.gov,Chief Registrar,Alfreda Hudson,(229) 838-6220,ahudson@stewartcountyga.gov,https://stewartcountyga.gov/elections/,no,https://sos.ga.gov/page/order-voter-registration-lists-and-files,No voter-list download found on the county site. The Georgia SOS sells the county voter list ($70; statewide $485) through its online store; county registrars may also furnish voter data under the Georgia Open Records Act (O.C.G.A. 50-18-70 et seq.).,https://stewartcountyga.gov/elections/,https://results.sos.ga.gov/results/public/Georgia,SOS results portal,,,,2020-2026,,,,,,,,,automated crawl,http://stewartcountyga.gov/stcowp/wp-content/uploads/2025/01/StewartCounty2022ComplianceReport.pdf http://stewartcountyga.gov/budget/2021Feb.pdf http://stewartcountyga.gov/budget/2021Jan.pdf,"Ballot images uploaded by the county to the SOS Ballot Image Library (ballotimages.sos.ga.gov) for 5 elections from the Nov 5, 2024 General Election onward.",,"No online request portal found on the county site. Submit a written Open Records Act request (O.C.G.A. 50-18-71) by mail, email or in person to the county's open records officer - for election records, the election supervisor Alfreda Hudson, P.O. Box 713, GA 31815, (229) 838-6220, cwhite@stewartcountyga.gov.",Machine - BMD-printed paper ballots (and hand-marked absentee/provisional ballots) tabulated by optical scan; uniform statewide system,Dominion Voting Systems (now Liberty Vote),Democracy Suite 5.5-A,ImageCast X ballot-marking devices with printers; ImageCast Precinct scanners; ImageCast Central scanners (state-supplied; per-county counts not published),
Sumter,13261,https://www.sumtercountyga.us/,Election Supervisor,Lasandra A. Patterson,"500 W. Lamar St, Americus, GA 31709","500 W. Lamar St, Americus, GA 31709",(229) 928-4580,lpatterson@sumtercountyga.us,Chief Registrar,Lasandra A. Patterson Sr.,(229) 928-4580,lpatterson@sumtercountyga.us,https://sumtercountygaelections.us/,no,https://sos.ga.gov/page/order-voter-registration-lists-and-files,No voter-list download found on the county site. The Georgia SOS sells the county voter list ($70; statewide $485) through its online store; county registrars may also furnish voter data under the Georgia Open Records Act (O.C.G.A. 50-18-70 et seq.).,https://sumtercountygaelections.us/,https://results.sos.ga.gov/results/public/Georgia,SOS results portal,,,,,,,,,,,,,automated crawl,,"Ballot images uploaded by the county to the SOS Ballot Image Library (ballotimages.sos.ga.gov) for 6 elections from the Nov 5, 2024 General Election onward.",,"No online request portal found on the county site. Submit a written Open Records Act request (O.C.G.A. 50-18-71) by mail, email or in person to the county's open records officer - for election records, the election supervisor Lasandra A. Patterson, 500 W. Lamar St, Americus, GA 31709, (229) 928-4580, lpatterson@sumtercountyga.us.",Machine - BMD-printed paper ballots (and hand-marked absentee/provisional ballots) tabulated by optical scan; uniform statewide system,Dominion Voting Systems (now Liberty Vote),Democracy Suite 5.5-A,ImageCast X ballot-marking devices with printers; ImageCast Precinct scanners; ImageCast Central scanners (state-supplied; per-county counts not published),
Talbot,13263,https://www.talbotcountyga.org/,Election Supervisor,Sharita Keyada Trice,,"P.O. Box 8, Talbotton, GA 31827",(706) 665-8270,elections-registration@talbotcountyga.org,Chief Registrar,Pamela M. Bulloch,(706) 665-8270,elections-registration@talbotcountyga.org,https://www.talbotcountyga.org/board-elections-and-registration,no,https://sos.ga.gov/page/order-voter-registration-lists-and-files,No voter-list download found on the county site. The Georgia SOS sells the county voter list ($70; statewide $485) through its online store; county registrars may also furnish voter data under the Georgia Open Records Act (O.C.G.A. 50-18-70 et seq.).,https://www.talbotcountyga.org/board-elections-and-registration,https://results.sos.ga.gov/results/public/Georgia,SOS results portal,,,,,,,,,,,,,browser check (site blocks scripted requests); elections page links the SOS results portal for election-night reporting,,"Ballot images uploaded by the county to the SOS Ballot Image Library (ballotimages.sos.ga.gov) for 6 elections from the Nov 5, 2024 General Election onward.",https://www.talbotcountyga.org/board-elections-and-registration/page/open-records-request,County online portal / request page,Machine - BMD-printed paper ballots (and hand-marked absentee/provisional ballots) tabulated by optical scan; uniform statewide system,Dominion Voting Systems (now Liberty Vote),Democracy Suite 5.5-A,ImageCast X ballot-marking devices with printers; ImageCast Precinct scanners; ImageCast Central scanners (state-supplied; per-county counts not published),
Taliaferro,13265,https://taliaferrocountyga.org/,Election Supervisor,Gloristine C. Peek,,"P.O. Box 09, Crawfordville, GA 30631",(706) 456-2253,registrars131@yahoo.com,Chief Registrar,Gloristine Peek,(706) 456-2253,registrars131@yahoo.com,https://taliaferrocountyga.org/board-of-registrars/,no,https://sos.ga.gov/page/order-voter-registration-lists-and-files,No voter-list download found on the county site. The Georgia SOS sells the county voter list ($70; statewide $485) through its online store; county registrars may also furnish voter data under the Georgia Open Records Act (O.C.G.A. 50-18-70 et seq.).,https://taliaferrocountyga.org/board-of-registrars/,https://results.sos.ga.gov/results/public/Georgia,SOS results portal,,,,,,,,,,,,,browser check (site shows a browser-verification page to scripts); Board of Registrars page lists staff only,,"Ballot images uploaded by the county to the SOS Ballot Image Library (ballotimages.sos.ga.gov) for 5 elections from the Nov 5, 2024 General Election onward.",,"No online request portal found on the county site. Submit a written Open Records Act request (O.C.G.A. 50-18-71) by mail, email or in person to the county's open records officer - for election records, the election supervisor Gloristine C. Peek, P.O. Box 09, Crawfordville, GA 30631, (706) 456-2253, registrars131@yahoo.com.",Machine - BMD-printed paper ballots (and hand-marked absentee/provisional ballots) tabulated by optical scan; uniform statewide system,Dominion Voting Systems (now Liberty Vote),Democracy Suite 5.5-A,ImageCast X ballot-marking devices with printers; ImageCast Precinct scanners; ImageCast Central scanners (state-supplied; per-county counts not published),
Tattnall,13267,https://www.tattnallcountyga.com/,Election Supervisor,Barbie Mock,,"P.O. Box 1098, Reidsville, GA 30453",(912) 557-6417,elections@tattnallcountyga.gov,Chief Registrar,Phillip Cavanaugh,(912) 557-6417,registrar@tattnallcountyga.gov,https://www.tattnallcountyga.com/board-of-elections-and-registration,no,https://sos.ga.gov/page/order-voter-registration-lists-and-files,No voter-list download found on the county site. The Georgia SOS sells the county voter list ($70; statewide $485) through its online store; county registrars may also furnish voter data under the Georgia Open Records Act (O.C.G.A. 50-18-70 et seq.).,https://www.tattnallcountyga.com/board-of-elections-and-registration,https://results.sos.ga.gov/results/public/Georgia,SOS results portal,,,,,,,,,,,,,automated crawl,,"Ballot images uploaded by the county to the SOS Ballot Image Library (ballotimages.sos.ga.gov) for 7 elections from the Nov 5, 2024 General Election onward.",https://www.tattnallcountyga.com/open-records-request.cfm,County online portal / request page,Machine - BMD-printed paper ballots (and hand-marked absentee/provisional ballots) tabulated by optical scan; uniform statewide system,Dominion Voting Systems (now Liberty Vote),Democracy Suite 5.5-A,ImageCast X ballot-marking devices with printers; ImageCast Precinct scanners; ImageCast Central scanners (state-supplied; per-county counts not published),
Taylor,13269,https://www.taylorcountyga.com/,Election Supervisor,Mindy Bass,,"P.O. Box 2044, Butler, GA 31006",(478) 862-3997,votetaylorga@gmail.com,Chief Registrar,Mindy Bass,(478) 862-3997,votetaylorga@gmail.com,https://mvp.sos.ga.gov/s/county-election-offices?page=countyelectionoffice&county=TAYLOR,no,https://sos.ga.gov/page/order-voter-registration-lists-and-files,No voter-list download found on the county site. The Georgia SOS sells the county voter list ($70; statewide $485) through its online store; county registrars may also furnish voter data under the Georgia Open Records Act (O.C.G.A. 50-18-70 et seq.).,https://mvp.sos.ga.gov/s/county-election-offices?page=countyelectionoffice&county=TAYLOR,https://results.sos.ga.gov/results/public/Georgia,,2025; undated,,,,,,,,,,,,automated crawl,,"No county elections page found; elections_url points to the SOS County Election Offices listing. The county home page posts some election results (e.g. Nov 4, 2025); no elections page found. Ballot images uploaded by the county to the SOS Ballot Image Library (ballotimages.sos.ga.gov) for 3 elections from the Nov 5, 2024 General Election onward.",,"No online request portal found on the county site. Submit a written Open Records Act request (O.C.G.A. 50-18-71) by mail, email or in person to the county's open records officer - for election records, the election supervisor Mindy Bass, P.O. Box 2044, Butler, GA 31006, (478) 862-3997, votetaylorga@gmail.com.",Machine - BMD-printed paper ballots (and hand-marked absentee/provisional ballots) tabulated by optical scan; uniform statewide system,Dominion Voting Systems (now Liberty Vote),Democracy Suite 5.5-A,ImageCast X ballot-marking devices with printers; ImageCast Precinct scanners; ImageCast Central scanners (state-supplied; per-county counts not published),
Telfair,13271,https://www.telfairco.org/,Election Supervisor,Rebecca Widener,"91 Telfair Ave, Annex Bldg #4, McRae Helena, GA 31055","91 Telfair Ave, Annex Bldg #4, McRae Helena, GA 31055",(229) 868-6038,telfair.registrar@hotmail.com,Chief Registrar,Rebecca Widener,(229) 868-2023,telfair.registrar@hotmail.com,https://mvp.sos.ga.gov/s/county-election-offices?page=countyelectionoffice&county=TELFAIR,no,https://sos.ga.gov/page/order-voter-registration-lists-and-files,No voter-list download found on the county site. The Georgia SOS sells the county voter list ($70; statewide $485) through its online store; county registrars may also furnish voter data under the Georgia Open Records Act (O.C.G.A. 50-18-70 et seq.).,https://mvp.sos.ga.gov/s/county-election-offices?page=countyelectionoffice&county=TELFAIR,https://results.sos.ga.gov/results/public/Georgia,SOS results portal,,,,,,,,,,,,,automated crawl,,"No county elections page found; elections_url points to the SOS County Election Offices listing. Ballot images uploaded by the county to the SOS Ballot Image Library (ballotimages.sos.ga.gov) for 6 elections from the Nov 5, 2024 General Election onward.",,"No online request portal found on the county site. Submit a written Open Records Act request (O.C.G.A. 50-18-71) by mail, email or in person to the county's open records officer - for election records, the election supervisor Rebecca Widener, 91 Telfair Ave, Annex Bldg #4, McRae Helena, GA 31055, (229) 868-6038, telfair.registrar@hotmail.com.",Machine - BMD-printed paper ballots (and hand-marked absentee/provisional ballots) tabulated by optical scan; uniform statewide system,Dominion Voting Systems (now Liberty Vote),Democracy Suite 5.5-A,ImageCast X ballot-marking devices with printers; ImageCast Precinct scanners; ImageCast Central scanners (state-supplied; per-county counts not published),
Terrell,13273,https://terrellcountyga.gov/,Election Supervisor,Carolyn H. Williams,"955 Forrester Dr. SE, Dawson, GA 39842","P.O. Box 715, Dawson, GA 39842",(229) 995-5066,carolyn03@terrellcountyga.gov,Chief Registrar,Carolyn H. Williams,(229) 995-5066,carolyn03@terrellcountyga.gov,https://terrellcountyga.gov/page5.html,no,https://sos.ga.gov/page/order-voter-registration-lists-and-files,No voter-list download found on the county site. The Georgia SOS sells the county voter list ($70; statewide $485) through its online store; county registrars may also furnish voter data under the Georgia Open Records Act (O.C.G.A. 50-18-70 et seq.).,https://terrellcountyga.gov/page5.html,https://terrellcountyga.gov/page5.html,Clarity ENR (archived),"2020, 2024; undated",,,,,,,,,,,,automated crawl,,"Ballot images uploaded by the county to the SOS Ballot Image Library (ballotimages.sos.ga.gov) for 4 elections from the Nov 5, 2024 General Election onward.",,"No online request portal found on the county site. Submit a written Open Records Act request (O.C.G.A. 50-18-71) by mail, email or in person to the county's open records officer - for election records, the election supervisor Carolyn H. Williams, P.O. Box 715, Dawson, GA 39842, (229) 995-5066, carolyn03@terrellcountyga.gov.",Machine - BMD-printed paper ballots (and hand-marked absentee/provisional ballots) tabulated by optical scan; uniform statewide system,Dominion Voting Systems (now Liberty Vote),Democracy Suite 5.5-A,ImageCast X ballot-marking devices with printers; ImageCast Precinct scanners; ImageCast Central scanners (state-supplied; per-county counts not published),
Thomas,13275,https://thomascountyboc.org/,Election Supervisor,Savannah Sorrentino,,"P.O. Box 110, Thomasville, GA 31799-0110",(229) 225-4101,tc.elections@thomascountyga.gov,Chief Registrar,Savannah Sorrentino,(229) 225-4101,tc.elections@thomascountyga.gov,https://thomascountyboc.org/elections-and-registration,no,https://sos.ga.gov/page/order-voter-registration-lists-and-files,No voter-list download found on the county site. The Georgia SOS sells the county voter list ($70; statewide $485) through its online store; county registrars may also furnish voter data under the Georgia Open Records Act (O.C.G.A. 50-18-70 et seq.).,https://thomascountyboc.org/elections-and-registration,https://thomascountyboc.org/current-bid-opportunities-bid-results,SOS results portal,undated,,,,,,,,,,,,automated crawl,,"Ballot images uploaded by the county to the SOS Ballot Image Library (ballotimages.sos.ga.gov) for 7 elections from the Nov 5, 2024 General Election onward.",,"No online request portal found on the county site. Submit a written Open Records Act request (O.C.G.A. 50-18-71) by mail, email or in person to the county's open records officer - for election records, the election supervisor Savannah Sorrentino, P.O. Box 110, Thomasville, GA 31799-0110, (229) 225-4101, tc.elections@thomascountyga.gov.",Machine - BMD-printed paper ballots (and hand-marked absentee/provisional ballots) tabulated by optical scan; uniform statewide system,Dominion Voting Systems (now Liberty Vote),Democracy Suite 5.5-A,ImageCast X ballot-marking devices with printers; ImageCast Precinct scanners; ImageCast Central scanners (state-supplied; per-county counts not published),
Tift,13277,https://www.tiftcounty.org/,Election Supervisor,Leila E. Dollison,,"P.O. Box 1867, Tifton, GA 31793-1867",2293867915,leila.dollison@tiftcounty.org,Chief Registrar,Shekia M. Holley,2293867915,shekia.holley@tiftcounty.org,https://www.tiftcounty.org/departments/elections.php,no,https://sos.ga.gov/page/order-voter-registration-lists-and-files,No voter-list download found on the county site. The Georgia SOS sells the county voter list ($70; statewide $485) through its online store; county registrars may also furnish voter data under the Georgia Open Records Act (O.C.G.A. 50-18-70 et seq.).,https://www.tiftcounty.org/departments/elections.php,https://results.sos.ga.gov/results/public/Georgia,SOS results portal,,,,,,,,,,,,,automated crawl,,"Ballot images uploaded by the county to the SOS Ballot Image Library (ballotimages.sos.ga.gov) for 6 elections from the Nov 5, 2024 General Election onward.",,"No online request portal found on the county site. Submit a written Open Records Act request (O.C.G.A. 50-18-71) by mail, email or in person to the county's open records officer - for election records, the election supervisor Leila E. Dollison, P.O. Box 1867, Tifton, GA 31793-1867, 2293867915, leila.dollison@tiftcounty.org.",Machine - BMD-printed paper ballots (and hand-marked absentee/provisional ballots) tabulated by optical scan; uniform statewide system,Dominion Voting Systems (now Liberty Vote),Democracy Suite 5.5-A,ImageCast X ballot-marking devices with printers; ImageCast Precinct scanners; ImageCast Central scanners (state-supplied; per-county counts not published),
Toombs,13279,https://toombscountyga.gov/,Election Supervisor,Carey Alligood,"100 Courthouse Sq, Ste 112, Lyons, GA 30436","P.O. Box 897, Lyons, GA 30436",(912) 526-8226,cachenbach.toombs.elections@gmail.com,Chief Registrar,Carey Alligood,(912) 526-8226,cachenbach.toombs.elections@gmail.com,https://toombscountyga.gov/elections-board/,no,https://sos.ga.gov/page/order-voter-registration-lists-and-files,No voter-list download found on the county site. The Georgia SOS sells the county voter list ($70; statewide $485) through its online store; county registrars may also furnish voter data under the Georgia Open Records Act (O.C.G.A. 50-18-70 et seq.).,https://toombscountyga.gov/elections-board/,https://results.sos.ga.gov/results/public/Georgia,SOS results portal,,,,,,,,,,,,,automated crawl,,"Ballot images uploaded by the county to the SOS Ballot Image Library (ballotimages.sos.ga.gov) for 6 elections from the Nov 5, 2024 General Election onward.",https://toombscountyga.gov/open-records-officers/,County online portal / request page,Machine - BMD-printed paper ballots (and hand-marked absentee/provisional ballots) tabulated by optical scan; uniform statewide system,Dominion Voting Systems (now Liberty Vote),Democracy Suite 5.5-A,ImageCast X ballot-marking devices with printers; ImageCast Precinct scanners; ImageCast Central scanners (state-supplied; per-county counts not published),
Towns,13281,http://www.townscountyga.org/,Election Supervisor,Rachel Edwards,"67 Lakeview Circle, Suite A, Hiawassee, GA 30546","67 Lakeview Circle, Suite A, Hiawassee, GA 30546",(706) 896-4353,tcelections@townscountyga.com,Chief Registrar,Rachel Edwards,(706) 896-4353,tcelections@townscountyga.com,http://www.townscountyga.org/board-of-elections---registration.html,no,https://sos.ga.gov/page/order-voter-registration-lists-and-files,No voter-list download found on the county site. The Georgia SOS sells the county voter list ($70; statewide $485) through its online store; county registrars may also furnish voter data under the Georgia Open Records Act (O.C.G.A. 50-18-70 et seq.).,http://www.townscountyga.org/board-of-elections---registration.html,https://results.sos.ga.gov/results/public/Georgia,SOS results portal,,,,,,,,,,,,,browser check; townscountyga.com redirects to townscountyga.org; elections page is contact/board information only,,"Ballot images uploaded by the county to the SOS Ballot Image Library (ballotimages.sos.ga.gov) for 4 elections from the Nov 5, 2024 General Election onward.",,"No online request portal found on the county site. Submit a written Open Records Act request (O.C.G.A. 50-18-71) by mail, email or in person to the county's open records officer - for election records, the election supervisor Rachel Edwards, 67 Lakeview Circle, Suite A, Hiawassee, GA 30546, (706) 896-4353, tcelections@townscountyga.com.",Machine - BMD-printed paper ballots (and hand-marked absentee/provisional ballots) tabulated by optical scan; uniform statewide system,Dominion Voting Systems (now Liberty Vote),Democracy Suite 5.5-A,ImageCast X ballot-marking devices with printers; ImageCast Precinct scanners; ImageCast Central scanners (state-supplied; per-county counts not published),
Treutlen,13283,https://treutlencountygov.com/,Election Supervisor,Keri Hedgecock,"650 Second Street, Suite 104, Soperton, GA 30457","650 Second Street, Suite 104, Soperton, GA 30457",(912) 529-3342,keri.hedgecock@treutlengov.us,Chief Registrar,Keri Hedgecock,(912) 529-3098,keri.hedgecock@treutlengov.us,https://treutlencountygov.com/government/boards_commission/election_board.php,no,https://sos.ga.gov/page/order-voter-registration-lists-and-files,No voter-list download found on the county site. The Georgia SOS sells the county voter list ($70; statewide $485) through its online store; county registrars may also furnish voter data under the Georgia Open Records Act (O.C.G.A. 50-18-70 et seq.).,https://treutlencountygov.com/government/boards_commission/election_board.php,https://results.sos.ga.gov/results/public/Georgia,SOS results portal,,,,,,,,,,,,,automated crawl,,"Ballot images uploaded by the county to the SOS Ballot Image Library (ballotimages.sos.ga.gov) for 8 elections from the Nov 5, 2024 General Election onward.",,"No online request portal found on the county site. Submit a written Open Records Act request (O.C.G.A. 50-18-71) by mail, email or in person to the county's open records officer - for election records, the election supervisor Keri Hedgecock, 650 Second Street, Suite 104, Soperton, GA 30457, (912) 529-3342, keri.hedgecock@treutlengov.us.",Machine - BMD-printed paper ballots (and hand-marked absentee/provisional ballots) tabulated by optical scan; uniform statewide system,Dominion Voting Systems (now Liberty Vote),Democracy Suite 5.5-A,ImageCast X ballot-marking devices with printers; ImageCast Precinct scanners; ImageCast Central scanners (state-supplied; per-county counts not published),
Troup,13285,https://www.troupcountyga.gov/,Election Supervisor,Andrew Harper,"50 Fort Dr, Lagrange, GA 30240","P.O. Box 1705, Lagrange, GA 30240",(706) 883-1745,elections@troupcountyga.gov,Chief Registrar,Andrew Harper,(706) 883-1745,elections@troupcountyga.gov,https://www.troupcountyga.gov/services/assistance/elections_registration/,no,https://sos.ga.gov/page/order-voter-registration-lists-and-files,No voter-list download found on the county site. The Georgia SOS sells the county voter list ($70; statewide $485) through its online store; county registrars may also furnish voter data under the Georgia Open Records Act (O.C.G.A. 50-18-70 et seq.).,https://www.troupcountyga.gov/services/assistance/elections_registration/,https://results.sos.ga.gov/results/public/Georgia,SOS results portal,,,,,,,,,,,,,automated crawl,,"Ballot images uploaded by the county to the SOS Ballot Image Library (ballotimages.sos.ga.gov) for 7 elections from the Nov 5, 2024 General Election onward.",https://troupcountyga.justfoia.com/publicportal/home/newrequest,County online portal / request page,Machine - BMD-printed paper ballots (and hand-marked absentee/provisional ballots) tabulated by optical scan; uniform statewide system,Dominion Voting Systems (now Liberty Vote),Democracy Suite 5.5-A,ImageCast X ballot-marking devices with printers; ImageCast Precinct scanners; ImageCast Central scanners (state-supplied; per-county counts not published),
Turner,13287,https://www.turnercountygeorgia.com/,Election Supervisor,Janet Winter,"1807 U.s. Highway 41 North, Sycamore, GA 31790","1807 U.s. Highway 41 North, Sycamore, GA 31790",(229) 567-2909,jwinter@turnercountygeorgia.com,Chief Registrar,Janet Winter,(229) 567-2909,jwinter@turnercountygeorgia.com,https://www.turnercountygeorgia.com/departments/elections.html,no,https://sos.ga.gov/page/order-voter-registration-lists-and-files,No voter-list download found on the county site. The Georgia SOS sells the county voter list ($70; statewide $485) through its online store; county registrars may also furnish voter data under the Georgia Open Records Act (O.C.G.A. 50-18-70 et seq.).,https://www.turnercountygeorgia.com/departments/elections.html,https://results.sos.ga.gov/results/public/Georgia,SOS results portal,,,,,,,,,,,,,automated crawl,,"Ballot images uploaded by the county to the SOS Ballot Image Library (ballotimages.sos.ga.gov) for 6 elections from the Nov 5, 2024 General Election onward.",,"No online request portal found on the county site. Submit a written Open Records Act request (O.C.G.A. 50-18-71) by mail, email or in person to the county's open records officer - for election records, the election supervisor Janet Winter, 1807 U.s. Highway 41 North, Sycamore, GA 31790, (229) 567-2909, jwinter@turnercountygeorgia.com.",Machine - BMD-printed paper ballots (and hand-marked absentee/provisional ballots) tabulated by optical scan; uniform statewide system,Dominion Voting Systems (now Liberty Vote),Democracy Suite 5.5-A,ImageCast X ballot-marking devices with printers; ImageCast Precinct scanners; ImageCast Central scanners (state-supplied; per-county counts not published),
Twiggs,13289,https://www.twiggscounty.us/,Election Supervisor,Debra Stephens,,"P.O. Box 130, Jeffersonville, GA 31044",(478) 945-3639,lbond@twiggscounty.us,Chief Registrar,Lachandria Bond,(478) 945-3639,dstephens@twiggscounty.us,https://www.twiggscounty.us/elections/,no,https://sos.ga.gov/page/order-voter-registration-lists-and-files,No voter-list download found on the county site. The Georgia SOS sells the county voter list ($70; statewide $485) through its online store; county registrars may also furnish voter data under the Georgia Open Records Act (O.C.G.A. 50-18-70 et seq.).,https://www.twiggscounty.us/elections/,https://www.twiggscounty.us/elections/,,"2023, 2026",2023,,,,,,,,,,,automated crawl,,"Ballot images uploaded by the county to the SOS Ballot Image Library (ballotimages.sos.ga.gov) for 8 elections from the Nov 5, 2024 General Election onward.",,"No online request portal found on the county site. Submit a written Open Records Act request (O.C.G.A. 50-18-71) by mail, email or in person to the county's open records officer - for election records, the election supervisor Debra Stephens, P.O. Box 130, Jeffersonville, GA 31044, (478) 945-3639, lbond@twiggscounty.us.",Machine - BMD-printed paper ballots (and hand-marked absentee/provisional ballots) tabulated by optical scan; uniform statewide system,Dominion Voting Systems (now Liberty Vote),Democracy Suite 5.5-A,ImageCast X ballot-marking devices with printers; ImageCast Precinct scanners; ImageCast Central scanners (state-supplied; per-county counts not published),
Union,13291,https://www.unioncountyga.gov/,Election Supervisor,Elizabeth Libby Stevens,"33 Roscoe Collins Dr, Blairsville, GA 30512","33 Roscoe Collins Dr, Blairsville, GA 30512",(706) 439-6041,lizeams@windstream.net,Chief Registrar,Krystal Berry,(706) 439-6016,ucregistrar@uniongov.com,https://www.unioncountyga.gov/306/Elections-Voter-Registration,no,https://sos.ga.gov/page/order-voter-registration-lists-and-files,No voter-list download found on the county site. The Georgia SOS sells the county voter list ($70; statewide $485) through its online store; county registrars may also furnish voter data under the Georgia Open Records Act (O.C.G.A. 50-18-70 et seq.).,https://www.unioncountyga.gov/306/Elections-Voter-Registration,https://www.unioncountyga.gov/306/Elections-Voter-Registration,,undated,,,,,,,,,,,,automated crawl,,"Ballot images uploaded by the county to the SOS Ballot Image Library (ballotimages.sos.ga.gov) for 5 elections from the Nov 5, 2024 General Election onward.",https://www.unioncountyga.gov/FormCenter/Board-of-Elections-7/Board-of-Elections-48,County online portal / request page,Machine - BMD-printed paper ballots (and hand-marked absentee/provisional ballots) tabulated by optical scan; uniform statewide system,Dominion Voting Systems (now Liberty Vote),Democracy Suite 5.5-A,ImageCast X ballot-marking devices with printers; ImageCast Precinct scanners; ImageCast Central scanners (state-supplied; per-county counts not published),
Upson,13293,https://www.upsoncountyga.org/,Election Supervisor,Pam W. Releford,"305 S. Hightower St., Suite 130, Thomaston, GA 30286","P.O. Box 547, Thomaston, GA 30286",(706) 647-6259,electionsinfo@upsoncountyga.org,Chief Registrar,Kelly L. King,(706) 647-6259,electionsinfo@upsoncountyga.org,https://www.upsoncountyga.org/366/Upson-County-Elections,no,https://sos.ga.gov/page/order-voter-registration-lists-and-files,No voter-list download found on the county site. The Georgia SOS sells the county voter list ($70; statewide $485) through its online store; county registrars may also furnish voter data under the Georgia Open Records Act (O.C.G.A. 50-18-70 et seq.).,https://www.upsoncountyga.org/366/Upson-County-Elections,https://www.upsoncountyga.org/499/Election-Results,,2026,,,,,,,,,,,,automated crawl,,"Ballot images uploaded by the county to the SOS Ballot Image Library (ballotimages.sos.ga.gov) for 9 elections from the Nov 5, 2024 General Election onward.",https://www.upsoncountyga.org/515/Open-Records-Request,County online portal / request page,Machine - BMD-printed paper ballots (and hand-marked absentee/provisional ballots) tabulated by optical scan; uniform statewide system,Dominion Voting Systems (now Liberty Vote),Democracy Suite 5.5-A,ImageCast X ballot-marking devices with printers; ImageCast Precinct scanners; ImageCast Central scanners (state-supplied; per-county counts not published),
Walker,13295,https://www.walkercountyga.gov/,Election Supervisor,Danielle L. Montgomery,"311 South Main Street, Lafayette, GA 30728","P.O. Box 1105, Lafayette, GA 30728",,elections@walkerga.us,Chief Registrar,Danielle L. Montgomery,,elections@walkerga.us,https://www.walkercountyga.gov/departments/elections/,no,https://sos.ga.gov/page/order-voter-registration-lists-and-files,No voter-list download found on the county site. The Georgia SOS sells the county voter list ($70; statewide $485) through its online store; county registrars may also furnish voter data under the Georgia Open Records Act (O.C.G.A. 50-18-70 et seq.).,https://www.walkercountyga.gov/departments/elections/,https://www.walkercountyga.gov/departments/elections/,SOS results portal,undated,,,,,,,,,,,,automated crawl,,"Ballot images uploaded by the county to the SOS Ballot Image Library (ballotimages.sos.ga.gov) for 6 elections from the Nov 5, 2024 General Election onward.",https://walkercountyga.nextrequest.com/,County online records-request portal (found at the portal vendor's standard county address; the page names the county),Machine - BMD-printed paper ballots (and hand-marked absentee/provisional ballots) tabulated by optical scan; uniform statewide system,Dominion Voting Systems (now Liberty Vote),Democracy Suite 5.5-A,ImageCast X ballot-marking devices with printers; ImageCast Precinct scanners; ImageCast Central scanners (state-supplied; per-county counts not published),
Walton,13297,https://www.waltoncountyga.gov/,Election Supervisor,Jenni Phipps,"303 S Hammond Drive, Dept 465, Monroe, GA 30655","303 S Hammond Drive, Dept 465, Monroe, GA 30655",(770) 267-1337,elections@co.walton.ga.us,Chief Registrar,Lisa Clark,(770) 267-1337,elections@co.walton.ga.us,https://www.waltoncountyga.gov/elections,no,https://sos.ga.gov/page/order-voter-registration-lists-and-files,No voter-list download found on the county site. The Georgia SOS sells the county voter list ($70; statewide $485) through its online store; county registrars may also furnish voter data under the Georgia Open Records Act (O.C.G.A. 50-18-70 et seq.).,https://www.waltoncountyga.gov/elections,https://www.waltoncountyga.gov/286/Election-Results,,"2020-2021, 2024; undated",,undated,,,,,,,,,,automated crawl,https://www.waltoncountyga.gov/DocumentCenter/View/9396/Reconciliation-Report---WALTON---5-19-26 https://www.waltoncountyga.gov/DocumentCenter/View/9105/City-of-Loganville-Reconciliation-Report-11-4-25 https://www.waltoncountyga.gov/DocumentCenter/View/9106/Walton-Reconciliation-Report-11-4-25,"Ballot images uploaded by the county to the SOS Ballot Image Library (ballotimages.sos.ga.gov) for 5 elections from the Nov 5, 2024 General Election onward.",https://waltoncountyga.nextrequest.com/,County online portal / request page,Machine - BMD-printed paper ballots (and hand-marked absentee/provisional ballots) tabulated by optical scan; uniform statewide system,Dominion Voting Systems (now Liberty Vote),Democracy Suite 5.5-A,ImageCast X ballot-marking devices with printers; ImageCast Precinct scanners; ImageCast Central scanners (state-supplied; per-county counts not published),
Ware,13299,https://www.warecountyga.gov/,Election Supervisor,Carlos Jerome Nelson,"408 Tebeau St, Waycross, GA 31501","408 Tebeau St, Waycross, GA 31501",(912) 287-4363,cnelson@warecountyga.gov,Chief Registrar,Carlos Jerome Nelson,(912) 490-4363,cnelson@warecountyga.gov,https://www.warecountyga.gov/department-nodes/board-of-elections,no,https://sos.ga.gov/page/order-voter-registration-lists-and-files,No voter-list download found on the county site. The Georgia SOS sells the county voter list ($70; statewide $485) through its online store; county registrars may also furnish voter data under the Georgia Open Records Act (O.C.G.A. 50-18-70 et seq.).,https://www.warecountyga.gov/department-nodes/board-of-elections,https://www.warecountyga.gov/department-nodes/board-of-elections,,2024; undated,,,,,,,,,,,,automated crawl,,"Ballot images uploaded by the county to the SOS Ballot Image Library (ballotimages.sos.ga.gov) for 4 elections from the Nov 5, 2024 General Election onward.",https://www.warecountyga.gov/sysinfo-documents/open-records-request,County online portal / request page,Machine - BMD-printed paper ballots (and hand-marked absentee/provisional ballots) tabulated by optical scan; uniform statewide system,Dominion Voting Systems (now Liberty Vote),Democracy Suite 5.5-A,ImageCast X ballot-marking devices with printers; ImageCast Precinct scanners; ImageCast Central scanners (state-supplied; per-county counts not published),
Warren,13301,https://www.warrencountyga.com/,Election Supervisor,Lisa M. Smith,,"P.O. Box 186, Warrenton, GA 30828",(706) 465-2227,voting@warrencountyga.gov,Chief Registrar,Lisa M. Smith,(706) 465-2227,voting@warrencountyga.gov,https://www.warrencountyga.com/elections.html,no,https://sos.ga.gov/page/order-voter-registration-lists-and-files,No voter-list download found on the county site. The Georgia SOS sells the county voter list ($70; statewide $485) through its online store; county registrars may also furnish voter data under the Georgia Open Records Act (O.C.G.A. 50-18-70 et seq.).,https://www.warrencountyga.com/elections.html,https://results.sos.ga.gov/results/public/Georgia,SOS results portal,,,,,,,,,,,,,automated crawl,,"Ballot images uploaded by the county to the SOS Ballot Image Library (ballotimages.sos.ga.gov) for 6 elections from the Nov 5, 2024 General Election onward.",,"No online request portal found on the county site. Submit a written Open Records Act request (O.C.G.A. 50-18-71) by mail, email or in person to the county's open records officer - for election records, the election supervisor Lisa M. Smith, P.O. Box 186, Warrenton, GA 30828, (706) 465-2227, voting@warrencountyga.gov.",Machine - BMD-printed paper ballots (and hand-marked absentee/provisional ballots) tabulated by optical scan; uniform statewide system,Dominion Voting Systems (now Liberty Vote),Democracy Suite 5.5-A,ImageCast X ballot-marking devices with printers; ImageCast Precinct scanners; ImageCast Central scanners (state-supplied; per-county counts not published),
Washington,13303,https://www.washingtoncountyga.gov/,Election Supervisor,Cathy L. Hagans,"150 Riddleville Road, Sandersville, GA 31082","P.O. Box 5856, Sandersville, GA 31082",(478) 552-5239,clhagans@washingtoncountyga.gov,Chief Registrar,Cathy L. Hagans,(478) 552-5239,clhagans@washingtoncountyga.gov,https://www.washingtoncountyga.gov/203/Board-of-Elections-Registration,no,https://sos.ga.gov/page/order-voter-registration-lists-and-files,No voter-list download found on the county site. The Georgia SOS sells the county voter list ($70; statewide $485) through its online store; county registrars may also furnish voter data under the Georgia Open Records Act (O.C.G.A. 50-18-70 et seq.).,https://www.washingtoncountyga.gov/203/Board-of-Elections-Registration,https://results.sos.ga.gov/results/public/Georgia,SOS results portal,,,,,,,,,,,,,automated crawl,,"Ballot images uploaded by the county to the SOS Ballot Image Library (ballotimages.sos.ga.gov) for 7 elections from the Nov 5, 2024 General Election onward.",,"No online request portal found on the county site. Submit a written Open Records Act request (O.C.G.A. 50-18-71) by mail, email or in person to the county's open records officer - for election records, the election supervisor Cathy L. Hagans, P.O. Box 5856, Sandersville, GA 31082, (478) 552-5239, clhagans@washingtoncountyga.gov.",Machine - BMD-printed paper ballots (and hand-marked absentee/provisional ballots) tabulated by optical scan; uniform statewide system,Dominion Voting Systems (now Liberty Vote),Democracy Suite 5.5-A,ImageCast X ballot-marking devices with printers; ImageCast Precinct scanners; ImageCast Central scanners (state-supplied; per-county counts not published),
Wayne,13305,https://www.waynecountyga.us/,Election Supervisor,Robby Smart,"306 Pine Street, Jesup, GA 31546","306 Pine Street, Jesup, GA 31546",(912) 427-5941,robby.smart@waynecountyga.us,Chief Registrar,Beth Thompson,(912) 427-5950,bthompson@waynecountyga.us,https://www.waynecountyga.us/department/index.php?structureid=23,no,https://sos.ga.gov/page/order-voter-registration-lists-and-files,No voter-list download found on the county site. The Georgia SOS sells the county voter list ($70; statewide $485) through its online store; county registrars may also furnish voter data under the Georgia Open Records Act (O.C.G.A. 50-18-70 et seq.).,https://www.waynecountyga.us/department/index.php?structureid=23,https://results.sos.ga.gov/results/public/Georgia,SOS results portal,,,,,,,,,,,,,automated crawl,,"Ballot images uploaded by the county to the SOS Ballot Image Library (ballotimages.sos.ga.gov) for 6 elections from the Nov 5, 2024 General Election onward.",,"No online request portal found on the county site. Submit a written Open Records Act request (O.C.G.A. 50-18-71) by mail, email or in person to the county's open records officer - for election records, the election supervisor Robby Smart, 306 Pine Street, Jesup, GA 31546, (912) 427-5941, robby.smart@waynecountyga.us.",Machine - BMD-printed paper ballots (and hand-marked absentee/provisional ballots) tabulated by optical scan; uniform statewide system,Dominion Voting Systems (now Liberty Vote),Democracy Suite 5.5-A,ImageCast X ballot-marking devices with printers; ImageCast Precinct scanners; ImageCast Central scanners (state-supplied; per-county counts not published),
Webster,13307,http://webstercountyga.org/,Election Supervisor,Patricia Burks,"40 Cemetery Road, Preston, GA 31824","P.O. Box 29, Preston, GA 31824",(229) 828-5775,websterfinance@windstream.net,Chief Registrar,Bonnie Kay Witt,(229) 828-5775,websterfinance@windstream.net,http://webstercountyga.org/boelections/,no,https://sos.ga.gov/page/order-voter-registration-lists-and-files,No voter-list download found on the county site. The Georgia SOS sells the county voter list ($70; statewide $485) through its online store; county registrars may also furnish voter data under the Georgia Open Records Act (O.C.G.A. 50-18-70 et seq.).,http://webstercountyga.org/boelections/,https://results.sos.ga.gov/results/public/Georgia,SOS results portal,,,,,,,,,,,,,automated crawl,,"Ballot images uploaded by the county to the SOS Ballot Image Library (ballotimages.sos.ga.gov) for 2 elections from the Nov 5, 2024 General Election onward; none listed for the May 19, 2026 General Primary.",,"No online request portal found on the county site. Submit a written Open Records Act request (O.C.G.A. 50-18-71) by mail, email or in person to the county's open records officer - for election records, the election supervisor Patricia Burks, P.O. Box 29, Preston, GA 31824, (229) 828-5775, websterfinance@windstream.net.",Machine - BMD-printed paper ballots (and hand-marked absentee/provisional ballots) tabulated by optical scan; uniform statewide system,Dominion Voting Systems (now Liberty Vote),Democracy Suite 5.5-A,ImageCast X ballot-marking devices with printers; ImageCast Precinct scanners; ImageCast Central scanners (state-supplied; per-county counts not published),
Wheeler,13309,https://wheelercounty.org/,Election Supervisor,Karen Higgs Mercer,"16 W Forest Ave, 101B, Alamo, GA 30411","16 W Forest Ave, 101B, Alamo, GA 30411",(912) 568-0095,wcregistrars@windstream.net,Chief Registrar,Karen Higgs Mercer,(912) 568-0095,wcregistrars@windstream.net,https://mvp.sos.ga.gov/s/county-election-offices?page=countyelectionoffice&county=WHEELER,no,https://sos.ga.gov/page/order-voter-registration-lists-and-files,No voter-list download found on the county site. The Georgia SOS sells the county voter list ($70; statewide $485) through its online store; county registrars may also furnish voter data under the Georgia Open Records Act (O.C.G.A. 50-18-70 et seq.).,https://mvp.sos.ga.gov/s/county-election-offices?page=countyelectionoffice&county=WHEELER,https://results.sos.ga.gov/results/public/Georgia,SOS results portal,,,,,,,,,,,,,county site returns a Cloudflare browser challenge that did not clear; not reviewed,,"No county elections page found (county site could not be reviewed); elections_url points to the SOS County Election Offices listing. Ballot images uploaded by the county to the SOS Ballot Image Library (ballotimages.sos.ga.gov) for 5 elections from the Nov 5, 2024 General Election onward.",,"No online request portal found on the county site. Submit a written Open Records Act request (O.C.G.A. 50-18-71) by mail, email or in person to the county's open records officer - for election records, the election supervisor Karen Higgs Mercer, 16 W Forest Ave, 101B, Alamo, GA 30411, (912) 568-0095, wcregistrars@windstream.net.",Machine - BMD-printed paper ballots (and hand-marked absentee/provisional ballots) tabulated by optical scan; uniform statewide system,Dominion Voting Systems (now Liberty Vote),Democracy Suite 5.5-A,ImageCast X ballot-marking devices with printers; ImageCast Precinct scanners; ImageCast Central scanners (state-supplied; per-county counts not published),
White,13311,https://www.whitecountyga.gov/,Election Supervisor,Amie Veater,"1241 Helen HWY, 210, Cleveland, GA 30528","1241 Helen HWY, 210, Cleveland, GA 30528",(706) 865-7812,elections@whitecountyga.gov,Chief Registrar,April Kastner,(706) 865-7812,elections@whitecountyga.gov,https://www.whitecountyga.gov/212/Board-of-Elections-and-Registration,no,https://sos.ga.gov/page/order-voter-registration-lists-and-files,No voter-list download found on the county site. The Georgia SOS sells the county voter list ($70; statewide $485) through its online store; county registrars may also furnish voter data under the Georgia Open Records Act (O.C.G.A. 50-18-70 et seq.).,https://www.whitecountyga.gov/212/Board-of-Elections-and-Registration,https://www.whitecountyga.gov/473/2025-Results-Turnout,,2022-2026,,,,,,,,,,,,automated crawl,,"Ballot images uploaded by the county to the SOS Ballot Image Library (ballotimages.sos.ga.gov) for 6 elections from the Nov 5, 2024 General Election onward.",https://www.whitecountyga.gov/561/Open-Records-Request,County online portal / request page,Machine - BMD-printed paper ballots (and hand-marked absentee/provisional ballots) tabulated by optical scan; uniform statewide system,Dominion Voting Systems (now Liberty Vote),Democracy Suite 5.5-A,ImageCast X ballot-marking devices with printers; ImageCast Precinct scanners; ImageCast Central scanners (state-supplied; per-county counts not published),
Whitfield,13313,https://www.whitfieldcountyga.gov/,Election Supervisor,Shaynee Bryson,"205 N Selvidge St, Suite K, Dalton, GA 30720","205 N Selvidge St, Suite K, Dalton, GA 30720",(706) 278-7183,sbryson@whitfieldcountyga.gov,Chief Registrar,Shaynee Bryson,(706) 278-7183,sbryson@whitfieldcountyga.gov,https://www.whitfieldcountyga.com/government/departments/elections.php,no,https://sos.ga.gov/page/order-voter-registration-lists-and-files,No voter-list download found on the county site. The Georgia SOS sells the county voter list ($70; statewide $485) through its online store; county registrars may also furnish voter data under the Georgia Open Records Act (O.C.G.A. 50-18-70 et seq.).,https://www.whitfieldcountyga.com/government/departments/elections.php,https://www.whitfieldcountyga.com/government/departments/elections.php,SOS results portal,2022-2026; undated,,,,,,,,,,,,automated crawl,,"The elections page also links the SOS Cast Vote Records and Ballot Image Library pages. Ballot images uploaded by the county to the SOS Ballot Image Library (ballotimages.sos.ga.gov) for 6 elections from the Nov 5, 2024 General Election onward.",https://www.whitfieldcountyga.com/Documents/How%20Do%20I/Find/WCORRF.pdf,Download the county Open Records Request form (PDF) and submit it to the county,Machine - BMD-printed paper ballots (and hand-marked absentee/provisional ballots) tabulated by optical scan; uniform statewide system,Dominion Voting Systems (now Liberty Vote),Democracy Suite 5.5-A,ImageCast X ballot-marking devices with printers; ImageCast Precinct scanners; ImageCast Central scanners (state-supplied; per-county counts not published),
Wilcox,13315,https://www.wilcoxcountygeorgia.com/,Election Supervisor,Hannah F. Price,"239 Gordon St, Rochelle, GA 31079","239 Gordon St, Rochelle, GA 31079",(229) 399-0050,wilcoxcountyelectionsga@outlook.com,Chief Registrar,Hannah F. Price,(229) 399-0050,wilcoxcountyelectionsga@outlook.com,https://www.wilcoxcountygeorgia.com/184/Elections,no,https://sos.ga.gov/page/order-voter-registration-lists-and-files,No voter-list download found on the county site. The Georgia SOS sells the county voter list ($70; statewide $485) through its online store; county registrars may also furnish voter data under the Georgia Open Records Act (O.C.G.A. 50-18-70 et seq.).,https://www.wilcoxcountygeorgia.com/184/Elections,https://results.sos.ga.gov/results/public/Georgia,SOS results portal,,,,,,,,,,,,,automated crawl,,"Ballot images uploaded by the county to the SOS Ballot Image Library (ballotimages.sos.ga.gov) for 5 elections from the Nov 5, 2024 General Election onward.",,"No online request portal found on the county site. Submit a written Open Records Act request (O.C.G.A. 50-18-71) by mail, email or in person to the county's open records officer - for election records, the election supervisor Hannah F. Price, 239 Gordon St, Rochelle, GA 31079, (229) 399-0050, wilcoxcountyelectionsga@outlook.com.",Machine - BMD-printed paper ballots (and hand-marked absentee/provisional ballots) tabulated by optical scan; uniform statewide system,Dominion Voting Systems (now Liberty Vote),Democracy Suite 5.5-A,ImageCast X ballot-marking devices with printers; ImageCast Precinct scanners; ImageCast Central scanners (state-supplied; per-county counts not published),
Wilkes,13317,https://www.wilkescountyga.org/,Election Supervisor,Henry E. Crew,"23 Court Street, Rm. 113, Washington, GA 30673","23 Court Street, Rm. 113, Washington, GA 30673",(706) 678-1850,wilkescovoter@wilkescountyga.org,Chief Registrar,Henry E. Crew,(706) 678-1850,wilkescovoter@wilkescountyga.org,https://www.wilkescountyga.org/boe,no,https://sos.ga.gov/page/order-voter-registration-lists-and-files,No voter-list download found on the county site. The Georgia SOS sells the county voter list ($70; statewide $485) through its online store; county registrars may also furnish voter data under the Georgia Open Records Act (O.C.G.A. 50-18-70 et seq.).,https://www.wilkescountyga.org/boe,https://results.sos.ga.gov/results/public/Georgia,SOS results portal,,,,,,,,,,,,,browser check (site blocks scripted requests); elections pages post notices and voter information only,,"Ballot images uploaded by the county to the SOS Ballot Image Library (ballotimages.sos.ga.gov) for 6 elections from the Nov 5, 2024 General Election onward.",,"No online request portal found on the county site. Submit a written Open Records Act request (O.C.G.A. 50-18-71) by mail, email or in person to the county's open records officer - for election records, the election supervisor Henry E. Crew, 23 Court Street, Rm. 113, Washington, GA 30673, (706) 678-1850, wilkescovoter@wilkescountyga.org.",Machine - BMD-printed paper ballots (and hand-marked absentee/provisional ballots) tabulated by optical scan; uniform statewide system,Dominion Voting Systems (now Liberty Vote),Democracy Suite 5.5-A,ImageCast X ballot-marking devices with printers; ImageCast Precinct scanners; ImageCast Central scanners (state-supplied; per-county counts not published),
Wilkinson,13319,https://www.wilkinsoncounty.net/,Election Supervisor,Kelly S. Chatman,"186, Irwinton, GA 31042","186, Irwinton, GA 31042",(478) 946-2188,elections@wilkinsoncounty.net,Chief Registrar,Kelly S. Chatman,(478) 946-2188,elections@wilkinsoncounty.net,https://www.wilkinsoncounty.net/elections-and-registrations-2/,no,https://sos.ga.gov/page/order-voter-registration-lists-and-files,No voter-list download found on the county site. The Georgia SOS sells the county voter list ($70; statewide $485) through its online store; county registrars may also furnish voter data under the Georgia Open Records Act (O.C.G.A. 50-18-70 et seq.).,https://www.wilkinsoncounty.net/elections-and-registrations-2/,https://www.wilkinsoncounty.net/elections-and-registrations-2/,,2022,,,,,,,,,,,,automated crawl,,"Ballot images uploaded by the county to the SOS Ballot Image Library (ballotimages.sos.ga.gov) for 5 elections from the Nov 5, 2024 General Election onward.",,"No online request portal found on the county site. Submit a written Open Records Act request (O.C.G.A. 50-18-71) by mail, email or in person to the county's open records officer - for election records, the election supervisor Kelly S. Chatman, 186, Irwinton, GA 31042, (478) 946-2188, elections@wilkinsoncounty.net.",Machine - BMD-printed paper ballots (and hand-marked absentee/provisional ballots) tabulated by optical scan; uniform statewide system,Dominion Voting Systems (now Liberty Vote),Democracy Suite 5.5-A,ImageCast X ballot-marking devices with printers; ImageCast Precinct scanners; ImageCast Central scanners (state-supplied; per-county counts not published),
Worth,13321,https://www.worthcountyboc.com/,Election Supervisor,Brandy Nichol Bowles,"201 N Main St, Room 10, Sylvester, GA 31791","201 N Main St, Room 10, Sylvester, GA 31791",(229) 776-8208,wcboe.supervisor@gmail.com,Chief Registrar,Brandy Bowles,(229) 776-8208,wcboe.supervisor@gmail.com,https://www.worthcountyboc.com/elections,no,https://sos.ga.gov/page/order-voter-registration-lists-and-files,No voter-list download found on the county site. The Georgia SOS sells the county voter list ($70; statewide $485) through its online store; county registrars may also furnish voter data under the Georgia Open Records Act (O.C.G.A. 50-18-70 et seq.).,https://www.worthcountyboc.com/elections,https://www.worthcountyboc.com/elections/page/results,SOS results portal,2024-2026,,2024,,,,,,,,,,"browser check (site blocks scripted requests); results page posts election summary / SOVC reports, daily absentee and advance-voting reports, Nov 2024 reconciliation report",,"Ballot images uploaded by the county to the SOS Ballot Image Library (ballotimages.sos.ga.gov) for 5 elections from the Nov 5, 2024 General Election onward.",,"No online request portal found on the county site. Submit a written Open Records Act request (O.C.G.A. 50-18-71) by mail, email or in person to the county's open records officer - for election records, the election supervisor Brandy Nichol Bowles, 201 N Main St, Room 10, Sylvester, GA 31791, (229) 776-8208, wcboe.supervisor@gmail.com.",Machine - BMD-printed paper ballots (and hand-marked absentee/provisional ballots) tabulated by optical scan; uniform statewide system,Dominion Voting Systems (now Liberty Vote),Democracy Suite 5.5-A,ImageCast X ballot-marking devices with printers; ImageCast Precinct scanners; ImageCast Central scanners (state-supplied; per-county counts not published),
