VUIDNO,PCTCOD,PCTSPT,EDRDAT,DOB,GENDER,LSTNAM,FSTNAM,MIDNAM,BLKNUM,STRPRE,STRNAM,STRTYP,UNITYP,UNITNO,RSCITY,RZIPCD,SUSIND,G22VOTED,G24VOTED,P26VOTED
1001069387,101,C,20220217,19570801,F,Brooks,Jessica,M,900,N,Hillside,ST,,,Austin,78741,,Y,Y,
1049639042,101,B,20080726,20021123,M,Campbell,Carlos,R,8038,,Creekside,AVE,UNIT,337,Cedar Park,78613,,,Y,Y
1003896577,101,A,20220306,19820824,M,Mitchell,Miguel,A,4360,,Meadow,AVE,,,Austin,78751,,,Y,
1073523751,101,C,20240516,19470127,F,Reyes,Ashley,L,8976,S,Escarpment,AVE,,,Austin,78701,,Y,,Y
1002171606,101,A,20131128,19670517,F,Sanders,Barbara,A,3600,N,Elm,CT,STE,330,Round Rock,78681,,Y,,
1059039465,101,C,20121124,19490923,F,Thompson,Michelle,,8200,N,Maple,PL,,,Del Valle,78617,,,Y,Y
1019626440,102,C,20250106,19610623,M,Chen,Steven,,5755,N,Oak,CT,APT,123,Round Rock,78664,,,Y,Y
1075301769,102,B,20090515,19970522,M,Davis,Miguel,A,2332,,Magnolia,ST,STE,203,Leander,78641,,,,
1022122525,102,,20231223,19681113,F,Patel,Isabella,M,8664,,Maple,WAY,,,Austin,78701,,Y,Y,
1005050516,102,A,20100524,19791012,M,Roberts,Jose,Lee,100,,Duval,PL,,,Austin,78702,,Y,,Y
1020797100,102,,20190627,19510813,F,Thomas,Melissa,Ann,4800,,Live Oak,PL,APT,241,Cedar Park,78613,,Y,Y,Y
1002328883,102,A,20231101,19840307,F,Ward,Mary,Lee,1300,E,Elm,LN,,,Round Rock,78665,,,Y,Y
1056055429,102,C,20110301,19971127,F,Williams,Amy,,2300,,Braker,AVE,,,Leander,78641,,Y,Y,
1066923787,103,,20210306,19711217,F,Davis,Susan,Marie,2700,E,Creekside,TRL,,,Del Valle,78617,,Y,Y,
1084520639,103,A,20190704,19560703,F,Rodriguez,Margaret,,5500,,Slaughter,RD,,,Pflugerville,78660,,,,
1008528504,103,,20201027,19990428,M,Scott,James,Ann,2875,,Slaughter,WAY,,,Round Rock,78665,S,,Y,Y
1021339125,103,B,20240219,19950701,F,Taylor,Ashley,,9800,N,Balcones,CT,,,Austin,78723,,,Y,
1072827504,104,C,20120308,19661027,F,Adams,Susan,L,3900,,Hillside,LN,,,Pflugerville,78660,,Y,,
1061741159,104,B,20080714,19930212,F,Cooper,Jessica,E,6100,E,Live Oak,ST,,,Austin,78751,,,,
1086876352,104,C,20120625,19571202,F,Reyes,Maria,R,7961,,Pecan,ST,#,73,Round Rock,78681,,,Y,
1069802413,104,,20150514,19670711,M,Roberts,Joshua,Marie,5600,N,Oak,PL,,,Leander,78641,,Y,,
1050693286,104,C,20170315,19670923,M,Sanchez,Daniel,M,3034,S,Duval,CIR,,,Round Rock,78681,,Y,,Y
1073606464,104,,20111026,19920119,M,Smith,Mark,Lee,1500,,Meadow,PL,UNIT,159,Del Valle,78617,,Y,Y,
1051186809,105,A,20150717,19701028,M,Roberts,Jacob,,626,E,Anderson,DR,STE,310,Round Rock,78665,,Y,Y,Y
1028825202,106,C,20131203,19860520,M,Barnes,William,M,5800,,Live Oak,PL,,,Pflugerville,78660,,,,Y
1018031962,106,B,20201018,20020918,M,Brooks,Carlos,A,778,S,Hillside,DR,APT,237,Round Rock,78664,,Y,Y,
1087800546,106,,20150912,19780617,M,Davis,Eric,,3357,W,Congress,CIR,,,Pflugerville,78660,,Y,Y,Y
1071055185,106,,20240420,19961228,M,Hill,Daniel,L,2657,,Live Oak,ST,,,Austin,78703,,Y,,Y
1028754021,106,A,20171022,19420819,F,Jackson,Elizabeth,Lee,7298,,Balcones,BLVD,,,Pflugerville,78660,,,,Y
1053219975,106,B,20120304,20050425,F,Murphy,Sofia,,7900,S,Oak,ST,STE,389,Round Rock,78664,,Y,,
1089100153,106,,20111011,19451028,F,Price,Amy,Rose,7200,,Riverside,LN,,,Del Valle,78617,,Y,Y,Y
1094619795,106,B,20230227,19450216,F,Young,Susan,M,8200,N,Anderson,LN,,,Leander,78641,,Y,,
1041742725,107,B,20230222,19840615,F,Baker,Melissa,,2100,,Oak,WAY,,,Cedar Park,78613,,,,
1096725322,107,C,20180409,19481226,M,Taylor,David,A,2060,N,Creekside,AVE,,,Leander,78641,,Y,,Y
1073692056,108,,20160423,19571210,F,Gomez,Ashley,Ann,8410,,Pecan,PL,,,Austin,78702,,Y,Y,Y
1085087565,108,A,20170103,19480308,F,Hall,Nancy,Rose,4600,N,Menchaca,TRL,#,233,Leander,78641,,Y,,
1028043743,108,B,20161208,19971225,M,White,Joseph,Ann,1000,E,Hillside,DR,,,Round Rock,78681,,Y,Y,Y
1090135742,109,B,20211103,19681020,F,Bailey,Isabella,A,7071,,Guadalupe,TRL,UNIT,387,Austin,78758,,,Y,
1058759759,109,B,20120523,19450425,M,Coleman,David,E,9090,S,Brodie,RD,,,Cedar Park,78613,S,Y,,Y
1050419239,109,A,20101018,19430208,M,Cooper,Jose,,9011,,Maple,PL,APT,93,Del Valle,78617,,,,
1052303082,109,A,20250327,19860703,M,Gray,Aaron,Ann,3400,,Meadow,LN,,,Pflugerville,78660,,Y,,Y
1047632114,109,,20200407,19940326,M,King,Aaron,M,2300,N,Sycamore,LN,UNIT,124,Cedar Park,78613,S,,,Y
1082855808,109,C,20180913,20070215,M,Lewis,Aaron,R,9000,,Brodie,PL,,,Pflugerville,78660,,,Y,Y
1064164404,109,C,20200827,19601107,F,Peterson,Grace,J,5749,,Guadalupe,PL,,,Pflugerville,78660,,Y,Y,
1037025323,109,A,20081105,19820324,M,Ramos,Anthony,,7300,,Meadow,RD,,,Austin,78753,,Y,,Y
1092538352,109,,20250111,19350513,M,Sanchez,Miguel,Ann,1450,E,Far West,RD,STE,259,Del Valle,78617,,Y,,Y
1031900651,109,,20100509,19550117,M,Sanders,James,,3217,,Sycamore,CT,,,Cedar Park,78613,S,,,
1031279315,109,A,20210107,19820726,M,White,John,R,8000,,Magnolia,DR,,,Cedar Park,78613,,Y,,
1031611813,109,A,20210311,19620610,M,Wright,James,A,4602,S,Slaughter,AVE,,,Austin,78745,,,Y,
1033501243,110,C,20161225,19481203,M,Adams,Joshua,L,5427,,Balcones,PL,,,Pflugerville,78660,,,Y,
1006174933,110,B,20221004,20020606,F,Flores,Lisa,,4400,N,Sycamore,RD,,,Austin,78702,,,Y,
1018874683,110,,20201018,19730605,M,Gomez,Andrew,,6337,W,Far West,DR,APT,206,Leander,78641,,,Y,Y
1029238745,110,C,20110108,19870126,F,Kelly,Patricia,Ann,4100,S,Far West,AVE,,,Cedar Park,78613,,,,Y
1010443630,110,C,20150211,20000409,M,Martinez,James,R,4269,,Menchaca,DR,#,281,Cedar Park,78613,,,Y,Y
1078293445,111,A,20220826,20031221,M,Gonzalez,James,,1490,,Lakeview,BLVD,STE,293,Round Rock,78664,,,Y,
1070631323,111,A,20250513,19880602,F,Perez,Mary,Rose,7400,,Guadalupe,LN,,,Austin,78702,,Y,,
1030635010,112,A,20180304,19951227,M,Barnes,Charles,,2679,E,Guadalupe,CT,#,379,Pflugerville,78660,,Y,Y,Y
1022614374,112,,20121208,19950322,F,Cox,Rebecca,,4300,,Pecan,TRL,APT,335,Leander,78641,,,,
1080457218,112,,20150416,19690523,F,Garcia,Grace,J,8600,,Elm,BLVD,#,400,Round Rock,78664,,Y,Y,
1042518419,112,A,20251012,20021209,M,Henderson,Joseph,E,3500,N,Oak,ST,,,Pflugerville,78660,S,,,Y
1058904072,113,A,20230605,19720925,F,Patel,Melissa,M,5100,,Lamar,RD,,,Leander,78641,,Y,,Y
1060016064,113,B,20090925,19710118,M,Ramos,Paul,J,4500,,Creekside,PL,STE,211,Austin,78703,,Y,Y,Y
1004398127,113,A,20091215,19600717,M,Thomas,Jose,Lee,1900,N,Balcones,PL,STE,131,Round Rock,78681,,,,Y
1057305068,114,A,20190408,19440224,F,Brown,Angela,R,6100,S,Duval,CT,,,Pflugerville,78660,,Y,,Y
1029328741,114,,20080504,19930222,M,Johnson,Joshua,L,4200,W,Parmer,AVE,#,219,Austin,78741,,,,Y
1039882561,114,C,20220913,19730309,F,Richardson,Sofia,J,600,,Menchaca,DR,,,Austin,78758,,,,Y
1035467511,115,C,20220717,20000903,F,Bennett,Sarah,R,2800,E,Duval,CT,,,Leander,78641,,Y,,
1073448343,115,A,20090120,19621106,M,Cox,Steven,,3091,,Burnet,PL,APT,394,Del Valle,78617,S,,Y,
1062913984,115,A,20140327,19850818,F,Hill,Maria,L,221,,Lakeview,WAY,,,Del Valle,78617,,Y,Y,
1071085001,115,,20190211,19581118,M,Price,Daniel,Rose,9500,N,Anderson,ST,APT,255,Pflugerville,78660,,Y,Y,Y
1093819995,115,C,20081120,19840602,M,Richardson,Paul,Marie,6238,,Far West,LN,APT,365,Austin,78758,,Y,,Y
1021832325,116,A,20250715,19850515,F,Allen,Margaret,,9114,,Anderson,CIR,,,Pflugerville,78660,,,,Y
1038296868,116,A,20221227,19641023,F,Carter,Stephanie,Rose,2800,N,Guadalupe,CT,#,216,Leander,78641,,Y,Y,
1091356126,116,B,20200120,19560328,F,Ramos,Margaret,M,8200,W,Parmer,CT,,,Del Valle,78617,,,,
1088359061,116,C,20120702,19970805,F,Thompson,Rebecca,E,2937,N,Balcones,TRL,,,Round Rock,78681,,Y,Y,Y
1083996687,117,,20250206,19820926,F,Bennett,Jennifer,E,8982,,Oak,BLVD,#,140,Round Rock,78665,,,Y,Y
1074955396,117,,20250225,19960314,M,Brown,Luis,Rose,1600,N,Elm,WAY,APT,328,Round Rock,78681,,Y,Y,Y
1013401940,117,A,20080706,19900226,M,Flores,David,,1700,,Riverside,TRL,,,Pflugerville,78660,,Y,Y,Y
1050595945,117,C,20100119,19890204,F,Reyes,Amy,Marie,6112,W,Slaughter,ST,,,Del Valle,78617,,,,Y
1045748313,117,A,20240901,20010917,F,Robinson,Jennifer,Rose,1400,,Live Oak,BLVD,#,368,Cedar Park,78613,,Y,,Y
1072459922,117,A,20160319,19550923,M,Rodriguez,Joshua,M,7069,,Lakeview,TRL,,,Austin,78745,,Y,Y,
1069574079,117,B,20100112,19640709,M,Torres,Juan,M,700,,Magnolia,LN,STE,4,Cedar Park,78613,,,Y,Y
1013287188,119,B,20200616,19820904,F,Flores,Ashley,Marie,8817,,Riverside,WAY,,,Pflugerville,78660,,,Y,Y
1094767028,119,C,20200325,19550607,F,Henderson,Maria,M,7832,E,Escarpment,WAY,APT,231,Cedar Park,78613,,Y,Y,
1043298729,119,C,20230310,19600928,M,King,William,,1300,,Sycamore,LN,UNIT,161,Cedar Park,78613,,Y,,Y
1072425926,119,A,20190315,19861208,M,Lee,Juan,Rose,7900,,Braker,TRL,APT,184,Cedar Park,78613,,,Y,
1090988946,119,A,20171124,19640123,M,Sanchez,Kevin,Marie,2430,,Elm,WAY,APT,215,Leander,78641,,Y,Y,
1050486481,120,C,20130811,19860325,M,Cox,Luis,,6200,,Congress,CIR,APT,267,Leander,78641,,Y,Y,
1013074554,120,A,20111128,19590209,M,Howard,Miguel,L,4520,N,Sycamore,PL,UNIT,74,Leander,78641,,Y,,Y
1005015368,120,A,20250612,19990904,F,Martinez,Jessica,L,4400,W,Brodie,TRL,APT,178,Leander,78641,,Y,Y,Y
1018077033,120,,20240906,19941210,M,Price,Jose,J,1700,,Live Oak,CIR,,,Leander,78641,,,Y,
1030287424,121,,20121124,19440524,M,Adams,Christopher,,2900,,Menchaca,WAY,#,280,Round Rock,78664,,Y,,Y
1061753645,121,,20171225,19470907,F,Baker,Mary,M,9457,W,Lamar,CT,,,Pflugerville,78660,,,Y,
1015581338,121,C,20220818,19720102,F,Flores,Rebecca,Marie,8300,,Anderson,TRL,STE,140,Cedar Park,78613,,Y,Y,
1069768311,121,B,20110807,19940510,M,Peterson,Jacob,,2776,,Live Oak,TRL,,,Round Rock,78664,,Y,,Y
1090204642,121,,20080808,19420125,F,Rivera,Rebecca,Rose,361,,Menchaca,RD,UNIT,135,Austin,78705,,Y,Y,Y
1045102951,121,A,20080210,19440706,F,Robinson,Grace,,2107,W,Lamar,WAY,,,Cedar Park,78613,,,,Y
1024944519,121,,20140804,20001021,F,Taylor,Angela,Ann,1700,,Sycamore,DR,UNIT,125,Cedar Park,78613,,Y,Y,Y
1092820259,122,B,20171106,19790918,M,Brown,Andrew,Ann,7500,S,Pecan,RD,,,Pflugerville,78660,,Y,,Y
1095211320,122,B,20180204,19770702,F,Richardson,Jessica,J,4744,,Live Oak,ST,STE,106,Pflugerville,78660,,Y,Y,Y
1022397558,122,B,20120423,19430322,F,Robinson,Jennifer,L,8700,E,Congress,AVE,,,Cedar Park,78613,,Y,Y,Y
1046049837,122,C,20250526,19820223,F,White,Lisa,Ann,8457,N,Congress,RD,,,Cedar Park,78613,,,Y,
1017128762,123,A,20231223,19641214,F,Baker,Amy,,9800,N,Elm,RD,,,Austin,78741,S,,,
1052246068,123,,20120507,20050605,M,Watson,Paul,,8800,,Brodie,ST,,,Pflugerville,78660,,Y,Y,
1049516950,124,A,20191227,19890710,M,Clark,Eric,Marie,2500,,Far West,WAY,UNIT,187,Del Valle,78617,,,Y,
1032538070,124,B,20111110,19701226,M,Cox,Joshua,Lee,6100,S,Congress,CT,,,Round Rock,78664,,Y,Y,
1077557929,124,A,20200122,19610307,M,Flores,William,Marie,8293,,Sycamore,TRL,UNIT,252,Del Valle,78617,,,,Y
1045732708,124,A,20220101,19570906,F,Garcia,Ashley,Marie,8200,S,Anderson,PL,,,Del Valle,78617,,Y,Y,Y
1082652562,124,A,20090805,19470506,M,Green,Paul,M,300,E,Lamar,LN,,,Leander,78641,,Y,,Y
1041322979,124,B,20120417,19770506,F,Mitchell,Emily,Marie,4291,,Elm,BLVD,,,Cedar Park,78613,,,Y,Y
1089750833,124,A,20250307,19501114,F,Smith,Mary,Lee,7057,,Guadalupe,RD,,,Pflugerville,78660,,Y,Y,Y
1076055434,124,B,20190717,19990205,F,Williams,Ana,Ann,2432,S,Hillside,AVE,UNIT,228,Round Rock,78681,,,Y,Y
1066547203,125,B,20161012,19980821,M,Adams,Robert,R,8400,,Lamar,LN,STE,190,Del Valle,78617,,,Y,
1038032918,125,,20130820,19350213,F,Green,Laura,,3921,,Creekside,RD,,,Leander,78641,,Y,,
1076177039,125,A,20241105,19380407,F,Jackson,Jennifer,Rose,5949,E,Anderson,DR,APT,370,Cedar Park,78613,,Y,,Y
1027096300,125,C,20191102,19870924,F,Mitchell,Jennifer,M,8400,,Pecan,AVE,,,Leander,78641,,Y,Y,Y
1036200289,125,A,20231119,19610216,F,Wright,Jennifer,R,7194,,Brodie,AVE,,,Del Valle,78617,,,,
1065603722,126,C,20250614,19510413,F,Anderson,Susan,Rose,1800,N,Riverside,LN,#,167,Cedar Park,78613,,,,Y
1061576687,126,A,20240210,19880808,M,Clark,Joshua,,9100,,Maple,RD,,,Cedar Park,78613,,Y,,Y
1062486333,126,B,20100717,20030226,F,Coleman,Isabella,Marie,7300,N,Meadow,AVE,,,Cedar Park,78613,S,,,Y
1084575046,126,,20150715,19450113,F,Coleman,Susan,L,5200,,Sycamore,DR,#,129,Del Valle,78617,,,,
1079509005,126,B,20220106,19990316,F,Gomez,Olivia,,6536,S,Menchaca,ST,,,Del Valle,78617,,,Y,Y
1035083352,126,C,20251116,19761007,M,Harris,James,E,4355,,Brodie,RD,,,Round Rock,78681,,Y,,Y
1067935684,126,B,20201122,20050104,M,Price,Luis,R,300,S,Brodie,TRL,#,57,Leander,78641,,,Y,
1043216698,126,C,20100408,19680823,M,Ross,Anthony,E,850,E,Slaughter,PL,,,Leander,78641,,Y,,Y
1008418429,127,B,20090504,19540923,M,Garcia,Miguel,A,7239,W,Pecan,BLVD,APT,252,Round Rock,78681,,,Y,
1025834020,127,C,20140414,19730226,F,Hernandez,Stephanie,Lee,8242,W,Menchaca,RD,STE,248,Austin,78748,,Y,Y,
1023645382,127,B,20120212,19561228,M,Martin,Daniel,Marie,1000,W,Maple,RD,,,Cedar Park,78613,,Y,Y,Y
1031298072,127,A,20211023,19640913,F,Peterson,Jennifer,J,1996,,Lamar,TRL,,,Austin,78751,,Y,Y,
1023427025,127,C,20080101,19831124,F,Peterson,Jennifer,J,9500,,Lamar,WAY,,,Del Valle,78617,,,Y,Y
1066935612,127,,20091227,19730903,F,Price,Stephanie,A,6600,,Far West,CIR,,,Austin,78748,,Y,Y,
1084463637,128,B,20190611,19750728,F,Cooper,Sandra,E,2681,,Escarpment,LN,,,Cedar Park,78613,,Y,Y,
1004695428,128,,20110824,19501128,F,Cox,Ana,Rose,2721,S,Live Oak,CT,,,Del Valle,78617,,Y,,Y
1022382801,128,B,20231212,19840516,F,Davis,Ana,J,3600,,Cedar,CIR,UNIT,116,Del Valle,78617,,Y,,
1048765919,128,C,20221123,19500301,F,Davis,Stephanie,M,8036,S,Duval,CT,UNIT,308,Round Rock,78664,,Y,,
1024537068,128,B,20190113,19680612,F,Moore,Sarah,L,1000,,Magnolia,ST,,,Leander,78641,,Y,Y,Y
1019673711,128,,20080915,19790206,M,Ramos,Jose,,8701,,Balcones,TRL,,,Del Valle,78617,,,Y,Y
1068399325,128,B,20150303,19701227,M,Roberts,Joseph,Marie,8400,W,Oak,DR,UNIT,374,Leander,78641,,Y,Y,Y
1014319654,128,A,20250202,19450415,M,White,Carlos,J,3161,S,Parmer,TRL,,,Pflugerville,78660,,,Y,
1098097836,129,B,20140912,20020322,F,Carter,Maria,A,8633,N,Elm,CT,,,Pflugerville,78660,,Y,,Y
1039010685,129,A,20101021,20000818,M,Chen,Robert,Marie,7900,,Oak,DR,,,Pflugerville,78660,,,Y,
1033261542,129,A,20081016,19850701,F,Hall,Ashley,,8600,S,Maple,CIR,APT,299,Pflugerville,78660,,,Y,
1005147614,129,,20160805,19460921,F,Thompson,Emily,Marie,6400,S,Lamar,WAY,#,301,Cedar Park,78613,,,,Y
1036870597,130,B,20100803,19840912,M,Flores,Mark,J,6700,,Live Oak,WAY,,,Pflugerville,78660,,Y,,Y
1019324641,130,A,20220511,19391203,M,Harris,Juan,A,4800,,Burnet,CT,,,Del Valle,78617,,Y,,Y
1097321972,130,,20230615,19530326,F,Lee,Grace,,5200,,Elm,LN,,,Round Rock,78681,,Y,Y,
1021385726,130,A,20100917,19371007,M,Richardson,Michael,Ann,6879,E,Meadow,PL,,,Pflugerville,78660,,,,Y
1053247524,131,B,20100402,19520910,M,Chen,Christopher,L,8218,,Guadalupe,TRL,,,Pflugerville,78660,,Y,,Y
1010992291,131,A,20160808,19520228,F,Nguyen,Olivia,A,8000,,Braker,ST,,,Pflugerville,78660,,Y,,Y
1009506362,132,,20210520,19480622,F,Lewis,Sofia,J,7874,,Braker,PL,,,Austin,78701,,,Y,
1098671294,132,B,20171110,20071209,M,Mitchell,Richard,,7383,E,Oak,ST,UNIT,118,Leander,78641,,Y,Y,Y
1091877863,133,C,20160102,19921124,F,Adams,Grace,R,5108,,Far West,CT,,,Round Rock,78664,,Y,Y,
1020667772,133,C,20160814,19730203,F,Chen,Amy,E,1344,,Oak,WAY,,,Cedar Park,78613,,Y,,Y
1062896438,133,C,20170503,19370809,M,Hill,Thomas,,3100,S,Burnet,AVE,#,270,Pflugerville,78660,,,Y,Y
1001635951,134,C,20110711,19881024,F,Ramirez,Mary,Ann,8791,,Live Oak,BLVD,STE,354,Cedar Park,78613,,Y,,
1088929603,134,A,20090719,19430902,F,Wood,Melissa,A,2414,,Hillside,TRL,APT,168,Cedar Park,78613,,Y,Y,Y
1079125313,134,,20130822,19740816,F,Young,Laura,E,1000,,Menchaca,CT,,,Austin,78759,,Y,Y,
1002138931,135,A,20130513,19701203,F,Jones,Nancy,J,1500,S,Maple,WAY,,,Austin,78751,,Y,,
1092389505,135,A,20140627,20051111,F,Lee,Sandra,Lee,8800,N,Slaughter,PL,,,Pflugerville,78660,,,Y,
1065900472,135,,20190515,19630816,M,Lee,William,Ann,1900,N,Oak,BLVD,STE,376,Pflugerville,78660,,Y,Y,
1062787241,135,A,20080314,19500612,F,Reyes,Olivia,,9931,,Duval,PL,,,Cedar Park,78613,,Y,,
1076080516,136,A,20161124,19601011,F,Ward,Lisa,,6600,,Riverside,RD,,,Leander,78641,,,,
1036170825,137,C,20180925,19530703,F,Gomez,Elizabeth,,700,,Burnet,WAY,#,223,Round Rock,78665,,,,Y
1073953074,137,B,20110924,19470703,F,Miller,Ana,L,100,,Maple,BLVD,,,Pflugerville,78660,,Y,,
1031075176,137,,20201212,19800915,F,Williams,Jessica,J,4705,W,Far West,DR,UNIT,214,Round Rock,78665,,Y,,
1076544603,138,,20210902,19570812,M,Coleman,Michael,E,8800,,Lakeview,LN,#,249,Cedar Park,78613,,,Y,Y
1060626623,138,,20210225,20001219,F,Gonzalez,Emily,E,4700,,Menchaca,RD,STE,23,Austin,78703,,Y,,
1002849350,138,A,20110928,19460617,M,Hernandez,John,Ann,6648,,Slaughter,CIR,,,Leander,78641,,,Y,Y
1046312894,138,C,20090801,19710409,F,Williams,Olivia,Lee,1909,,Pecan,CT,,,Leander,78641,,,Y,
1084845094,139,A,20090508,19671113,M,Baker,Richard,Marie,200,W,Parmer,AVE,,,Round Rock,78665,,Y,Y,Y
1032144054,139,A,20251107,19871226,M,Hill,Christopher,R,3500,,Meadow,DR,STE,59,Round Rock,78665,,Y,,
1083943457,139,C,20150124,19870520,F,Kelly,Mary,Marie,7000,N,Live Oak,WAY,,,Round Rock,78664,,,,Y
1071565641,139,,20081007,19790409,F,Lopez,Sofia,L,6900,W,Sycamore,AVE,UNIT,162,Austin,78745,,,,
1060558917,139,C,20171209,19711010,M,Moore,Mark,Lee,7500,,Pecan,CIR,,,Leander,78641,,,,Y
1058911477,139,A,20220524,19880811,M,Nguyen,Robert,Ann,7500,N,Duval,RD,,,Round Rock,78681,S,,Y,
1034155890,139,A,20090710,20061205,F,Patel,Ashley,Marie,8800,,Far West,RD,,,Leander,78641,,,,Y
1058331008,139,A,20200910,19690102,F,Price,Karen,L,8700,S,Lakeview,DR,,,Del Valle,78617,,Y,,Y
1064971652,140,A,20251224,20010521,M,Allen,Andrew,Lee,5372,,Live Oak,LN,,,Pflugerville,78660,,,Y,Y
1045014487,140,B,20200624,19960708,M,Green,Brian,J,8600,N,Anderson,WAY,,,Leander,78641,,,,Y
1042832653,140,A,20090212,19860906,M,Lee,Miguel,J,4702,N,Sycamore,PL,#,315,Austin,78741,,,Y,Y
1060865861,140,B,20180405,19350515,F,Mitchell,Amanda,,7374,N,Menchaca,BLVD,,,Round Rock,78681,,Y,Y,Y
1006554492,140,B,20190402,19480502,F,Patel,Margaret,R,5677,,Congress,AVE,,,Pflugerville,78660,,Y,Y,
1045249727,140,A,20141104,19680901,F,Walker,Stephanie,Lee,7500,S,Lamar,TRL,,,Del Valle,78617,,,Y,
1016365919,141,,20140928,19520625,M,Flores,Steven,,7234,W,Far West,CIR,,,Leander,78641,,Y,Y,Y
1070877194,141,B,20201201,19481119,F,Scott,Ana,Lee,6654,W,Riverside,AVE,,,Leander,78641,,Y,Y,
1066272774,141,B,20170926,19380303,M,Wright,Joshua,R,550,,Oak,TRL,,,Cedar Park,78613,,,Y,Y
1024173187,142,,20171012,19740514,M,Davis,Miguel,J,2500,S,Maple,TRL,,,Austin,78705,,,,Y
1016947042,142,A,20231025,19780627,M,Johnson,Paul,,800,N,Meadow,WAY,,,Del Valle,78617,,Y,Y,Y
1055814356,142,,20241201,19540818,M,Martinez,Thomas,A,5804,E,Braker,WAY,,,Austin,78741,,,,Y
1070325402,142,B,20210621,19890202,M,Walker,Daniel,Rose,1300,W,Escarpment,CT,,,Pflugerville,78660,,,,
1088485386,143,B,20131106,19760316,F,Brooks,Sarah,,8312,,Escarpment,PL,,,Leander,78641,,Y,Y,Y
1073615497,143,B,20100710,20040421,F,Cooper,Isabella,J,3200,E,Creekside,PL,,,Cedar Park,78613,,,Y,Y
1033973231,143,,20220822,19940617,M,Gray,Jacob,,5538,,Live Oak,WAY,,,Round Rock,78681,,,Y,Y
1081642593,144,,20091024,19900714,M,Gonzalez,Michael,Lee,7619,S,Anderson,TRL,,,Round Rock,78664,,Y,,
1033278568,144,C,20190813,19850803,M,Jones,James,R,9386,N,Lakeview,WAY,,,Leander,78641,,Y,,Y
1078450598,144,,20131209,19781115,M,Kelly,Steven,M,5300,,Live Oak,DR,,,Cedar Park,78613,,Y,,
1047504897,144,A,20100217,19860721,F,Patel,Lisa,Marie,1723,,Congress,PL,,,Austin,78748,,Y,,Y
1066111181,144,C,20130513,19730214,F,Ramirez,Barbara,A,3500,,Magnolia,WAY,,,Round Rock,78664,,,Y,Y
1037778945,144,B,20251010,19370218,M,Torres,Joseph,Rose,1100,,Anderson,AVE,#,76,Austin,78748,,,Y,Y
1006765771,145,,20100125,19500112,M,Cooper,Andrew,,9031,E,Pecan,PL,,,Round Rock,78665,,,Y,Y
1052052349,145,B,20240111,19620805,F,Gomez,Nancy,R,9877,E,Hillside,DR,,,Cedar Park,78613,,Y,,Y
1081775947,145,A,20240528,19560723,M,Jones,Luis,L,7000,,Sycamore,CIR,,,Austin,78703,,Y,,
1009989221,145,,20120412,19641103,M,Richardson,Charles,E,5247,,Balcones,AVE,,,Round Rock,78664,,Y,Y,
1050956619,145,,20091124,19690824,M,Thompson,Robert,E,4130,,Maple,WAY,,,Del Valle,78617,,Y,,Y
1063779351,145,B,20190412,19790325,M,Watson,David,L,6980,E,Braker,CT,,,Del Valle,78617,,Y,,
1043915750,146,,20161123,19871118,M,Price,Juan,R,653,,Menchaca,AVE,,,Del Valle,78617,,Y,,
1093729439,146,,20210414,19480821,M,Ross,David,,400,S,Elm,RD,,,Leander,78641,,Y,,
1041781338,146,C,20130326,19890525,M,Sanders,Luis,R,9646,W,Creekside,WAY,,,Pflugerville,78660,,,,Y
1008751120,147,A,20120814,20030918,F,Chen,Stephanie,Ann,9642,E,Pecan,RD,,,Pflugerville,78660,,Y,Y,Y
1003570507,147,,20180402,19531224,M,Clark,Miguel,Rose,2600,,Live Oak,DR,,,Pflugerville,78660,,Y,,
1079650455,147,C,20101117,19861205,F,Gonzalez,Sofia,R,8729,,Brodie,DR,,,Leander,78641,,Y,,
1064531667,147,A,20230125,19480116,M,Kelly,William,L,5488,,Far West,TRL,,,Del Valle,78617,,,Y,Y
1031610034,147,A,20100921,20051116,F,King,Nancy,Lee,4390,N,Magnolia,WAY,UNIT,394,Pflugerville,78660,,,Y,Y
1026068205,147,,20110905,19921122,F,Taylor,Ashley,,4518,E,Lamar,TRL,,,Leander,78641,,,Y,
1058365353,148,C,20171108,19780803,F,Gomez,Mary,,5902,E,Duval,BLVD,STE,230,Leander,78641,S,Y,Y,
1087589368,148,A,20150707,19730928,F,Hall,Karen,,5957,S,Live Oak,LN,APT,351,Austin,78745,,,,
1021107639,148,B,20190719,20030611,F,Henderson,Sarah,J,3566,W,Oak,RD,,,Leander,78641,,Y,Y,Y
1033710298,148,A,20110426,19410603,M,Martinez,Carlos,Lee,8200,W,Lamar,CIR,,,Cedar Park,78613,,,,
1051921636,148,B,20240805,20070815,M,Moore,Jacob,Lee,1108,S,Escarpment,AVE,,,Austin,78759,,Y,Y,
1080970562,148,A,20200919,19851003,F,Sanchez,Amy,L,4798,,Slaughter,CIR,APT,390,Leander,78641,,Y,Y,
1021067244,149,A,20080927,19720612,M,Bailey,Joshua,Marie,6234,,Lamar,BLVD,,,Del Valle,78617,,Y,Y,Y
1056776782,149,C,20230521,19390926,M,Brown,James,A,3800,N,Cedar,TRL,,,Del Valle,78617,,Y,Y,
1097900185,149,B,20121016,20060718,M,Howard,Thomas,L,1277,,Maple,PL,,,Austin,78705,,,,
1094891547,149,B,20120225,20011120,F,Lewis,Amy,R,5982,,Magnolia,BLVD,,,Pflugerville,78660,,Y,,
1082763176,149,A,20150426,19630522,F,Lopez,Grace,J,7700,W,Elm,LN,,,Round Rock,78665,,,,
1091484675,149,C,20160823,19670614,M,Peterson,Aaron,R,5746,E,Elm,TRL,,,Austin,78723,,Y,,Y
1041156545,149,,20230921,19750817,M,White,Brian,L,8700,,Braker,PL,,,Austin,78741,,Y,,Y
1062210177,150,A,20080609,19760608,M,Bailey,Mark,Ann,3490,N,Maple,DR,,,Round Rock,78681,,Y,Y,Y
1047620919,150,C,20210121,19500317,F,Gomez,Sandra,,7300,S,Burnet,LN,,,Leander,78641,,,Y,Y
1069469381,150,A,20220505,19441005,F,Gray,Patricia,,2993,,Lakeview,WAY,,,Austin,78758,,,,Y
1036375777,150,A,20191108,19370614,M,Jackson,Mark,E,3585,,Creekside,CIR,UNIT,270,Cedar Park,78613,,Y,,Y
1000418064,150,C,20231122,19490611,M,Jackson,Nathan,Rose,8300,,Guadalupe,RD,,,Austin,78759,,Y,Y,Y
1014808966,150,,20081106,19901102,F,Miller,Jessica,J,2461,,Maple,AVE,,,Pflugerville,78660,,,,
1048258371,150,C,20221016,19550918,F,Ramirez,Isabella,M,3072,N,Hillside,BLVD,,,Round Rock,78665,,,,Y
1097955802,150,C,20130414,19660923,M,Williams,Miguel,Lee,7600,S,Lamar,BLVD,#,294,Pflugerville,78660,,Y,Y,
1058172978,151,B,20080206,19601207,F,Cruz,Patricia,Marie,5468,,Far West,WAY,,,Pflugerville,78660,,Y,,
1091644727,151,,20150824,19500124,F,Hill,Michelle,J,3900,,Brodie,DR,,,Leander,78641,,Y,Y,Y
1053313711,151,A,20141213,19820816,M,Perez,Aaron,Lee,3213,W,Braker,CIR,,,Austin,78751,,,,
1025195335,151,B,20110420,19980718,F,Reyes,Amy,Lee,2368,S,Riverside,WAY,APT,128,Pflugerville,78660,,Y,,Y
1026925082,151,C,20171026,19460924,M,Sanchez,Juan,J,9400,S,Brodie,CT,,,Austin,78748,,,Y,
1066546759,152,,20230221,19450726,M,Lewis,John,,8512,,Anderson,BLVD,STE,9,Leander,78641,,,Y,Y
1014432081,152,B,20160815,19880918,F,Lopez,Susan,E,2454,,Maple,DR,,,Cedar Park,78613,,,Y,
1076347168,152,,20221119,19950319,M,Murphy,Miguel,,3100,,Anderson,AVE,,,Leander,78641,S,,,
1068096799,152,C,20080409,19590420,M,Watson,Daniel,L,1484,,Live Oak,CIR,,,Austin,78701,S,,Y,Y
1023361186,152,C,20081217,19791124,F,Young,Linda,,5600,S,Parmer,CT,,,Austin,78745,,,,Y
1022883566,153,,20120219,19460407,M,Baker,Steven,A,4074,,Guadalupe,DR,,,Cedar Park,78613,,Y,Y,
1061839869,153,A,20220116,19930403,F,Campbell,Sandra,Lee,3900,N,Lakeview,DR,,,Cedar Park,78613,,,,
1040970366,153,C,20170608,19870912,M,Martinez,Juan,Rose,8278,,Braker,ST,,,Leander,78641,,,Y,
1075321529,153,,20090101,19401022,M,Patel,Matthew,Marie,8710,,Riverside,CIR,APT,342,Del Valle,78617,,,Y,
1088246589,153,B,20130128,20040923,F,Rodriguez,Lisa,E,7001,,Lakeview,ST,,,Leander,78641,,Y,,Y
1091306590,153,B,20150106,19600614,M,Scott,Andrew,E,9695,,Oak,RD,,,Austin,78704,,Y,Y,
1024130217,154,B,20100811,19820823,F,Brooks,Mary,A,7351,S,Far West,CT,,,Cedar Park,78613,,Y,,Y
1037299339,154,,20201119,19370719,M,Campbell,Kevin,M,7906,N,Braker,TRL,#,358,Del Valle,78617,,,,Y
1063857795,155,,20091107,19900304,F,Jones,Mary,J,9800,S,Escarpment,CT,,,Pflugerville,78660,,,,Y
1026788188,156,C,20150505,19471004,M,Clark,Robert,,4184,,Maple,BLVD,STE,326,Austin,78741,,,,
1019666244,156,C,20220821,19651115,F,Jones,Olivia,A,8734,,Creekside,PL,#,216,Del Valle,78617,,Y,,
1033967632,156,,20221108,19950719,F,Sanders,Amanda,Ann,8200,,Cedar,RD,,,Round Rock,78681,,Y,Y,
1085891382,156,A,20191227,19960516,F,Young,Jennifer,Ann,5904,,Menchaca,DR,,,Leander,78641,,Y,,
1072849143,157,B,20220321,19830725,F,Baker,Margaret,L,900,N,Magnolia,CIR,,,Cedar Park,78613,,,Y,Y
1088061803,157,,20180910,19640202,F,Brooks,Susan,,3700,S,Balcones,TRL,,,Cedar Park,78613,,Y,Y,Y
1099058722,157,C,20180608,19611016,M,Moore,Joseph,Ann,3800,N,Burnet,BLVD,APT,128,Del Valle,78617,,,,Y
1038864679,157,B,20160410,19710118,F,Sanchez,Olivia,,2132,E,Duval,LN,,,Round Rock,78664,,,Y,Y
1040409127,157,A,20210306,20030304,F,Taylor,Emily,Ann,6992,,Cedar,ST,,,Round Rock,78664,,,,
1098881742,157,C,20130815,19400608,M,Watson,David,R,5599,W,Lamar,DR,APT,29,Del Valle,78617,,Y,,Y
1018859830,158,A,20241023,19921213,F,Bailey,Patricia,L,1900,S,Oak,PL,,,Round Rock,78665,,,Y,Y
1075579000,158,C,20170823,19860816,F,Wright,Mary,Rose,8400,,Brodie,BLVD,,,Leander,78641,,,,Y
1082636139,159,C,20220913,19690107,M,Bennett,Richard,,300,,Braker,RD,APT,230,Leander,78641,,Y,,Y
1008868498,159,A,20130604,19560723,F,Coleman,Emily,E,7633,N,Pecan,TRL,,,Leander,78641,,Y,,Y
1016276248,159,A,20200720,19480203,F,Ramos,Linda,A,2197,,Anderson,RD,STE,297,Cedar Park,78613,,,Y,
1097417170,159,A,20130716,19580822,M,Taylor,Richard,Ann,3755,,Burnet,AVE,,,Austin,78748,,Y,Y,Y
1090624975,160,A,20201122,19870219,F,Green,Ashley,E,770,,Creekside,WAY,STE,83,Leander,78641,,Y,,Y
1065664811,160,,20251020,19550615,F,Lopez,Elizabeth,J,8500,,Riverside,TRL,,,Round Rock,78664,,Y,,
1054562776,160,,20240912,19560919,M,Martin,Daniel,E,2579,S,Parmer,WAY,,,Leander,78641,,Y,Y,
1076431299,160,A,20091021,19650603,M,Smith,Andrew,,3900,,Sycamore,BLVD,,,Pflugerville,78660,,Y,Y,Y
1091470202,161,B,20100326,19410513,F,Bennett,Melissa,J,1500,N,Riverside,TRL,,,Cedar Park,78613,,,,Y
1093691889,161,,20141226,19830309,F,Cox,Elizabeth,L,100,S,Balcones,ST,,,Leander,78641,,Y,,
1078414177,161,A,20250507,19890428,M,Jones,Nathan,A,4166,S,Slaughter,WAY,#,320,Austin,78745,,Y,,Y
1041880992,161,C,20241024,20030711,F,Kelly,Olivia,A,8300,E,Anderson,CT,STE,119,Cedar Park,78613,,Y,,
1093121578,161,A,20190426,19920828,F,Nelson,Susan,M,3000,,Pecan,PL,,,Round Rock,78681,,,,Y
1004397326,162,A,20220918,19930626,M,Davis,David,J,7233,,Creekside,RD,,,Round Rock,78665,,,,Y
1086804264,162,C,20250514,20070218,F,Murphy,Mary,R,5700,,Slaughter,TRL,,,Cedar Park,78613,,Y,Y,
1043312599,162,C,20181205,19381219,F,Richardson,Sarah,,6900,,Duval,RD,,,Cedar Park,78613,,Y,,
1078174358,162,A,20230926,19700611,M,Smith,Matthew,Marie,1200,S,Sycamore,DR,,,Cedar Park,78613,,Y,Y,Y
1056858212,162,C,20120324,20050209,F,Thomas,Karen,Rose,2978,W,Burnet,ST,,,Leander,78641,,Y,,Y
1052215217,163,B,20080712,20030718,M,Anderson,Nathan,,3000,,Burnet,ST,,,Leander,78641,,Y,Y,Y
1056314692,163,B,20231012,19560922,M,Barnes,Nathan,R,3700,W,Far West,CT,,,Cedar Park,78613,,,Y,Y
1041239891,163,B,20240806,19650117,F,Gomez,Grace,L,9408,,Braker,TRL,,,Leander,78641,,,Y,Y
1052086601,163,B,20220403,19921004,M,Gomez,Thomas,Lee,5900,,Braker,LN,,,Austin,78723,,,,
1038970848,163,,20190819,19980807,F,Hall,Jessica,Lee,8166,N,Pecan,ST,,,Round Rock,78664,,Y,Y,
1063634529,163,B,20140814,19961112,F,Robinson,Barbara,M,1244,,Maple,BLVD,,,Del Valle,78617,,Y,Y,
1000536535,164,A,20190621,19530328,F,Bennett,Lisa,,5830,,Congress,CIR,APT,245,Cedar Park,78613,,,Y,
1051364518,164,C,20130113,19920927,M,Bennett,Robert,,6800,,Braker,DR,,,Leander,78641,,Y,Y,Y
1011462756,164,B,20081014,20041214,M,Brown,Luis,M,400,,Menchaca,ST,,,Round Rock,78681,,,Y,Y
1022102673,164,,20211028,19760709,M,Murphy,Paul,,2200,,Hillside,RD,,,Austin,78741,,Y,Y,Y
1000198608,164,A,20241122,19740109,F,Richardson,Grace,J,1300,,Burnet,LN,,,Pflugerville,78660,,Y,,Y
1049896690,164,C,20150107,19770105,M,Williams,Charles,,4100,,Cedar,DR,APT,332,Round Rock,78681,,,Y,
1075119643,165,A,20210708,19500412,M,Bennett,Eric,R,4796,E,Menchaca,LN,,,Pflugerville,78660,,Y,,
1004723752,165,,20120223,19380110,M,Flores,Juan,R,8311,,Anderson,BLVD,,,Del Valle,78617,,,Y,Y
1030370400,165,,20160212,19360727,M,Thompson,Paul,Rose,8832,,Guadalupe,CT,,,Pflugerville,78660,S,,Y,Y
1077264275,166,A,20181115,19810713,F,Kelly,Linda,Lee,8800,W,Far West,WAY,APT,375,Austin,78723,,Y,Y,Y
1051804717,166,B,20140917,19981111,M,Smith,David,M,4900,,Oak,WAY,STE,182,Pflugerville,78660,,,Y,
1080524824,167,,20180724,19690427,F,Lopez,Amy,R,6338,,Hillside,LN,STE,124,Del Valle,78617,,,,Y
1009914892,167,C,20241216,19560816,M,Perez,Carlos,Rose,678,,Brodie,AVE,UNIT,130,Round Rock,78665,,Y,,Y
1090800949,167,C,20090618,19750106,F,Williams,Stephanie,Ann,4819,,Slaughter,ST,#,58,Cedar Park,78613,,Y,,Y
1010318734,168,,20230512,19860706,M,Coleman,Mark,Marie,8146,,Magnolia,TRL,STE,205,Cedar Park,78613,,Y,Y,
1062082643,168,C,20210209,19510205,M,Lopez,Jacob,J,7510,S,Lakeview,TRL,#,60,Leander,78641,,,Y,Y
1059344920,168,,20140401,19480206,M,Roberts,Luis,Lee,144,,Magnolia,ST,,,Cedar Park,78613,,Y,,Y
1074354666,168,,20101202,19630205,M,Watson,Charles,,4600,W,Cedar,PL,,,Leander,78641,,Y,Y,
1046312152,168,C,20130317,19940315,M,Williams,Jose,,8898,,Balcones,ST,,,Round Rock,78665,,Y,,Y
1060396664,169,C,20190824,19650723,M,Lee,Matthew,,300,N,Congress,PL,,,Del Valle,78617,,Y,Y,Y
1012342535,169,C,20101023,19810211,M,Miller,Andrew,R,7800,W,Anderson,TRL,,,Austin,78723,,Y,,Y
1068584338,169,A,20170919,19790821,F,Thompson,Amy,M,5074,E,Lakeview,CIR,STE,80,Cedar Park,78613,,Y,,
1066770328,169,B,20101109,19371103,M,Thompson,Christopher,Rose,2300,E,Maple,BLVD,,,Austin,78705,,Y,,
1005039082,170,,20100307,19641001,F,Coleman,Jessica,L,9320,S,Hillside,ST,#,49,Cedar Park,78613,,,Y,Y
1034146363,170,,20180219,20020607,F,Jones,Linda,R,4033,N,Elm,DR,,,Cedar Park,78613,,Y,Y,Y
1068200749,170,,20241120,19961115,M,Lee,Eric,,7300,,Oak,WAY,,,Pflugerville,78660,,Y,Y,
1028820727,170,A,20160511,19990111,M,Price,Brian,Marie,5718,,Lakeview,TRL,,,Round Rock,78665,,,Y,Y
1012960223,170,A,20180126,19361115,F,Ramos,Jessica,J,7800,E,Maple,AVE,,,Round Rock,78665,,Y,Y,
1047375195,170,,20200126,19380610,M,Rodriguez,Paul,M,9308,S,Pecan,AVE,,,Austin,78753,,Y,,Y
1070860580,171,,20250205,19850311,F,Baker,Melissa,,5300,,Far West,CT,UNIT,43,Cedar Park,78613,,,Y,
1030728500,171,C,20081208,19360611,M,Garcia,Robert,Ann,6765,,Congress,PL,,,Pflugerville,78660,,,Y,Y
1092412054,171,B,20120325,19610920,M,Patel,Eric,J,9026,,Lamar,RD,,,Round Rock,78681,,,,Y
1074914223,171,,20210327,19391027,M,Rodriguez,David,R,3120,S,Riverside,RD,#,336,Cedar Park,78613,,Y,,
1095704498,171,,20120306,19960222,M,Torres,James,,4041,E,Balcones,ST,,,Cedar Park,78613,,,,Y
1017128762,172,B,20230903,19641214,F,Baker,Amy,,1518,,Parmer,PL,,,Austin,78748,,,Y,Y
1042119536,172,,20200206,19680305,M,Bennett,Michael,Marie,1400,,Brodie,AVE,APT,68,Pflugerville,78660,,Y,Y,Y
1004390230,172,B,20210520,19450808,F,Chen,Mary,E,6691,E,Elm,PL,,,Leander,78641,,Y,,
1018347799,172,A,20090307,19441128,M,Davis,Christopher,L,7900,,Guadalupe,CIR,,,Austin,78748,,Y,Y,Y
1023936837,172,C,20180414,19510311,M,Martin,Daniel,,4785,,Slaughter,AVE,#,16,Del Valle,78617,,,Y,Y
1057244655,172,C,20231203,19350728,M,Scott,Aaron,,1100,S,Lakeview,BLVD,UNIT,219,Cedar Park,78613,,Y,,
1039306576,173,,20170126,19640512,M,Flores,James,Marie,4500,,Parmer,CT,,,Austin,78702,,Y,,
1011313136,173,B,20131218,19590405,F,Martinez,Emily,M,3860,,Anderson,PL,APT,272,Leander,78641,,,Y,
1022916752,174,A,20200920,19570712,M,Hall,Mark,Ann,5800,,Sycamore,ST,,,Austin,78753,,Y,Y,Y
1053888364,174,A,20100817,19801227,M,Sanchez,Robert,,5014,,Lamar,RD,,,Cedar Park,78613,,Y,Y,Y
1020578098,174,A,20100711,19380804,M,White,Miguel,,800,N,Live Oak,PL,,,Del Valle,78617,,,Y,
1005948183,175,B,20240723,19781228,M,Campbell,John,,2889,W,Menchaca,BLVD,,,Leander,78641,,,Y,Y
1021039226,175,,20110603,19761010,F,Chen,Laura,R,4165,,Pecan,CT,,,Cedar Park,78613,,,,
1039301448,175,B,20081123,19940704,F,Clark,Amanda,J,6000,,Meadow,DR,#,351,Round Rock,78664,,Y,,
1091980999,175,C,20250503,19900710,F,Coleman,Jennifer,Ann,3975,N,Cedar,BLVD,,,Cedar Park,78613,,,Y,
1034301852,175,B,20200927,19881101,F,Cox,Emily,M,4500,,Balcones,TRL,,,Round Rock,78665,,Y,,
1006074541,175,,20240823,19920722,F,Miller,Mary,,231,,Pecan,BLVD,,,Del Valle,78617,,,Y,
1008934461,175,B,20101003,19890923,M,Nelson,Miguel,R,8700,,Oak,CIR,APT,74,Del Valle,78617,,,,
1026023119,175,A,20161017,20011020,M,Rodriguez,Joseph,,3000,,Parmer,BLVD,,,Del Valle,78617,,Y,Y,Y
1049561066,176,B,20080213,19961017,F,Adams,Sofia,R,2783,,Brodie,CT,APT,366,Leander,78641,,,,
1040413825,176,C,20121111,19350101,F,Bailey,Maria,L,6400,,Slaughter,PL,STE,86,Austin,78705,,Y,,Y
1055346680,176,,20100828,19660324,F,Green,Sofia,,8733,,Elm,CIR,#,257,Leander,78641,,Y,Y,
1074659555,176,,20121021,19501007,M,Walker,Thomas,R,8591,,Escarpment,WAY,,,Leander,78641,,Y,Y,
1064265996,176,A,20180405,20030903,F,Wilson,Linda,E,6494,E,Slaughter,AVE,UNIT,232,Cedar Park,78613,,Y,Y,Y
1097465291,178,,20110620,19650307,M,Hernandez,Richard,Lee,3500,N,Slaughter,TRL,APT,24,Del Valle,78617,,,,Y
1077090108,178,B,20130503,19741123,F,Peterson,Grace,,3932,,Menchaca,ST,,,Round Rock,78665,,,,
1002676300,178,A,20200728,19870221,F,Taylor,Stephanie,M,5500,,Balcones,AVE,,,Cedar Park,78613,,Y,Y,
1040363655,179,,20101211,19471101,F,Cox,Rebecca,,3915,,Pecan,WAY,UNIT,145,Austin,78723,,Y,Y,Y
1059642101,179,,20190815,19590918,F,Davis,Barbara,Lee,5080,N,Menchaca,BLVD,,,Pflugerville,78660,,Y,,Y
1019221699,179,C,20191016,19470915,F,Miller,Sarah,M,992,S,Lamar,PL,STE,308,Leander,78641,,Y,,Y
1044809833,180,B,20230525,19380611,F,Ross,Maria,L,2300,,Braker,WAY,,,Del Valle,78617,,Y,,Y
1060467409,181,A,20130407,19511110,F,Adams,Karen,,3200,,Lamar,BLVD,STE,94,Del Valle,78617,,,Y,
1054013194,181,,20161203,19851017,F,Cruz,Elizabeth,Marie,9500,N,Congress,DR,,,Round Rock,78665,,Y,,
1096908071,181,,20120206,19780126,F,King,Margaret,,1700,,Guadalupe,CIR,,,Pflugerville,78660,,,,Y
1055235372,181,,20200423,19540620,F,Ross,Linda,A,1000,S,Oak,BLVD,,,Del Valle,78617,,,,
1088778722,181,A,20250706,19691001,F,Ward,Jessica,,720,,Meadow,PL,,,Leander,78641,,Y,Y,Y
1064098946,182,A,20231024,19801215,M,Cox,Charles,A,8700,W,Sycamore,PL,,,Leander,78641,,Y,,
1069094242,182,A,20160919,19720413,M,Garcia,Anthony,Lee,7453,,Meadow,CT,STE,149,Austin,78751,,,,
1057537227,182,C,20140804,19581220,M,Jackson,Mark,R,8800,,Meadow,CT,,,Pflugerville,78660,,,,Y
1078956885,182,C,20160416,19640612,M,Lewis,Christopher,J,2254,W,Riverside,CT,UNIT,120,Leander,78641,,Y,,
1068550930,183,C,20150419,19530724,M,Henderson,Eric,J,5500,,Cedar,RD,,,Cedar Park,78613,,,Y,Y
1077545512,183,C,20220609,19360207,F,King,Sarah,,3316,,Slaughter,ST,APT,125,Del Valle,78617,,Y,Y,Y
1043406971,183,,20140908,19521010,M,Martinez,Charles,Lee,3255,,Lamar,AVE,,,Leander,78641,S,,Y,
1036060933,184,,20191003,19530125,M,Gomez,Eric,,400,S,Balcones,CT,,,Pflugerville,78660,,,Y,
1000640057,184,A,20241225,19500723,M,Richardson,Joshua,A,7636,S,Lakeview,TRL,,,Leander,78641,,,Y,
1095829911,184,A,20251016,19690612,M,Sanders,Nathan,Ann,5703,,Riverside,CT,,,Austin,78758,,Y,Y,Y
1036974962,184,A,20090915,19640610,M,Thomas,Thomas,,3200,S,Guadalupe,CIR,,,Leander,78641,,Y,Y,Y
1053350742,185,A,20220427,19500923,M,Flores,David,J,1000,W,Burnet,PL,,,Austin,78753,,,,Y
1024888855,185,A,20130214,19710310,F,Gonzalez,Isabella,Lee,4000,,Slaughter,WAY,STE,201,Del Valle,78617,,Y,,
1017407762,185,C,20220317,19640126,F,Gonzalez,Mary,Rose,4400,N,Hillside,CT,APT,319,Austin,78705,,Y,,
1047427244,185,C,20110110,19741123,F,Peterson,Grace,,9700,,Pecan,RD,,,Pflugerville,78660,,,Y,
1056611123,186,,20151011,19430716,F,Perez,Ashley,Ann,8016,,Riverside,LN,#,293,Austin,78702,,Y,,Y
1012071781,186,,20080816,20020303,F,Perez,Laura,E,5743,,Pecan,LN,UNIT,349,Cedar Park,78613,,Y,Y,
1067846189,186,C,20080717,19820304,F,Walker,Maria,Marie,400,,Anderson,RD,,,Round Rock,78664,,,,Y
1028053602,187,C,20151004,19411006,M,Bailey,Nathan,Lee,6600,,Elm,BLVD,,,Round Rock,78681,,Y,,Y
1016326213,187,C,20080810,19821010,M,Bennett,Luis,M,5482,W,Menchaca,DR,STE,391,Del Valle,78617,S,,Y,
1097355488,188,B,20210620,19600815,M,Baker,Thomas,Ann,1953,E,Magnolia,DR,,,Cedar Park,78613,,Y,Y,Y
1099914756,188,B,20100317,19900109,M,Clark,James,Ann,9000,,Duval,WAY,,,Leander,78641,,,Y,
1067841723,188,A,20240609,19390410,M,Perez,Jacob,J,6859,N,Hillside,WAY,,,Cedar Park,78613,,Y,Y,Y
1045133679,188,C,20091211,19670614,F,Roberts,Angela,E,4900,W,Elm,AVE,,,Austin,78758,,Y,,
1030130595,189,,20240726,19910204,M,Cruz,Juan,,1503,N,Anderson,CIR,,,Del Valle,78617,,Y,Y,Y
1052496532,189,,20080102,19480412,M,Gomez,Andrew,Marie,3600,N,Far West,WAY,,,Austin,78703,,,Y,
1064792746,189,,20251221,19401022,F,Howard,Emily,Rose,4700,N,Elm,ST,#,133,Austin,78741,,,Y,Y
1041347338,190,C,20221006,19550211,M,Baker,Kevin,Rose,6873,W,Maple,BLVD,,,Leander,78641,,Y,Y,Y
1081552413,190,C,20080625,19350120,F,Richardson,Jessica,A,2600,,Meadow,ST,,,Del Valle,78617,,Y,Y,Y
1073624607,191,B,20110419,19990709,M,Coleman,Carlos,L,4658,W,Pecan,CIR,APT,315,Leander,78641,,,Y,Y
1040836739,191,A,20220111,19360202,M,Hill,Carlos,,5200,W,Braker,CIR,,,Cedar Park,78613,,Y,Y,Y
1097034621,192,A,20200901,19761213,F,Price,Melissa,Ann,471,,Maple,AVE,#,350,Cedar Park,78613,,Y,Y,Y
1082019312,193,C,20130711,20050405,F,Allen,Linda,R,3056,W,Pecan,BLVD,#,39,Round Rock,78681,,,Y,Y
1069318602,193,,20180311,19911215,F,Carter,Ashley,,8212,,Lamar,LN,UNIT,288,Pflugerville,78660,,,,Y
1049819261,193,B,20090727,20071018,M,Green,Daniel,E,5100,E,Meadow,PL,STE,356,Austin,78703,,Y,,
1002782294,193,B,20141027,19760407,F,Hall,Rebecca,Ann,5177,,Guadalupe,DR,,,Austin,78701,,,,
1088696064,193,B,20210717,20060402,F,Hernandez,Amanda,Rose,7269,,Duval,BLVD,,,Austin,78759,,,,Y
1022507243,193,,20080822,19600821,F,Lewis,Angela,,9460,,Oak,WAY,#,57,Del Valle,78617,,Y,,Y
1092838437,193,A,20090527,20071019,M,Price,Steven,,5740,,Duval,PL,UNIT,102,Leander,78641,,,,Y
1060469924,194,,20131224,19770223,F,Cooper,Isabella,Rose,4500,E,Far West,DR,,,Round Rock,78664,,,,Y
1059031501,194,,20200220,19850707,M,Gonzalez,Brian,A,535,S,Burnet,PL,,,Pflugerville,78660,,Y,,
1019892865,194,A,20110205,19810423,M,Hill,Paul,Lee,3500,S,Menchaca,RD,APT,197,Austin,78701,,Y,Y,
1099607973,194,B,20141214,19760806,F,Price,Emily,M,7100,,Burnet,BLVD,,,Pflugerville,78660,,,Y,
1093149476,194,B,20130611,19450904,M,Sanders,Charles,L,8800,,Cedar,AVE,,,Leander,78641,,Y,Y,Y
1079970471,195,A,20130810,19800510,F,Green,Melissa,J,1150,N,Brodie,WAY,,,Round Rock,78665,,Y,,Y
1065781344,195,A,20220113,19370712,M,Martinez,David,A,7105,,Sycamore,AVE,,,Pflugerville,78660,,Y,Y,
1001721318,195,B,20090713,19450809,M,Peterson,Brian,R,5300,S,Riverside,AVE,,,Austin,78745,,Y,Y,Y
1008179055,195,A,20240103,19650919,M,Wright,Daniel,Marie,8710,E,Creekside,DR,,,Leander,78641,,,Y,
1090240277,196,C,20171108,20070706,F,Campbell,Sandra,Marie,4300,,Escarpment,RD,,,Austin,78705,,Y,Y,
1073339453,196,A,20210819,19690212,M,Reyes,David,,2366,,Escarpment,DR,,,Pflugerville,78660,,Y,,Y
1020470225,197,A,20240614,19500826,F,Lopez,Stephanie,,8160,S,Escarpment,ST,#,105,Del Valle,78617,,Y,,Y
1005370081,197,,20240918,19360626,M,Lopez,William,A,9200,E,Sycamore,LN,,,Cedar Park,78613,,Y,Y,
1099129024,197,B,20121022,19760312,F,Walker,Maria,Marie,7040,S,Burnet,RD,,,Leander,78641,,Y,,Y
1044838472,197,C,20230112,19820116,F,Wilson,Linda,Ann,8078,,Anderson,BLVD,,,Round Rock,78665,,Y,,Y
1072545600,198,B,20230513,19720313,F,King,Amanda,Marie,3700,,Riverside,ST,#,229,Round Rock,78681,,Y,Y,Y
1033838239,198,C,20180102,19881211,F,Lewis,Olivia,,7500,N,Duval,RD,,,Round Rock,78664,,Y,Y,Y
1073710097,198,B,20210819,20070203,F,Rodriguez,Barbara,Ann,2963,E,Guadalupe,ST,,,Austin,78748,,Y,,Y
1058601069,198,,20210802,19370208,M,Walker,Aaron,J,100,,Oak,CT,,,Pflugerville,78660,,,,
1019636321,198,B,20110723,19930612,M,Wood,Luis,Lee,9300,W,Guadalupe,DR,APT,288,Round Rock,78665,,,,
1029285984,198,C,20221108,19910417,M,Young,William,Rose,4270,,Burnet,TRL,STE,134,Cedar Park,78613,,,,Y
1068535719,199,B,20170405,19901105,F,Baker,Nancy,,3465,,Riverside,BLVD,,,Del Valle,78617,,,Y,Y
1088918263,199,C,20241004,19821118,F,Lopez,Karen,L,3600,,Burnet,RD,,,Austin,78751,,,Y,Y
1078053180,199,,20200528,19820907,M,Richardson,Matthew,R,4661,,Anderson,ST,,,Austin,78748,,Y,Y,Y
1047833910,199,C,20250327,19450211,M,Ward,Brian,,7724,,Lamar,TRL,APT,287,Cedar Park,78613,,,,Y
1075773117,200,,20220415,19390527,F,Howard,Karen,R,8700,,Oak,WAY,,,Leander,78641,,Y,,
1022385396,200,,20220925,19750816,F,Patel,Lisa,Marie,3498,N,Balcones,RD,,,Round Rock,78665,,Y,,Y
1031419484,200,C,20180316,19420920,M,Peterson,Eric,,3659,E,Balcones,WAY,,,Round Rock,78665,,Y,,Y
1094212945,200,C,20130807,19520425,M,Walker,Christopher,Rose,4971,,Braker,AVE,STE,301,Round Rock,78681,,Y,,Y
1071869334,201,B,20100909,19560824,F,Anderson,Amanda,R,1675,S,Meadow,CIR,UNIT,177,Pflugerville,78660,,,Y,
1004324168,201,A,20180824,19880407,M,Harris,Luis,L,9700,,Lamar,ST,UNIT,121,Cedar Park,78613,,,Y,Y
1087628271,201,C,20191106,19960715,M,Wilson,Charles,,1819,W,Far West,CIR,,,Pflugerville,78660,,Y,,
1028049554,202,A,20180927,19700806,F,Carter,Barbara,Marie,7353,,Menchaca,AVE,,,Austin,78702,,,Y,
1093490368,202,B,20241005,19750722,F,Ramirez,Angela,R,853,S,Escarpment,CT,,,Austin,78745,,Y,Y,Y
1039693847,202,C,20170912,19780814,F,Sanchez,Maria,A,7270,W,Creekside,DR,,,Cedar Park,78613,,Y,,Y
1046554963,203,C,20230504,20000523,F,Flores,Ana,E,1700,W,Anderson,ST,STE,357,Pflugerville,78660,,Y,,Y
1028400366,203,A,20150627,19380416,M,Hill,Carlos,Lee,5602,,Guadalupe,PL,,,Pflugerville,78660,,Y,,
1047257949,203,,20090804,19980817,M,Kelly,Paul,L,2909,S,Duval,DR,,,Round Rock,78664,,Y,Y,Y
1088727863,203,B,20170119,20031211,F,White,Sofia,A,9300,N,Far West,ST,,,Del Valle,78617,,Y,Y,
1020513781,203,,20180802,19860823,M,Wilson,Jose,,2848,E,Far West,TRL,,,Round Rock,78681,,Y,,Y
1070437639,204,B,20120316,19590922,M,Anderson,Eric,E,3391,N,Creekside,CIR,,,Austin,78751,,,,Y
1049020761,204,,20090617,19520809,M,Flores,Nathan,R,7213,E,Hillside,CIR,,,Pflugerville,78660,,,,
1077449199,204,C,20170420,19651228,F,Hill,Olivia,,5655,W,Duval,WAY,,,Leander,78641,,,Y,
1010617554,204,C,20240820,19590503,F,Jones,Nancy,Lee,4015,N,Magnolia,PL,,,Leander,78641,,,,
1085099912,204,C,20170804,20020610,F,Kelly,Grace,,6914,,Congress,RD,,,Round Rock,78665,,Y,Y,Y
1077745137,204,,20120122,19910112,F,Lee,Jessica,R,2000,E,Pecan,PL,,,Pflugerville,78660,,,Y,
1077442519,204,A,20210421,19800312,M,Martinez,William,,9400,,Menchaca,AVE,APT,243,Austin,78704,,Y,Y,Y
1065797284,204,C,20140509,19650923,M,Perez,Christopher,L,1200,E,Cedar,PL,APT,208,Austin,78702,,,,
1022426131,204,C,20171217,19410511,F,Roberts,Lisa,Ann,3100,,Live Oak,WAY,,,Round Rock,78665,,Y,,
1068172117,204,B,20220917,19470806,F,Williams,Rebecca,Rose,4100,,Anderson,DR,,,Cedar Park,78613,,Y,,
1090280283,204,B,20180717,19990110,M,Wright,Jose,Marie,9100,,Duval,WAY,#,101,Round Rock,78664,,Y,,
1089123045,205,B,20120912,19480103,M,Clark,Steven,E,7720,E,Pecan,ST,,,Round Rock,78665,,Y,Y,
1073861941,205,,20140826,19770315,M,King,Thomas,L,8212,,Anderson,ST,,,Austin,78759,,Y,,
1041494306,205,C,20140423,19560902,F,Peterson,Jennifer,Marie,6726,,Congress,WAY,,,Leander,78641,,Y,Y,Y
1093849225,205,C,20220215,19930611,F,Smith,Barbara,A,6220,W,Escarpment,LN,,,Cedar Park,78613,,Y,Y,
1032583239,205,C,20130628,19410310,M,Taylor,John,M,3088,,Pecan,WAY,#,148,Round Rock,78664,,,Y,Y
1032675503,205,B,20240704,19761218,M,Taylor,Jose,Marie,3400,,Guadalupe,ST,,,Cedar Park,78613,,,Y,Y
1066900544,205,C,20120614,19700426,M,Williams,Jose,,9400,,Riverside,LN,,,Leander,78641,,,,
1087749763,206,A,20141214,20070627,M,Wilson,Carlos,,391,,Creekside,RD,APT,202,Cedar Park,78613,,Y,,
1035114762,206,,20150926,20000102,F,Wilson,Lisa,,3238,N,Slaughter,ST,,,Austin,78704,,Y,,
1015200998,207,,20191225,20060924,M,Wright,Joshua,M,2178,,Cedar,DR,APT,286,Pflugerville,78660,,,Y,Y
1013794233,208,C,20080909,19900307,M,Cruz,Aaron,Ann,6100,,Anderson,AVE,,,Round Rock,78665,,,,Y
1063555221,208,C,20230617,19500501,F,Gomez,Sarah,Lee,1652,E,Sycamore,BLVD,,,Round Rock,78681,,Y,,
1060760682,208,,20081227,19801115,M,Hernandez,William,R,5800,N,Meadow,DR,STE,243,Austin,78703,,,,
1011901344,208,B,20210428,19761104,F,Lewis,Maria,L,7700,S,Meadow,DR,,,Cedar Park,78613,,,,Y
1084364221,208,A,20100617,19350820,F,Patel,Margaret,,6732,E,Sycamore,AVE,,,Round Rock,78665,,Y,Y,
1012220846,208,,20210121,19500728,F,Taylor,Lisa,,1200,,Cedar,CIR,,,Leander,78641,,Y,Y,
1088602146,208,B,20230306,19481021,M,Ward,Joshua,M,5693,,Sycamore,AVE,,,Austin,78758,,Y,,Y
1044803052,209,B,20130815,19370207,F,Adams,Amy,Ann,700,S,Slaughter,TRL,,,Austin,78758,,Y,Y,Y
1020486602,209,C,20110903,19530714,M,Carter,Mark,L,6300,N,Magnolia,AVE,,,Del Valle,78617,,,Y,Y
1092426229,209,B,20180728,19920720,F,Miller,Sofia,,6747,,Sycamore,CIR,,,Del Valle,78617,,Y,,Y
1003761522,209,C,20130908,20050212,M,Mitchell,Juan,L,1940,,Burnet,CIR,APT,143,Round Rock,78665,,Y,,Y
1061147018,210,C,20220412,19830319,M,Anderson,Robert,Rose,3300,S,Oak,ST,,,Round Rock,78681,,,Y,
1042705159,210,C,20221125,19870706,F,Chen,Melissa,M,7768,,Maple,PL,,,Cedar Park,78613,,,,
1075156937,210,B,20151120,20071219,M,Clark,Thomas,M,7953,,Elm,ST,,,Leander,78641,,Y,Y,
1077339888,210,,20150815,19850813,M,King,Kevin,,2500,,Magnolia,AVE,#,20,Cedar Park,78613,,Y,,
1005225213,210,C,20250522,19700924,F,Rivera,Stephanie,Marie,3200,,Pecan,DR,#,320,Austin,78759,,,Y,
1090361326,211,A,20181021,19530513,M,Gray,Miguel,Lee,200,E,Congress,AVE,#,257,Cedar Park,78613,,Y,,
1062174842,211,,20160304,19570412,F,Hall,Lisa,L,6600,,Congress,WAY,,,Leander,78641,,Y,,
1026077096,211,B,20240702,19460808,M,Kelly,Kevin,M,3982,N,Cedar,BLVD,,,Round Rock,78665,,Y,Y,
1060461223,211,A,20090210,20051208,M,Wood,Jose,A,9706,E,Maple,PL,,,Leander,78641,,Y,Y,Y
1041557868,212,C,20200418,19750516,F,Baker,Lisa,R,6900,W,Pecan,PL,,,Leander,78641,,Y,Y,Y
1057843683,212,A,20120409,19450619,F,Bennett,Emily,,2598,,Congress,WAY,STE,57,Pflugerville,78660,,Y,,
1099478350,212,A,20141226,19380418,F,Hill,Patricia,,3700,,Elm,ST,APT,397,Austin,78741,,,Y,
1051269489,212,C,20181216,19840410,F,Kelly,Sofia,A,6800,E,Menchaca,DR,,,Round Rock,78681,,Y,,Y
1096933500,212,A,20200202,19571201,M,Walker,Nathan,J,5400,W,Hillside,LN,APT,65,Cedar Park,78613,,Y,,Y
1079388963,212,B,20170401,19411113,M,Ward,Daniel,A,4519,,Live Oak,AVE,STE,177,Austin,78745,,Y,Y,
1058104083,212,A,20200903,19430616,M,Williams,Carlos,E,3583,,Oak,DR,STE,172,Cedar Park,78613,,Y,,Y
1059372598,213,B,20090524,19620322,M,Bennett,Paul,L,2926,S,Braker,LN,STE,156,Austin,78702,,Y,Y,Y
1001414614,213,B,20160611,19490712,F,Gonzalez,Karen,Marie,2242,N,Hillside,ST,,,Del Valle,78617,,Y,,
1006701475,213,A,20080708,19470910,F,Hall,Ana,Rose,8600,S,Duval,TRL,,,Cedar Park,78613,,,Y,
1040949592,213,B,20150604,19540808,F,Jones,Isabella,R,9052,,Lamar,ST,,,Austin,78748,,Y,Y,Y
1053219975,213,B,20120310,20050425,F,Murphy,Sofia,,1200,E,Guadalupe,ST,,,Round Rock,78664,,,,Y
1037871985,213,,20230216,19710211,F,Reyes,Elizabeth,E,3400,,Maple,AVE,,,Austin,78705,,Y,Y,
1050060329,213,A,20170916,19350121,M,Robinson,Thomas,Marie,9528,S,Magnolia,BLVD,,,Leander,78641,,,,Y
1009109184,214,B,20080727,19521116,M,Allen,Michael,A,6700,,Far West,CT,,,Cedar Park,78613,,,,
1019857023,214,B,20120228,20010622,M,Johnson,Matthew,R,9571,S,Parmer,BLVD,STE,117,Del Valle,78617,,Y,,
1017547248,214,B,20110503,19350317,F,Murphy,Margaret,,2000,S,Slaughter,CIR,,,Round Rock,78664,,,,
1029773374,214,C,20100415,19950204,M,Taylor,Carlos,Rose,8600,,Guadalupe,PL,,,Pflugerville,78660,,,Y,
1023491694,214,,20190305,20070414,F,White,Grace,L,1357,E,Meadow,AVE,APT,19,Cedar Park,78613,,Y,,Y
1004927031,214,C,20171203,19891001,M,Wright,Juan,,6100,S,Balcones,PL,,,Del Valle,78617,,,,Y
1081472856,215,B,20080120,19431228,F,Chen,Michelle,M,6200,,Sycamore,DR,#,64,Leander,78641,,Y,Y,
1069094242,215,B,20090905,19720413,M,Garcia,Anthony,Lee,4100,N,Brodie,ST,,,Del Valle,78617,,Y,,Y
1001980466,215,A,20111110,19991119,M,King,Charles,L,9400,,Burnet,LN,,,Round Rock,78664,,,,Y
1049178797,215,,20250101,20010614,M,Murphy,David,E,5300,E,Riverside,LN,,,Cedar Park,78613,,Y,Y,Y
1066040806,215,A,20210522,19900922,F,Ramos,Sarah,M,7300,,Anderson,BLVD,,,Pflugerville,78660,,Y,,
1088011548,216,,20251114,19700824,M,Flores,Nathan,,8300,N,Far West,AVE,,,Pflugerville,78660,,,,Y
1008465393,216,,20150412,19610819,M,Garcia,Michael,E,5000,,Cedar,AVE,UNIT,5,Cedar Park,78613,,,,Y
1046577637,216,C,20251209,19400112,M,Hernandez,Robert,R,3400,S,Sycamore,LN,,,Austin,78751,,Y,,Y
1005225459,216,A,20230817,19450816,M,King,Luis,M,9248,,Slaughter,RD,APT,359,Cedar Park,78613,,Y,,
1040621895,216,B,20241125,19610715,F,Young,Emily,Marie,200,W,Parmer,LN,UNIT,375,Del Valle,78617,,,Y,Y
1056574122,217,,20091005,19430607,F,Anderson,Melissa,,2206,,Duval,CIR,STE,75,Cedar Park,78613,,Y,Y,Y
1049791266,217,B,20080316,19890114,F,Chen,Sarah,Lee,1300,W,Balcones,BLVD,#,369,Leander,78641,,Y,,Y
1021562974,217,B,20220221,19510221,M,Coleman,Jose,,3500,,Slaughter,TRL,APT,175,Pflugerville,78660,,Y,Y,
1019290563,217,C,20081205,19381105,F,Green,Michelle,M,8700,N,Brodie,TRL,,,Del Valle,78617,,Y,,
1098506754,217,,20180220,19370226,F,Miller,Sandra,E,7000,E,Meadow,ST,,,Pflugerville,78660,,Y,Y,Y
1054675001,217,A,20180425,19700603,F,Sanchez,Margaret,M,3311,,Magnolia,WAY,,,Round Rock,78681,,Y,Y,Y
1069158916,217,,20110221,19970303,M,Scott,Richard,,4400,E,Brodie,CIR,,,Cedar Park,78613,,Y,Y,
1093418282,217,A,20090501,19630807,F,Smith,Elizabeth,,3900,N,Guadalupe,TRL,,,Round Rock,78681,,Y,Y,Y
1097613335,217,A,20111206,20030510,F,Ward,Amy,,7400,S,Menchaca,CIR,,,Pflugerville,78660,S,Y,Y,Y
1073183045,218,,20111123,19501011,F,Allen,Rebecca,,6082,N,Creekside,CT,,,Austin,78741,,Y,,Y
1055897544,218,C,20120617,19850810,F,Ramirez,Elizabeth,,8146,,Balcones,ST,,,Cedar Park,78613,,,,
1007802591,218,C,20210628,19850911,M,Thompson,Richard,Rose,4400,S,Hillside,CIR,STE,128,Cedar Park,78613,,Y,,Y
1063444098,219,C,20151201,19690427,M,Richardson,Paul,R,7000,,Anderson,CT,,,Leander,78641,,,Y,Y
1029297877,219,,20121209,20040527,M,Sanders,Richard,,7100,,Far West,DR,#,284,Leander,78641,,,,Y
1064099878,219,A,20080918,20070501,M,Scott,Brian,M,6000,W,Anderson,AVE,APT,393,Round Rock,78665,,Y,,Y
1056091781,219,C,20211106,19510815,F,Taylor,Mary,Lee,1400,N,Maple,PL,UNIT,251,Leander,78641,,,,
1063647348,220,,20130625,19770828,F,Flores,Linda,,9041,W,Braker,RD,,,Pflugerville,78660,,Y,Y,
1006453881,220,A,20110414,19820317,M,Gray,Matthew,,6200,,Far West,LN,,,Round Rock,78665,,Y,,Y
1072212731,220,C,20231011,19510124,M,Ward,Aaron,,3584,S,Cedar,AVE,,,Round Rock,78665,S,,Y,
1072987548,220,,20210424,20050925,M,Williams,John,Ann,2100,W,Hillside,TRL,,,Austin,78751,,Y,Y,Y
1011302533,221,B,20080117,19810113,M,Jones,Joshua,,2600,S,Menchaca,CT,,,Del Valle,78617,,,Y,Y
1078999742,221,C,20090606,19931223,M,Walker,Jacob,Marie,9919,,Cedar,TRL,,,Round Rock,78665,,Y,Y,
1083541891,222,,20100814,19900706,M,Cruz,Luis,E,7094,,Pecan,AVE,,,Pflugerville,78660,,Y,Y,Y
1077419759,222,B,20161213,19540108,M,Gray,Andrew,E,355,,Elm,ST,,,Pflugerville,78660,,,,
1025244526,222,B,20200221,19790215,M,Scott,Michael,R,7146,,Hillside,LN,,,Leander,78641,S,Y,,Y
1085371387,222,,20240516,19670626,M,Wright,Paul,R,6600,,Congress,CT,UNIT,312,Pflugerville,78660,,,Y,Y
1004390230,223,,20091028,19450808,F,Chen,Mary,E,4737,,Pecan,WAY,STE,355,Round Rock,78681,,,Y,Y
1015249544,223,,20190702,19480812,M,Johnson,Joseph,A,1621,,Duval,TRL,,,Leander,78641,,Y,Y,Y
1053219975,223,A,20140703,20050425,F,Murphy,Sofia,,8211,,Pecan,CT,,,Leander,78641,S,,Y,
1003698193,223,C,20210628,20000819,F,Roberts,Elizabeth,E,6600,,Lakeview,LN,#,299,Leander,78641,,Y,,
1030450318,223,A,20100406,20050103,F,Sanchez,Sofia,E,7539,S,Oak,ST,,,Pflugerville,78660,,,Y,
1067830837,224,,20111209,19580603,M,Brown,Christopher,,3000,E,Lakeview,RD,,,Pflugerville,78660,,Y,Y,Y
1043355932,224,A,20250706,19780301,F,Hall,Nancy,Rose,4600,N,Burnet,CT,,,Pflugerville,78660,,,Y,Y
1023102819,224,B,20130307,19680914,F,Martinez,Patricia,E,7669,,Magnolia,TRL,,,Austin,78759,,,,Y
1099437630,224,C,20100704,19441028,F,Murphy,Emily,Rose,9600,N,Sycamore,BLVD,,,Round Rock,78664,,Y,Y,
1066074519,224,A,20180502,19351208,M,Reyes,Joshua,L,1400,E,Magnolia,PL,,,Leander,78641,,,Y,
1080879532,224,C,20210108,19371026,M,Ross,Paul,Rose,4000,N,Menchaca,WAY,,,Austin,78741,,,Y,Y
1070571245,224,A,20250605,19831012,F,Sanders,Jennifer,J,4196,E,Maple,CT,,,Round Rock,78681,,Y,,
1047305102,224,B,20230219,19640802,F,Thomas,Sofia,,7200,W,Far West,CIR,,,Austin,78704,,Y,Y,
1070724741,224,C,20091202,19421227,F,White,Isabella,,5000,N,Parmer,CT,,,Del Valle,78617,,,Y,
1053716065,225,A,20100828,19690410,F,Campbell,Olivia,A,6000,,Hillside,AVE,,,Cedar Park,78613,,Y,,Y
1037539999,225,C,20091217,19831220,M,Clark,Christopher,,2400,,Meadow,ST,APT,252,Austin,78723,,,,Y
1036170825,225,C,20130609,19530703,F,Gomez,Elizabeth,,2924,,Escarpment,CT,,,Leander,78641,,,Y,
1050625292,225,A,20080119,19450125,F,Jones,Isabella,,8700,,Maple,LN,#,45,Del Valle,78617,,Y,,
1072059899,225,,20150307,19920113,F,Wright,Amy,Rose,5668,S,Sycamore,PL,,,Leander,78641,,Y,,Y
1067987761,225,B,20110513,19910714,M,Wright,Nathan,Rose,7100,,Meadow,RD,STE,38,Leander,78641,,,,Y
1036016020,226,C,20231103,19590520,M,Thompson,Joseph,M,2047,W,Meadow,RD,,,Cedar Park,78613,,,Y,Y
1030470681,226,C,20181016,19510609,F,Young,Grace,E,9359,S,Meadow,AVE,,,Pflugerville,78660,,Y,,Y
1085195649,227,A,20170824,19851028,F,Ward,Ashley,L,8171,,Sycamore,WAY,,,Austin,78741,,Y,,Y
1076833735,227,C,20091003,19430719,F,Williams,Lisa,E,7800,,Congress,ST,UNIT,90,Austin,78753,,,Y,
1021415593,227,B,20230821,19950613,F,Williams,Melissa,L,3600,N,Lamar,CIR,,,Leander,78641,,Y,Y,
1009101535,228,C,20181014,19970514,F,Brown,Stephanie,A,7569,W,Burnet,BLVD,,,Pflugerville,78660,,Y,Y,Y
1075030393,228,B,20161122,19720815,M,Garcia,John,J,1600,,Parmer,CT,STE,87,Pflugerville,78660,,,Y,Y
1078518473,229,,20091120,19410710,M,Gray,Steven,Lee,4932,E,Riverside,DR,#,289,Del Valle,78617,,,Y,Y
1098246218,229,,20111202,19540126,F,Murphy,Sarah,Marie,500,,Balcones,PL,,,Leander,78641,,,Y,
1082545671,229,B,20081126,19430217,M,Nguyen,Brian,,7421,,Slaughter,DR,,,Round Rock,78664,,,,Y
1087416772,229,,20160618,20040405,F,Ramos,Barbara,Marie,7100,S,Far West,ST,,,Del Valle,78617,,,,
1063825483,229,A,20221209,19381221,M,Wilson,Miguel,,6100,,Balcones,ST,STE,71,Round Rock,78664,,Y,Y,Y
1093370976,229,B,20080403,19990624,F,Young,Sofia,M,8000,W,Pecan,BLVD,,,Leander,78641,,,,
1018954165,230,B,20240323,19611101,M,Kelly,Luis,E,2300,W,Congress,CIR,,,Leander,78641,,,Y,
1005833936,230,,20190604,19600927,F,Patel,Margaret,A,3022,,Brodie,DR,,,Round Rock,78664,,,Y,
1077771766,231,,20240715,19811120,M,Cruz,Joseph,,6900,,Congress,DR,,,Round Rock,78681,,,,Y
1059825093,231,A,20090625,19460421,F,Harris,Ana,Ann,490,E,Congress,ST,,,Round Rock,78681,,Y,,
1002315618,231,A,20150816,19960927,F,Lopez,Ashley,E,1100,,Menchaca,TRL,UNIT,167,Pflugerville,78660,,Y,Y,
1030936958,231,A,20220807,20031125,M,Watson,Anthony,M,8200,,Far West,ST,,,Pflugerville,78660,,Y,,Y
1075205067,231,,20080813,19950906,F,Watson,Jennifer,L,133,,Guadalupe,DR,,,Austin,78723,,,,Y
1032896312,231,,20210708,19640602,M,Watson,Jose,Rose,1624,W,Sycamore,WAY,,,Austin,78702,,,,Y
1029631061,232,A,20250915,19761202,M,Hall,Paul,,8841,E,Maple,RD,STE,125,Del Valle,78617,,Y,Y,Y
1010505736,232,C,20140908,19620819,F,Moore,Olivia,Rose,5435,W,Lamar,RD,,,Austin,78753,,Y,,Y
1058227959,232,A,20090427,19701024,M,Reyes,Mark,Ann,5200,E,Balcones,TRL,UNIT,214,Leander,78641,,Y,Y,Y
1001264953,232,A,20120917,20000813,M,Rodriguez,Joshua,Rose,6200,,Elm,ST,,,Round Rock,78664,,,,
1010477855,232,B,20090407,19740414,F,Thomas,Barbara,Marie,596,E,Brodie,DR,,,Pflugerville,78660,,,Y,
1048881499,232,C,20091010,19820209,F,Watson,Laura,E,1927,,Lamar,CT,UNIT,317,Round Rock,78664,,,Y,Y
1041925597,233,,20180902,19910626,M,Clark,Anthony,,3604,,Elm,ST,STE,236,Pflugerville,78660,,Y,,
1052865215,233,B,20160616,19461216,M,Martinez,Joshua,J,8717,,Meadow,LN,,,Round Rock,78664,,Y,,Y
1055160634,234,C,20170607,19680402,M,Baker,Nathan,M,8900,,Oak,CT,,,Cedar Park,78613,,Y,Y,
1093788023,234,C,20161216,19660502,M,Carter,Juan,,2514,N,Meadow,TRL,,,Cedar Park,78613,,Y,Y,
1010507547,234,B,20250925,20030403,M,Clark,John,,7100,N,Oak,ST,STE,193,Austin,78758,,Y,,Y
1007026277,234,,20160421,19961221,F,Flores,Angela,A,7500,,Hillside,RD,APT,94,Leander,78641,,Y,Y,Y
1038830506,234,C,20170107,19430408,M,Gomez,Juan,Ann,7146,N,Far West,LN,UNIT,360,Pflugerville,78660,,Y,Y,Y
1099428221,234,,20190508,19480523,M,Hill,Jose,M,7000,S,Sycamore,WAY,,,Del Valle,78617,,Y,Y,Y
1068230609,234,C,20100319,19920611,F,Scott,Jessica,R,6288,,Escarpment,TRL,APT,279,Cedar Park,78613,,Y,Y,
1099083036,234,A,20190125,19690905,F,Thomas,Sofia,L,1100,W,Congress,LN,,,Cedar Park,78613,,,,Y
1036328692,235,,20200705,19620621,F,Campbell,Ashley,,500,,Live Oak,CIR,,,Cedar Park,78613,,,Y,
1083543123,235,A,20230917,19660804,M,Carter,Jose,,8437,,Anderson,ST,,,Pflugerville,78660,S,Y,Y,
1048037766,235,,20090425,19660115,M,Nelson,Nathan,A,7717,S,Guadalupe,AVE,UNIT,368,Del Valle,78617,S,Y,Y,
1024512315,235,B,20240312,19590210,F,Reyes,Melissa,M,968,S,Meadow,BLVD,,,Leander,78641,,Y,Y,
1023359667,235,,20160327,19940901,M,Wood,Joshua,Ann,8691,,Cedar,TRL,,,Del Valle,78617,,Y,,
1048052766,236,C,20191006,20000828,F,Brooks,Lisa,,6330,,Congress,TRL,,,Cedar Park,78613,,Y,Y,Y
1043067923,236,A,20101110,20010426,F,Gray,Elizabeth,,2888,,Lamar,ST,,,Round Rock,78664,,,Y,Y
1051504772,236,,20140117,19650126,M,Robinson,Andrew,A,7417,,Anderson,WAY,APT,377,Del Valle,78617,,Y,,Y
1017194345,236,B,20101112,19720418,M,Robinson,Anthony,Lee,6100,,Elm,ST,APT,44,Leander,78641,,,Y,Y
1069444297,237,A,20230906,19420217,M,Baker,Thomas,Rose,4400,W,Oak,RD,,,Leander,78641,,Y,,
1006606134,237,C,20090213,19790412,M,Davis,Carlos,Rose,600,W,Menchaca,CT,,,Round Rock,78681,,Y,,Y
1074371559,237,C,20120904,19370403,M,Gomez,Anthony,A,2000,E,Escarpment,CIR,,,Austin,78702,,Y,,
1019348967,237,C,20110808,19471025,F,Martin,Patricia,Lee,5369,S,Menchaca,CT,,,Cedar Park,78613,,Y,Y,Y
1062080694,237,C,20150603,19380705,M,Murphy,Miguel,Ann,5449,,Duval,WAY,,,Cedar Park,78613,,Y,,Y
1019881716,237,C,20171028,19730523,M,Ward,Carlos,,1600,W,Duval,WAY,,,Leander,78641,,Y,Y,
1084199058,238,A,20101118,19770211,F,Barnes,Jennifer,M,3800,,Escarpment,DR,,,Cedar Park,78613,,,,Y
1084124103,238,C,20230909,19920218,M,Barnes,John,J,6800,N,Live Oak,RD,#,71,Cedar Park,78613,,Y,,Y
1089256214,238,B,20201219,19980616,F,Coleman,Maria,R,5491,,Magnolia,AVE,#,243,Cedar Park,78613,,Y,,
1088398311,238,A,20100222,19511124,M,Cooper,Anthony,L,8899,E,Sycamore,BLVD,#,29,Round Rock,78665,,,Y,
1011863706,238,,20150208,19910603,M,Murphy,Jacob,R,6000,,Brodie,CT,,,Leander,78641,,,,Y
1007786989,238,C,20140519,19540610,F,Sanchez,Olivia,A,3400,,Parmer,PL,,,Leander,78641,,Y,Y,
1017128762,239,,20210822,19641214,F,Baker,Amy,,4673,E,Brodie,RD,,,Cedar Park,78613,,Y,,
1062426694,239,C,20170408,19940409,F,Gomez,Lisa,,3807,S,Menchaca,DR,,,Pflugerville,78660,,Y,Y,Y
1071344107,239,C,20220622,20001219,F,Henderson,Karen,,7645,W,Far West,LN,,,Del Valle,78617,,Y,,Y
1000534701,239,,20100328,19570321,M,Jackson,Nathan,Ann,1984,,Anderson,LN,,,Leander,78641,,Y,,
1091428278,239,B,20190710,19611020,M,Jones,Christopher,Marie,5061,W,Duval,TRL,,,Cedar Park,78613,,Y,,
1041974028,239,B,20120716,19640726,M,Watson,Miguel,Ann,2900,S,Elm,CT,,,Round Rock,78664,,,,Y
1027475729,240,,20160214,19860217,M,Gray,Michael,Ann,2800,N,Maple,CIR,,,Cedar Park,78613,,Y,,Y
1029050327,240,A,20151123,19590821,M,Ward,Thomas,E,5256,S,Elm,RD,,,Cedar Park,78613,,Y,,Y
1045899913,241,C,20180902,19960527,M,Flores,John,Lee,4318,,Slaughter,CIR,,,Cedar Park,78613,,,,Y
1077768565,241,A,20220202,19720207,F,Roberts,Ana,M,1040,N,Balcones,CT,,,Round Rock,78665,,Y,,
1050241618,241,A,20251127,19470821,F,Ward,Barbara,E,7879,,Burnet,DR,APT,291,Pflugerville,78660,,Y,,
1026964010,241,B,20200605,19801022,M,Young,Joseph,,2500,W,Lamar,DR,,,Cedar Park,78613,,Y,,Y
1062663199,242,C,20101110,19690725,M,Barnes,Jacob,R,9827,E,Braker,RD,,,Pflugerville,78660,,Y,Y,Y
1072340633,242,B,20161128,19711108,M,Chen,Carlos,,3767,,Creekside,PL,#,43,Leander,78641,,Y,Y,
1048397787,242,C,20090609,19560421,F,Perez,Margaret,R,8900,,Oak,AVE,,,Cedar Park,78613,,Y,,
1054267200,243,,20141121,19760822,M,Clark,Matthew,,1100,N,Pecan,CIR,,,Round Rock,78681,,Y,Y,
1068638274,243,,20231124,19940803,F,Hall,Patricia,Marie,8500,E,Creekside,TRL,,,Austin,78758,,Y,,Y
1065839808,243,B,20111219,19840810,F,Moore,Angela,E,195,,Lakeview,LN,,,Pflugerville,78660,,,Y,Y
1056949411,243,C,20211106,19911113,M,Patel,Joseph,A,200,,Brodie,CT,,,Pflugerville,78660,,,,Y
1031776905,243,B,20201221,19760912,F,Taylor,Stephanie,M,5300,,Congress,BLVD,,,Del Valle,78617,,,,Y
1075068780,243,C,20080902,19931205,F,Williams,Linda,,8400,S,Creekside,DR,,,Pflugerville,78660,,Y,,
1072303832,244,B,20171122,19620205,M,Cox,Jacob,,400,,Balcones,TRL,,,Leander,78641,,,,
1053632079,244,B,20140916,19710318,M,Moore,Steven,,2192,,Live Oak,DR,APT,156,Austin,78753,,,Y,
1006832281,244,,20251201,19460414,M,Nelson,Paul,R,8400,,Congress,LN,,,Pflugerville,78660,,Y,,Y
1084844797,244,B,20080910,19490104,M,Ross,Daniel,Ann,7740,,Braker,BLVD,,,Leander,78641,,Y,,
1080890751,245,,20240615,19371123,F,Clark,Patricia,Ann,1569,,Live Oak,PL,#,214,Del Valle,78617,,,Y,
1024684198,245,C,20220508,19400614,F,Kelly,Olivia,,3216,S,Cedar,CIR,,,Round Rock,78681,,Y,Y,
1058812212,245,B,20100128,19541009,M,Ramos,Matthew,L,5400,E,Lakeview,AVE,UNIT,346,Leander,78641,,,Y,
1031960978,245,B,20221027,19861012,F,Scott,Linda,,8400,,Lakeview,WAY,,,Cedar Park,78613,,,Y,
1094663582,246,C,20250522,19700126,M,King,Jose,Marie,5661,,Sycamore,RD,,,Cedar Park,78613,,,,
1085641127,246,,20150813,19470416,F,Rodriguez,Maria,E,9700,,Slaughter,TRL,,,Cedar Park,78613,,Y,,Y
1052895908,247,B,20150815,19780710,F,Chen,Patricia,A,5053,,Lakeview,WAY,APT,206,Pflugerville,78660,,,,Y
1042718338,247,C,20220512,19960118,M,Hill,Michael,R,2366,N,Duval,WAY,,,Austin,78702,,Y,Y,Y
1076335577,248,C,20250906,19830303,F,Lee,Olivia,Ann,7300,,Guadalupe,AVE,,,Leander,78641,,,,Y
1094192248,248,,20240420,19401208,F,Robinson,Linda,Lee,4341,E,Pecan,WAY,,,Cedar Park,78613,,Y,Y,
1064099313,249,B,20110401,19660512,M,Hall,Brian,L,100,,Lamar,RD,APT,160,Pflugerville,78660,,Y,,
1072659659,249,,20130321,20040312,F,Ramos,Olivia,Ann,500,N,Braker,CIR,,,Del Valle,78617,,Y,Y,
1084537849,249,C,20090525,19970528,M,Smith,James,,8510,E,Congress,TRL,APT,242,Leander,78641,,Y,Y,Y
1099919161,249,C,20170411,19621028,M,Wood,Juan,,812,,Anderson,TRL,#,190,Austin,78748,,Y,Y,
1090012612,250,B,20241226,19861003,M,Mitchell,Carlos,J,7600,W,Elm,RD,APT,380,Round Rock,78665,S,Y,,Y
1000773790,250,A,20161002,19780705,M,Peterson,Miguel,,6536,S,Brodie,CIR,,,Austin,78748,,Y,,Y
1017168286,250,C,20231001,19580823,M,Peterson,Robert,,100,,Lakeview,TRL,,,Austin,78741,,Y,Y,Y
1040899225,250,,20141025,19791026,F,Wright,Amy,,3107,,Maple,LN,,,Round Rock,78681,S,,,
1046017751,251,,20190624,19750713,F,Coleman,Elizabeth,A,9446,,Lakeview,PL,,,Round Rock,78681,,Y,,Y
1023704184,251,B,20141223,19750720,F,Gonzalez,Elizabeth,,8600,,Cedar,LN,,,Cedar Park,78613,,Y,Y,Y
1077087475,251,B,20110513,19850812,F,Howard,Mary,M,2052,W,Elm,CT,,,Austin,78703,,Y,,
1005458608,252,B,20120428,19861126,M,Adams,Eric,,2300,,Oak,WAY,APT,8,Leander,78641,,,,
1056483632,252,C,20221209,19480305,M,Lopez,David,,9400,,Cedar,BLVD,,,Cedar Park,78613,,Y,Y,Y
1027311418,252,A,20100217,19610903,F,Williams,Olivia,A,9746,,Congress,ST,,,Del Valle,78617,,Y,Y,Y
1011880916,252,A,20140603,19961015,F,Young,Olivia,R,3166,,Lamar,RD,,,Cedar Park,78613,,,,
1040173841,253,A,20131024,19641221,M,Miller,David,A,6865,,Guadalupe,CT,,,Leander,78641,,Y,Y,
1067323890,254,C,20220403,19380907,M,Clark,Joseph,,6200,,Pecan,LN,#,200,Austin,78703,,,Y,
1084729716,254,C,20231119,20040127,M,Roberts,Joshua,Lee,3800,E,Oak,PL,,,Del Valle,78617,,Y,,Y
1093070621,255,B,20160310,20061213,M,Brown,Joseph,M,9500,E,Far West,AVE,,,Del Valle,78617,,Y,Y,
1024831661,255,,20110121,19940604,F,Cox,Susan,,2400,,Guadalupe,PL,,,Round Rock,78681,,Y,Y,
1042620241,255,,20091023,19520116,F,Martin,Olivia,L,862,,Live Oak,DR,,,Pflugerville,78660,,Y,Y,Y
1090332594,255,,20160311,20050415,M,White,Luis,M,5800,S,Pecan,BLVD,,,Del Valle,78617,,Y,Y,Y
1025801744,256,B,20200409,19921219,M,Campbell,Joseph,,3301,,Maple,TRL,,,Del Valle,78617,,Y,Y,Y
1050426466,256,,20130305,20051007,M,Cooper,Eric,Marie,2995,N,Anderson,WAY,,,Pflugerville,78660,,Y,Y,
1050573823,256,A,20080121,19880514,M,Henderson,Paul,A,5200,N,Balcones,ST,,,Round Rock,78664,,,,Y
1070493178,256,,20190203,19370427,F,Hernandez,Sarah,E,6000,,Pecan,BLVD,,,Pflugerville,78660,,Y,Y,
1065584682,256,C,20130104,19430307,M,Nguyen,Matthew,J,4300,E,Live Oak,CT,#,189,Del Valle,78617,,Y,Y,Y
1006528708,257,C,20250322,19731028,F,Brown,Melissa,J,8490,,Duval,ST,STE,93,Pflugerville,78660,,,Y,
1073748413,257,C,20220919,19461123,M,Kelly,Charles,A,7000,,Far West,TRL,UNIT,311,Pflugerville,78660,,,,
1085059416,257,B,20160402,19400101,F,Mitchell,Jessica,,3230,,Pecan,ST,,,Del Valle,78617,,Y,,
1029808791,257,A,20210106,19441113,M,Thomas,Luis,Lee,3764,S,Sycamore,RD,UNIT,357,Austin,78701,,Y,,Y
1048884988,257,A,20230803,19371114,F,Wood,Linda,J,4300,N,Lakeview,WAY,,,Del Valle,78617,,Y,,
1032503242,257,A,20081015,19981112,F,Wood,Nancy,Rose,3700,N,Brodie,ST,,,Del Valle,78617,,,Y,Y
1037040544,257,C,20140912,19731224,F,Young,Sofia,Marie,7100,W,Live Oak,ST,,,Pflugerville,78660,,Y,Y,Y
1070733615,258,A,20120124,19721113,F,Martin,Barbara,Lee,100,W,Duval,BLVD,,,Pflugerville,78660,,Y,Y,
1097541041,258,,20120511,19960610,F,Ramos,Stephanie,Lee,3320,W,Braker,CIR,,,Pflugerville,78660,,Y,,Y
1039135560,258,B,20231125,19640123,M,Sanchez,Kevin,Marie,7396,,Escarpment,AVE,,,Austin,78701,,,Y,Y
1002063716,258,,20250614,19860608,F,Scott,Sandra,,219,N,Meadow,RD,,,Round Rock,78681,,Y,Y,Y
1085684401,258,,20150303,19890713,M,Torres,William,Marie,1900,N,Parmer,RD,APT,65,Cedar Park,78613,,,,Y
1039172993,258,C,20210924,19580117,F,Wood,Karen,,8500,,Hillside,CT,,,Pflugerville,78660,,Y,Y,Y
1023699748,259,,20200924,19740220,F,Nguyen,Olivia,Lee,6152,,Riverside,CT,,,Del Valle,78617,,Y,Y,Y
1087839766,259,C,20180609,19440906,M,Patel,Charles,J,5700,,Guadalupe,WAY,,,Austin,78751,S,Y,Y,Y
1047925639,259,C,20220210,19810718,M,Peterson,Kevin,Rose,9100,N,Magnolia,RD,,,Leander,78641,,,,Y
1003814220,259,,20200617,19680115,F,Ross,Amanda,Lee,6656,,Anderson,DR,,,Del Valle,78617,,Y,Y,
1084011264,259,C,20211208,19800219,M,Sanders,Carlos,,3500,W,Duval,RD,,,Round Rock,78665,,Y,,
1009410256,259,A,20110602,19680606,F,Thomas,Laura,E,3635,S,Duval,LN,#,242,Leander,78641,,Y,,Y
1046638446,259,C,20200321,19990310,M,Walker,Richard,,7033,W,Congress,RD,,,Del Valle,78617,,Y,Y,Y
1067872254,260,A,20130815,19620902,F,Kelly,Jennifer,Ann,4042,,Maple,WAY,,,Del Valle,78617,,,,
1056110927,260,B,20141126,19730228,F,Sanchez,Susan,M,6300,,Braker,ST,,,Pflugerville,78660,,,,
1079853984,261,C,20121007,19630625,F,Coleman,Emily,,6906,,Escarpment,PL,,,Round Rock,78681,,Y,,
1026356629,261,B,20160310,19490702,M,Hernandez,Paul,J,325,S,Oak,LN,UNIT,57,Cedar Park,78613,,Y,,Y
1016127037,261,B,20240717,20030308,F,Sanders,Sandra,,6989,,Brodie,WAY,,,Austin,78705,,,Y,
1008037286,261,C,20130624,19990914,F,Taylor,Olivia,Marie,3800,,Meadow,TRL,APT,182,Austin,78704,,,Y,
1010221140,262,C,20180901,19361014,F,Reyes,Amanda,L,9700,N,Braker,RD,,,Round Rock,78681,,,Y,Y
1024866635,262,,20150320,19510501,M,Smith,Steven,A,2164,,Magnolia,RD,,,Cedar Park,78613,,,,
1064406819,262,,20200705,19670701,F,Thompson,Ashley,,6340,,Magnolia,BLVD,,,Del Valle,78617,,,,Y
1007705083,263,C,20160517,19490504,M,Bailey,Jose,,6100,,Elm,LN,,,Cedar Park,78613,,,Y,
1092855448,263,C,20191024,20070426,M,Brown,John,Ann,890,S,Burnet,AVE,,,Leander,78641,,Y,Y,
1049013139,263,,20230709,19670415,F,Flores,Susan,,4211,,Lamar,CIR,UNIT,208,Round Rock,78664,,Y,Y,
1020493279,263,,20120623,19470324,F,Harris,Emily,Lee,3696,S,Meadow,AVE,,,Pflugerville,78660,,Y,,
1015072965,263,C,20250601,19740302,F,Richardson,Amy,Marie,4011,W,Parmer,CT,,,Pflugerville,78660,,,,Y
1037703671,263,A,20250901,20030124,F,Robinson,Jennifer,Marie,3700,N,Guadalupe,DR,STE,42,Cedar Park,78613,,Y,,Y
1016018146,264,B,20090718,19391008,M,Bennett,Jose,,5900,N,Menchaca,TRL,,,Del Valle,78617,,Y,Y,Y
1094355470,264,,20220101,19800809,M,Bennett,Nathan,Ann,2100,N,Duval,BLVD,,,Austin,78702,,Y,Y,
1084748712,264,A,20190518,19900610,F,Hill,Olivia,Marie,287,W,Anderson,AVE,,,Del Valle,78617,,Y,Y,Y
1059939450,264,A,20211106,19881107,M,Martinez,Brian,A,5210,,Pecan,AVE,,,Leander,78641,,,,
1019749157,264,A,20110207,19591213,F,Nguyen,Isabella,R,7900,,Magnolia,DR,,,Del Valle,78617,,Y,Y,
1066704174,264,,20110204,19380126,F,Rodriguez,Isabella,,8131,S,Creekside,WAY,STE,369,Round Rock,78665,,,,Y
1047657854,264,,20250512,19831125,M,Wright,Charles,Lee,3088,,Hillside,TRL,,,Leander,78641,,Y,,Y
1059701361,265,C,20200115,20070812,M,Mitchell,Jose,Marie,1139,W,Meadow,ST,,,Cedar Park,78613,,Y,,
1042103900,265,A,20250313,19480518,F,Robinson,Isabella,A,1577,N,Menchaca,BLVD,,,Pflugerville,78660,,Y,,
1087102330,265,A,20240116,19360425,F,Sanders,Emily,,6800,E,Anderson,BLVD,UNIT,351,Round Rock,78665,,,Y,Y
1041057447,266,,20110919,19410201,M,Flores,Christopher,E,1600,,Maple,AVE,STE,197,Austin,78741,,Y,Y,
1072339326,266,B,20190607,19880912,F,Smith,Jessica,Ann,8546,,Congress,LN,,,Leander,78641,,Y,,Y
1012010137,266,A,20131001,19700710,M,Walker,Joshua,Rose,400,S,Riverside,TRL,,,Leander,78641,,Y,Y,
1025987547,266,C,20210601,19660323,M,Watson,Joseph,Lee,7300,,Lamar,CIR,,,Cedar Park,78613,,,Y,
1063702159,266,A,20120509,19540109,F,Wood,Sofia,,4567,,Far West,LN,,,Del Valle,78617,,Y,Y,Y
1049627928,267,A,20240414,20011018,M,Bennett,Robert,M,1700,S,Brodie,LN,,,Leander,78641,,,,
1027984255,267,,20240813,19950814,F,Campbell,Sandra,A,8422,E,Live Oak,BLVD,,,Pflugerville,78660,,Y,,
1087980838,267,A,20170202,20031026,M,Lee,Mark,E,5500,N,Parmer,WAY,,,Austin,78723,,,Y,
1067549034,267,B,20240326,19780622,M,Roberts,Andrew,J,6800,,Brodie,RD,,,Leander,78641,,,Y,
1067961558,268,A,20170610,19890604,M,Gomez,William,Ann,4100,W,Brodie,TRL,,,Round Rock,78665,,Y,Y,Y
1017924701,268,,20180616,19950112,M,Moore,David,,7400,E,Burnet,RD,#,73,Leander,78641,,Y,Y,Y
1068220356,268,,20181203,19710413,M,Ramirez,Eric,R,7600,,Magnolia,PL,,,Del Valle,78617,,,,
1022408891,268,C,20190226,19841219,M,Reyes,Miguel,Marie,1900,W,Sycamore,ST,#,177,Round Rock,78681,,,Y,
1073845932,269,A,20160604,19350307,F,Hernandez,Jennifer,Rose,2400,,Riverside,CIR,,,Pflugerville,78660,,Y,,Y
1091644727,269,C,20121219,19500124,F,Hill,Michelle,J,9427,E,Riverside,AVE,APT,306,Del Valle,78617,,,Y,
1007880238,269,,20211223,19910207,F,Kelly,Olivia,M,8900,,Menchaca,CT,#,154,Austin,78751,,Y,,
1059606188,269,C,20170112,19540301,M,Reyes,Andrew,,2800,,Maple,LN,,,Cedar Park,78613,,,,Y
1095732100,269,B,20140405,19971210,F,Sanchez,Elizabeth,A,7600,W,Lamar,DR,,,Cedar Park,78613,,,,
1043551341,270,B,20140626,19970116,M,Kelly,Mark,,7692,S,Guadalupe,CIR,,,Cedar Park,78613,,Y,Y,
1094496090,270,,20190508,19970809,M,Thomas,Joshua,L,7673,W,Magnolia,BLVD,,,Cedar Park,78613,,,Y,
1004222221,270,A,20150621,19690518,M,Wilson,Miguel,,4300,,Far West,DR,,,Del Valle,78617,,,Y,Y
1045091146,271,B,20191210,19560214,F,Perez,Maria,E,8100,,Lamar,AVE,UNIT,299,Cedar Park,78613,,Y,,Y
1025555076,271,A,20120911,20040924,F,Wood,Stephanie,L,4489,,Parmer,TRL,,,Round Rock,78664,,Y,,
1089518349,272,,20130125,19400718,F,Baker,Isabella,Lee,8300,W,Balcones,RD,,,Austin,78702,,,,
1017260907,272,C,20090821,19890906,M,Cox,Mark,Marie,8183,N,Meadow,DR,,,Leander,78641,S,Y,,Y
1060725457,272,C,20101205,19421025,M,Ward,Brian,R,1500,W,Maple,DR,,,Leander,78641,,Y,Y,
1040212704,272,,20150608,19870425,M,Ward,Luis,L,7100,N,Hillside,RD,,,Leander,78641,,,Y,
1018752190,272,A,20141101,19540126,F,White,Ashley,Ann,7600,,Lamar,BLVD,,,Round Rock,78665,,Y,,Y
1025328339,273,,20220424,19680518,F,Jones,Maria,E,7860,,Menchaca,ST,,,Cedar Park,78613,,Y,Y,Y
1012786002,274,C,20100307,19580205,F,Anderson,Emily,Ann,8752,,Oak,CIR,,,Pflugerville,78660,,Y,,Y
1042108935,274,A,20160517,19550225,F,Ramirez,Ashley,Rose,9100,,Pecan,DR,,,Cedar Park,78613,,,,
1083402853,274,,20191224,19650901,M,Reyes,Eric,Ann,9298,,Balcones,WAY,,,Austin,78748,,,Y,Y
1019249888,274,B,20100404,19951022,F,Wright,Jessica,Lee,400,,Brodie,TRL,,,Pflugerville,78660,,,,Y
1035841340,275,A,20080922,19991203,M,Adams,Robert,R,9400,,Meadow,CIR,,,Del Valle,78617,,Y,Y,Y
1035029657,275,C,20221118,19801212,M,Jackson,John,A,9200,S,Lamar,CT,STE,121,Del Valle,78617,,Y,Y,Y
1087508175,276,,20220810,19741211,F,Cooper,Ashley,R,2100,N,Escarpment,LN,,,Round Rock,78681,,Y,,Y
1036170825,276,C,20140806,19530703,F,Gomez,Elizabeth,,7412,S,Parmer,CIR,#,136,Cedar Park,78613,,,,Y
1067942873,276,,20080509,19600723,M,Gray,Aaron,R,3700,,Balcones,TRL,UNIT,164,Cedar Park,78613,,,,Y
1095391387,276,C,20220912,19820507,M,Murphy,Paul,,2193,,Creekside,TRL,,,Austin,78741,,Y,,Y
1008821242,277,A,20190814,19500107,M,Bailey,Aaron,Ann,3600,,Duval,AVE,,,Pflugerville,78660,,Y,Y,
1037358793,277,C,20171025,19721026,M,Henderson,Miguel,R,2700,W,Anderson,ST,,,Round Rock,78664,,,Y,Y
1089239523,278,,20100523,19891009,F,Brooks,Mary,A,5409,E,Sycamore,LN,UNIT,92,Pflugerville,78660,,Y,Y,
1038597782,278,A,20140315,19501106,F,Hernandez,Mary,,9775,,Lamar,RD,,,Pflugerville,78660,,,Y,Y
1051246237,279,B,20120205,19710509,F,Cox,Susan,R,2600,,Riverside,TRL,,,Pflugerville,78660,,,,Y
1018969316,279,A,20230212,19590104,F,Hall,Olivia,E,4400,E,Congress,ST,STE,43,Leander,78641,,Y,Y,Y
1006312381,279,,20220708,19911201,M,Harris,Nathan,,8200,,Pecan,CT,UNIT,212,Del Valle,78617,,,,
1056772757,279,A,20180710,19570514,M,Taylor,Jose,,7800,E,Riverside,ST,UNIT,157,Pflugerville,78660,,Y,,
1014994963,280,B,20241120,19950917,F,Cruz,Stephanie,,6200,,Parmer,LN,,,Leander,78641,,,Y,Y
1041106545,280,B,20190505,19450926,M,Davis,Richard,Marie,9400,W,Lakeview,ST,STE,277,Pflugerville,78660,,,,Y
1038033662,280,C,20151227,19860415,M,Harris,Kevin,,193,N,Anderson,CIR,,,Austin,78741,,,Y,Y
1047604164,280,,20160711,19900510,F,Patel,Lisa,Ann,8899,,Lakeview,BLVD,APT,292,Leander,78641,,,,Y
1069674558,280,C,20200507,19531227,M,Richardson,David,,429,,Guadalupe,CT,,,Leander,78641,,Y,Y,Y
1060918819,280,,20170503,19800113,M,Thompson,James,Marie,3500,,Menchaca,RD,APT,395,Leander,78641,,Y,,Y
1039088274,280,B,20130919,19921228,F,Williams,Elizabeth,M,2200,,Oak,PL,STE,297,Austin,78723,,,Y,Y
1013202140,281,B,20151124,19860807,M,Baker,Aaron,A,1300,N,Anderson,BLVD,,,Leander,78641,,,Y,Y
1091332505,281,A,20220919,19390523,F,Martinez,Ashley,R,1767,W,Slaughter,RD,,,Pflugerville,78660,,,,Y
1087194051,281,A,20140720,20030224,M,Ward,Richard,L,9893,,Menchaca,BLVD,,,Leander,78641,,,,
1075817328,282,B,20170316,19840812,F,Nguyen,Karen,R,2900,,Braker,RD,,,Pflugerville,78660,,Y,Y,Y
1012629943,282,A,20100111,19991015,M,Thomas,William,E,1700,,Far West,DR,,,Leander,78641,,Y,Y,
1058046444,283,C,20250905,19500904,M,Coleman,Brian,L,4494,,Guadalupe,ST,,,Leander,78641,,Y,,Y
1037604708,283,A,20120606,19460426,M,Coleman,Miguel,L,9720,,Braker,PL,,,Austin,78705,,Y,Y,
1037269040,283,C,20150214,20051124,M,Davis,Joshua,,8700,,Magnolia,CIR,,,Cedar Park,78613,,Y,,Y
1004771913,283,C,20210328,19401105,F,Garcia,Ana,Ann,7845,W,Sycamore,BLVD,,,Pflugerville,78660,,Y,Y,Y
1072688508,283,A,20080328,19720926,F,Hill,Maria,,9600,W,Riverside,WAY,,,Round Rock,78681,,,,
1017894316,283,,20110204,19580508,F,Thomas,Jennifer,Marie,700,S,Live Oak,LN,,,Leander,78641,,Y,,
1001127415,283,B,20151218,19961205,M,Thompson,William,,8802,,Lamar,LN,APT,173,Cedar Park,78613,,Y,,
1086526456,283,B,20090608,19381026,M,Wood,David,,5922,,Parmer,LN,STE,341,Pflugerville,78660,,Y,Y,Y
1013905632,284,C,20211017,20050115,F,Barnes,Emily,Ann,974,N,Maple,CIR,#,375,Cedar Park,78613,,Y,,Y
1094472747,284,,20180621,19810921,F,Chen,Sandra,J,1141,,Braker,ST,#,41,Round Rock,78664,,,Y,Y
1004144796,284,C,20210913,19750516,F,Howard,Grace,,2160,N,Parmer,CT,,,Del Valle,78617,,,,Y
1052323394,285,A,20091124,19811104,M,Brooks,William,Ann,1700,E,Braker,DR,,,Round Rock,78665,,Y,Y,Y
1069729334,285,C,20241119,19580912,F,Hernandez,Patricia,Marie,8881,E,Meadow,WAY,,,Austin,78745,,Y,,Y
1032532680,285,A,20190524,19761027,M,Hill,Andrew,M,6400,S,Escarpment,AVE,#,314,Cedar Park,78613,,Y,,Y
1033819652,285,C,20120609,19590708,M,Martinez,John,,5077,,Riverside,LN,,,Del Valle,78617,,,Y,Y
1023229063,285,,20181028,19350421,M,Peterson,Kevin,L,2800,W,Elm,ST,,,Cedar Park,78613,,Y,Y,Y
1048603082,285,A,20231217,19790206,F,Wood,Mary,R,2100,,Cedar,AVE,,,Round Rock,78681,,Y,,
1008256891,286,,20231001,19630708,F,Clark,Stephanie,J,300,,Burnet,PL,UNIT,64,Round Rock,78665,,Y,Y,
1010245794,286,,20091026,19970914,M,Robinson,Matthew,,1100,S,Burnet,TRL,,,Round Rock,78681,,Y,Y,Y
1071578959,286,B,20150419,19390617,M,Torres,Carlos,Rose,300,,Cedar,WAY,UNIT,303,Del Valle,78617,,Y,,Y
1050406771,287,C,20150727,19671020,F,Howard,Nancy,R,7574,,Parmer,AVE,,,Austin,78705,,Y,,Y
1048644967,287,,20161122,19970113,F,Ramirez,Grace,,900,,Congress,AVE,,,Cedar Park,78613,,Y,Y,
1051139884,287,C,20100504,19780219,M,Ross,Eric,,3300,E,Slaughter,WAY,,,Austin,78748,,,,Y
1031412831,287,C,20171011,19680116,M,Thomas,Christopher,A,4300,N,Cedar,BLVD,,,Round Rock,78681,,,Y,
1040814574,289,,20161119,19990616,F,Brown,Ashley,J,585,,Anderson,WAY,,,Leander,78641,,Y,Y,Y
1002976312,289,A,20160418,19610508,M,Gomez,Michael,,3351,E,Parmer,RD,,,Leander,78641,S,Y,,
1089446396,289,B,20171106,20061225,F,Nguyen,Ashley,L,3530,N,Maple,RD,UNIT,255,Del Valle,78617,,Y,Y,
1065639846,289,A,20080426,19360718,F,Reyes,Laura,,2900,E,Pecan,DR,,,Del Valle,78617,,,,
1055191442,289,A,20100109,19761227,M,Scott,Matthew,M,3165,E,Live Oak,DR,,,Cedar Park,78613,,Y,,Y
1069943005,289,B,20090922,19830925,M,Walker,Andrew,,4455,,Live Oak,DR,,,Round Rock,78665,,Y,Y,
1081542672,290,A,20241228,19430608,F,Moore,Angela,,7937,N,Burnet,TRL,,,Round Rock,78681,,Y,Y,
1014602743,290,A,20170822,19451209,M,Nelson,Aaron,Lee,6400,W,Elm,CT,UNIT,231,Austin,78702,,,,Y
1032472875,290,,20131101,20041119,M,Peterson,Christopher,A,9700,N,Pecan,TRL,,,Pflugerville,78660,,Y,,
1085461414,290,A,20250304,19951023,F,Young,Ana,,2700,N,Pecan,CIR,,,Round Rock,78664,,,Y,
1015189166,291,A,20230724,19691214,M,Baker,Nathan,Lee,5700,,Riverside,ST,,,Austin,78758,,,,Y
1026389995,292,A,20210116,19631024,M,Carter,Brian,A,8196,,Live Oak,ST,STE,214,Pflugerville,78660,,Y,,
1017885172,292,C,20221019,19951202,F,Roberts,Angela,J,2168,,Balcones,BLVD,APT,142,Cedar Park,78613,,,,Y
1022603544,292,,20090625,19910105,F,Watson,Stephanie,M,1876,N,Duval,CT,APT,390,Round Rock,78681,,,Y,
1058683816,293,,20111005,19820203,F,Miller,Amy,M,9700,N,Balcones,AVE,,,Austin,78703,,Y,,Y
1017238498,293,C,20181101,19790212,F,Reyes,Stephanie,Ann,153,S,Sycamore,PL,,,Leander,78641,,Y,Y,
1008865825,294,C,20141219,19871108,F,Gonzalez,Nancy,J,960,,Elm,CT,STE,114,Cedar Park,78613,,,Y,Y
1002653188,294,B,20081005,19620628,F,Jackson,Mary,A,6100,,Lakeview,PL,,,Leander,78641,,,Y,
1029885668,295,A,20130601,19891225,M,Ramos,Mark,M,9931,,Live Oak,CIR,,,Pflugerville,78660,,Y,,Y
1036392257,295,,20180510,19991208,M,Wood,Paul,E,4087,N,Parmer,DR,,,Leander,78641,,,,Y
1043068791,295,C,20100622,19590606,M,Wright,Jacob,,3802,W,Magnolia,PL,,,Round Rock,78665,,Y,Y,
1062918742,296,C,20180817,19570414,F,Cox,Rebecca,M,4428,,Elm,PL,,,Leander,78641,,,,Y
1099835880,296,C,20220728,19920225,M,Young,Luis,M,900,,Riverside,DR,,,Austin,78701,,Y,Y,
1077679521,297,B,20100813,19950721,F,Garcia,Michelle,,8669,,Cedar,TRL,,,Del Valle,78617,,Y,Y,Y
1062530377,297,A,20170609,19930917,M,Nguyen,Aaron,J,2000,,Hillside,ST,APT,345,Pflugerville,78660,,Y,Y,
1097163567,298,,20140515,19610806,F,Brooks,Barbara,Rose,8895,,Congress,AVE,,,Pflugerville,78660,,Y,Y,Y
1015486693,298,,20210127,20060525,M,Carter,Joshua,Rose,6700,S,Far West,CT,,,Pflugerville,78660,,,,
1090706711,298,C,20201213,19580913,F,Gomez,Linda,Lee,3600,S,Elm,ST,APT,242,Austin,78758,,Y,Y,Y
1054378574,298,C,20191003,19350221,F,Hall,Jessica,,5100,,Congress,AVE,,,Leander,78641,,Y,,
1004281212,298,C,20171023,19361123,F,Martin,Rebecca,R,9800,,Brodie,WAY,,,Pflugerville,78660,,Y,Y,Y
1048493056,298,A,20090821,19581016,F,Taylor,Elizabeth,J,2235,W,Lamar,RD,,,Austin,78701,,Y,,Y
1065872545,299,C,20120216,19600307,F,Coleman,Maria,,1000,W,Meadow,BLVD,#,71,Round Rock,78665,,,,
1008703799,299,C,20220220,19961008,M,Moore,Nathan,R,9201,,Brodie,RD,,,Leander,78641,S,,Y,Y
1045821905,299,A,20111215,19730324,F,Walker,Maria,,1700,S,Brodie,ST,,,Pflugerville,78660,,Y,,
1074024764,299,,20141224,19930501,M,White,Paul,,800,,Elm,PL,,,Cedar Park,78613,,,Y,Y
1018989649,299,C,20111002,19610727,M,Wood,Aaron,M,3200,,Anderson,DR,STE,270,Pflugerville,78660,,Y,Y,Y
1085587539,300,A,20250315,19700523,F,Brooks,Linda,A,8100,E,Cedar,BLVD,,,Round Rock,78665,,,,Y
1089480477,300,A,20150505,19921204,F,Brown,Linda,J,8300,W,Cedar,CIR,,,Austin,78705,,Y,,
1042006607,300,A,20230215,19781009,M,Coleman,Robert,E,2400,E,Far West,RD,,,Del Valle,78617,,,,
1074522420,300,C,20241109,19980312,F,Gonzalez,Emily,A,9600,,Riverside,TRL,UNIT,107,Cedar Park,78613,,Y,Y,Y
1007163661,300,C,20230513,19380905,F,Hall,Margaret,Lee,3396,N,Hillside,BLVD,,,Pflugerville,78660,,Y,Y,Y
1095041084,300,,20080912,19670828,M,Jackson,Matthew,L,591,S,Cedar,RD,STE,227,Leander,78641,,Y,Y,Y
1063020473,300,A,20231117,19990801,M,Wilson,Thomas,,3389,N,Elm,WAY,#,180,Cedar Park,78613,,Y,Y,Y
1059939224,300,C,20220712,19600514,F,Young,Linda,R,3900,S,Burnet,TRL,,,Austin,78704,,,Y,
1002805289,301,B,20200106,19510716,F,Brooks,Stephanie,A,1633,E,Guadalupe,WAY,,,Cedar Park,78613,,Y,Y,Y
1098774288,301,,20231114,19410104,F,Price,Isabella,Ann,5780,W,Sycamore,CT,,,Cedar Park,78613,,Y,Y,
1083240724,301,,20101010,19870417,M,Roberts,Miguel,Marie,8697,,Brodie,BLVD,,,Cedar Park,78613,,,,Y
1021844031,301,B,20120201,19861223,F,White,Isabella,R,1000,E,Oak,PL,,,Cedar Park,78613,,,,Y
1019550478,302,B,20160123,19920819,F,Flores,Sandra,A,600,,Duval,AVE,,,Leander,78641,,Y,,Y
1053914449,302,B,20160214,19390901,F,Lopez,Mary,Marie,9114,W,Duval,CIR,UNIT,363,Pflugerville,78660,,Y,,
1059913865,302,A,20120122,19520726,M,Ramirez,Andrew,A,6730,,Maple,BLVD,,,Austin,78751,S,Y,,Y
1060000935,302,A,20201008,19720505,F,Smith,Angela,E,6311,,Parmer,DR,,,Round Rock,78681,,Y,Y,Y
1040004671,303,,20200809,19461010,F,Robinson,Ana,,2692,,Oak,RD,STE,130,Leander,78641,,Y,Y,Y
1014002111,303,A,20130204,19390516,M,Williams,Michael,R,5300,E,Escarpment,ST,,,Round Rock,78665,,Y,Y,
1087809777,304,C,20101012,19470407,M,Chen,James,,9800,S,Brodie,BLVD,,,Cedar Park,78613,,Y,Y,
1055789774,305,,20240903,19600215,F,Brown,Grace,J,2000,N,Escarpment,WAY,,,Austin,78748,,Y,,Y
1077702452,305,,20180826,19820727,F,Carter,Maria,,7200,W,Menchaca,PL,STE,185,Austin,78753,,Y,Y,
1030421356,305,,20250512,19391001,M,Cooper,Luis,Marie,7644,W,Burnet,AVE,STE,137,Cedar Park,78613,,Y,,
1057190614,305,C,20230224,19501216,M,Hernandez,Carlos,R,9147,E,Lakeview,AVE,,,Round Rock,78681,,,,Y
1080326659,305,,20211210,19880207,M,Reyes,David,,4079,E,Burnet,RD,,,Austin,78759,,Y,Y,
1023170898,305,B,20240202,19460710,F,Sanders,Olivia,M,1185,,Escarpment,DR,APT,285,Del Valle,78617,S,Y,Y,Y
1034786558,306,,20180619,19990112,M,Campbell,William,Rose,9700,,Guadalupe,TRL,,,Cedar Park,78613,,Y,,
1043104115,306,B,20231101,19350708,F,Harris,Margaret,M,3700,W,Magnolia,ST,,,Pflugerville,78660,,Y,Y,
1018203007,306,,20180121,19580401,M,Miller,Eric,Marie,7800,,Lakeview,ST,,,Austin,78753,,,Y,Y
1091441212,307,A,20100615,19680127,M,Baker,David,L,9726,,Lamar,BLVD,,,Round Rock,78681,,Y,,
1063869651,307,,20110505,19690825,M,Gonzalez,Luis,,1008,,Balcones,BLVD,#,161,Round Rock,78681,,Y,,Y
1090308790,307,A,20110926,19950314,M,Jones,Richard,Lee,5038,N,Slaughter,DR,,,Del Valle,78617,,,Y,
1070127451,307,A,20200705,19881205,M,Lewis,Anthony,Rose,4122,E,Oak,LN,,,Del Valle,78617,,Y,,Y
1056906560,307,,20170117,19411212,F,Lewis,Patricia,M,4000,S,Live Oak,RD,APT,236,Round Rock,78665,,Y,Y,
1028043627,307,B,20220801,19610617,M,Rodriguez,Steven,J,3600,E,Meadow,TRL,APT,267,Pflugerville,78660,S,,Y,
1071705116,307,C,20111113,19900922,F,Torres,Olivia,,9027,W,Lamar,AVE,APT,146,Round Rock,78665,,,Y,
1075095043,308,A,20240725,20001216,F,Carter,Michelle,L,5884,S,Slaughter,LN,APT,52,Del Valle,78617,,Y,,Y
1060436765,308,A,20170403,19550701,M,Clark,Juan,M,513,N,Congress,CIR,,,Pflugerville,78660,,Y,Y,
1004760360,308,A,20170922,19700501,F,Howard,Olivia,,6824,S,Lamar,RD,,,Austin,78702,,,Y,Y
1058051808,308,,20100204,19511218,M,King,Jacob,E,6195,,Elm,DR,UNIT,358,Leander,78641,,Y,,
1027983029,308,A,20151118,19460127,F,Lewis,Angela,L,4900,,Riverside,PL,,,Cedar Park,78613,,Y,Y,
1056351446,308,C,20200709,19630103,F,Lopez,Jessica,M,7577,,Creekside,LN,,,Del Valle,78617,,,,Y
1039899680,308,,20170413,20020309,F,Richardson,Michelle,A,9417,E,Lamar,AVE,,,Round Rock,78681,,Y,,
1039626177,308,A,20191020,19530412,M,Sanders,Thomas,E,2800,,Meadow,ST,,,Leander,78641,,,Y,
1088793761,308,C,20171108,20000505,M,White,Eric,R,5800,,Oak,CT,UNIT,142,Pflugerville,78660,,Y,Y,Y
1082261762,309,,20210604,20060519,M,Baker,Charles,A,2305,E,Riverside,LN,#,223,Pflugerville,78660,,Y,Y,Y
1049686289,309,,20130807,19350619,F,Clark,Nancy,M,9533,W,Oak,CIR,,,Del Valle,78617,,Y,Y,Y
1009656155,310,,20081124,19930607,F,Flores,Michelle,E,1600,,Creekside,AVE,,,Del Valle,78617,,,Y,Y
1040725177,310,A,20241104,20020602,F,Martin,Sandra,Ann,7958,,Creekside,LN,STE,20,Round Rock,78664,,,,Y
1057119197,310,B,20240718,19830116,M,Martinez,Kevin,A,8275,W,Slaughter,AVE,,,Pflugerville,78660,,,Y,Y
1049436268,310,C,20150113,19921013,M,Peterson,William,,203,S,Balcones,WAY,,,Del Valle,78617,,,Y,
1050126902,310,B,20220522,20050916,M,Ross,Jose,Marie,685,W,Meadow,LN,,,Leander,78641,,,,Y
1001155551,311,A,20131201,19350205,F,Moore,Amanda,,3441,S,Cedar,CIR,,,Leander,78641,,,Y,Y
1066720989,312,,20231208,19930623,M,Carter,Steven,A,616,,Anderson,WAY,,,Del Valle,78617,,Y,Y,Y
1079956699,312,,20170517,19460121,F,Cruz,Barbara,E,2300,,Guadalupe,AVE,,,Cedar Park,78613,,,Y,Y
1015305808,312,C,20080522,19470804,M,Richardson,Joseph,,1000,,Far West,WAY,,,Round Rock,78664,,,,Y
1069445796,313,B,20181112,19611019,F,Rodriguez,Emily,,8486,N,Elm,AVE,,,Pflugerville,78660,,Y,,
1085918828,315,A,20210213,19490124,M,Henderson,Juan,Ann,9400,W,Slaughter,TRL,,,Austin,78758,,Y,Y,
1029845073,315,A,20211222,19880718,M,Peterson,Aaron,,3462,,Congress,BLVD,STE,240,Austin,78703,,Y,Y,Y
1051021400,315,A,20170707,19370310,M,Peterson,James,,9027,W,Magnolia,BLVD,,,Pflugerville,78660,,Y,Y,Y
1037147601,315,,20121211,19721202,F,Roberts,Stephanie,L,5975,E,Meadow,PL,,,Leander,78641,,Y,,
1091688072,315,,20091202,19760110,M,Sanders,Mark,,2682,,Guadalupe,RD,,,Round Rock,78664,,Y,Y,Y
1056500100,315,C,20100411,19590219,F,Smith,Jessica,Marie,9400,,Sycamore,TRL,,,Leander,78641,,,,
1016486020,315,B,20240713,20060308,M,Thomas,Brian,Marie,1500,,Oak,TRL,APT,262,Pflugerville,78660,,,,
1090269057,315,C,20201119,19800518,F,Wright,Sofia,Marie,2288,S,Live Oak,LN,,,Pflugerville,78660,,Y,,Y
1087544908,316,B,20150414,20060902,M,Jones,Eric,,9619,N,Braker,TRL,,,Del Valle,78617,,Y,Y,
1056411870,316,A,20130116,20020128,F,Ross,Jessica,,4000,W,Live Oak,CIR,,,Del Valle,78617,,,,
1055895195,316,B,20190311,19470426,F,Ross,Mary,Lee,8000,W,Live Oak,WAY,#,352,Round Rock,78665,,,,Y
1086978788,316,B,20220311,19971201,F,Thomas,Emily,,9634,,Anderson,CT,STE,120,Leander,78641,,Y,,Y
1058605216,317,B,20080208,19940719,F,Adams,Stephanie,E,7888,E,Parmer,WAY,STE,57,Pflugerville,78660,,,Y,
1030546329,317,B,20251210,19860405,M,Allen,Miguel,Ann,3907,,Guadalupe,TRL,,,Cedar Park,78613,,Y,,
1058372810,317,,20240423,20040517,F,Davis,Jessica,Lee,8700,W,Lamar,LN,,,Leander,78641,,Y,,Y
1026936402,317,B,20131005,20010915,F,Sanchez,Patricia,A,3124,N,Lakeview,CIR,,,Round Rock,78681,,Y,Y,Y
1047369239,318,A,20150916,19880310,F,Campbell,Lisa,,9800,S,Parmer,AVE,,,Austin,78753,,,,Y
1071196339,318,B,20180722,19550609,F,Clark,Sofia,R,6800,N,Magnolia,DR,,,Pflugerville,78660,,,Y,
1037374637,318,B,20160521,19780115,F,Kelly,Stephanie,R,3277,,Cedar,ST,UNIT,57,Round Rock,78681,,Y,,Y
1086341373,318,B,20200528,19990226,M,Martinez,Steven,L,4647,,Slaughter,PL,,,Pflugerville,78660,,,,Y
1017471410,318,C,20200827,19530114,F,Robinson,Patricia,Marie,9000,N,Duval,RD,,,Austin,78745,,Y,,
1051201678,318,A,20130918,19381123,F,White,Jessica,,2600,,Balcones,LN,STE,241,Del Valle,78617,,,Y,Y
1040781309,318,A,20250102,19770613,F,Williams,Laura,L,2854,E,Burnet,PL,STE,242,Pflugerville,78660,,,Y,Y
1055662408,319,,20121020,19391027,F,Perez,Emily,R,8132,,Creekside,CT,,,Del Valle,78617,,Y,,
1055976388,319,A,20250126,20060205,F,Sanchez,Nancy,L,2700,,Hillside,BLVD,,,Round Rock,78681,,Y,,Y
1015926745,320,B,20220506,20010203,M,Barnes,David,Rose,5426,S,Pecan,ST,#,36,Pflugerville,78660,,,Y,Y
1063974219,320,A,20110323,19460524,M,Campbell,Nathan,L,700,S,Far West,DR,APT,234,Cedar Park,78613,,,,Y
1086027323,320,B,20141111,19870813,M,Hernandez,Brian,Rose,412,E,Riverside,AVE,,,Leander,78641,,,,
1075597410,320,A,20250901,19840603,M,Sanchez,Juan,,5300,,Lakeview,TRL,,,Pflugerville,78660,,,Y,Y
1029950378,320,C,20120405,20061103,F,Smith,Maria,J,6600,W,Elm,DR,APT,10,Round Rock,78681,,,Y,
1043718130,320,,20081124,19900923,M,Wilson,John,R,2200,,Braker,LN,,,Round Rock,78681,,,Y,Y
1058686441,321,C,20080919,19880919,F,Carter,Stephanie,L,9236,,Parmer,PL,STE,358,Round Rock,78664,,Y,Y,
1046436828,321,B,20221207,19380308,F,Jones,Laura,,3000,S,Anderson,PL,,,Cedar Park,78613,,,,
1023237929,321,C,20180711,19890126,M,Miller,Andrew,,1007,E,Lakeview,BLVD,,,Cedar Park,78613,,Y,,Y
1087143797,321,A,20250715,19450120,F,Watson,Melissa,L,8292,,Pecan,LN,,,Pflugerville,78660,,Y,Y,
1060381119,322,A,20190907,19390601,F,Brown,Laura,,3600,E,Slaughter,ST,#,72,Leander,78641,,Y,Y,
1023326067,322,,20161124,19950205,M,Davis,Juan,A,4700,S,Meadow,BLVD,,,Pflugerville,78660,S,,Y,Y
1048284653,322,,20221126,20020209,M,Garcia,Eric,A,8700,,Duval,PL,APT,117,Round Rock,78665,,,Y,Y
1016729145,322,B,20240217,19420305,M,Torres,Jacob,L,4641,S,Maple,ST,,,Leander,78641,,Y,,Y
1062038911,322,,20210922,19960624,M,Wright,Kevin,Lee,5128,E,Balcones,RD,,,Austin,78758,,Y,Y,Y
1082257095,323,,20160122,19640501,F,Ramos,Rebecca,M,2300,E,Escarpment,CT,#,373,Cedar Park,78613,,,,
1021932746,323,,20191225,19630625,M,Taylor,Joseph,,6740,,Lakeview,CIR,UNIT,280,Pflugerville,78660,,Y,Y,Y
1040919121,324,B,20151214,19920911,M,King,John,Rose,3500,,Slaughter,AVE,UNIT,376,Del Valle,78617,,,Y,Y
1016359013,324,,20171002,19380326,M,Robinson,James,E,9338,W,Lamar,TRL,#,306,Round Rock,78665,,Y,Y,Y
1016213568,325,B,20160323,19830713,M,Allen,David,A,5500,N,Hillside,CT,STE,161,Cedar Park,78613,,,,Y
1055687715,325,B,20240223,19450709,F,Bennett,Elizabeth,,200,W,Burnet,RD,UNIT,268,Austin,78705,,,,
1029183307,325,A,20090502,19431210,M,Thompson,Anthony,Lee,8825,N,Creekside,PL,,,Cedar Park,78613,,,Y,
1097704044,326,B,20141120,19730411,F,Allen,Angela,,9722,,Maple,WAY,,,Austin,78759,,Y,Y,Y
1085739477,326,C,20100227,19801202,F,Allen,Stephanie,R,7783,E,Sycamore,CIR,#,36,Del Valle,78617,,,,
1085350626,326,A,20230518,19470814,M,Clark,Charles,R,7500,E,Balcones,BLVD,,,Round Rock,78664,,,Y,Y
1018633387,326,B,20090226,19870505,F,Garcia,Amanda,M,9600,N,Burnet,PL,,,Round Rock,78665,,,Y,Y
1084883062,326,,20120325,19580420,F,Henderson,Karen,L,297,,Braker,WAY,,,Leander,78641,,Y,Y,Y
1091644727,326,,20200201,19500124,F,Hill,Michelle,J,4600,,Menchaca,AVE,,,Leander,78641,,,Y,
1069270407,326,,20200617,19690505,M,Mitchell,Steven,Ann,9093,,Brodie,CT,APT,376,Round Rock,78664,,Y,Y,Y
1045258033,326,,20171004,19810102,M,Roberts,Juan,A,4600,,Menchaca,ST,,,Pflugerville,78660,,Y,Y,
1068131316,326,A,20080326,19620515,F,Ross,Patricia,R,3540,N,Brodie,LN,STE,204,Leander,78641,,,,Y
1066238145,326,C,20090714,19721222,F,Wood,Michelle,L,654,,Congress,AVE,,,Del Valle,78617,,,Y,
1083589208,327,,20220417,19950226,M,Cruz,John,L,4157,N,Lamar,LN,,,Cedar Park,78613,,,,Y
1020311568,327,,20140802,20070808,F,Flores,Elizabeth,E,9500,E,Duval,ST,,,Cedar Park,78613,,,Y,
1082915724,327,A,20130324,19440121,F,Kelly,Mary,,8500,N,Riverside,CIR,,,Del Valle,78617,,,Y,Y
1026599285,327,B,20110419,19880916,M,Martin,Andrew,M,4300,W,Pecan,PL,APT,366,Del Valle,78617,,Y,,Y
1019514016,328,A,20160423,19630207,F,Brooks,Olivia,Lee,7700,,Elm,LN,,,Del Valle,78617,,Y,Y,Y
1083929939,328,,20150101,19390123,F,Coleman,Maria,Lee,2500,,Slaughter,DR,,,Austin,78745,,Y,,Y
1039236992,328,B,20111111,20000222,M,Garcia,Aaron,,8787,W,Riverside,DR,,,Austin,78702,,,Y,Y
1025875977,328,,20140623,19430408,M,Green,Kevin,Marie,9300,,Cedar,AVE,,,Cedar Park,78613,,Y,Y,
1080677760,328,B,20241202,19740814,M,Henderson,Thomas,L,9300,,Lakeview,BLVD,STE,376,Cedar Park,78613,,,,
1064086294,328,,20221023,20020204,F,Ramirez,Melissa,,1800,E,Guadalupe,DR,#,370,Round Rock,78664,,Y,Y,Y
1028315335,328,C,20210222,19941003,M,Rodriguez,Jacob,Rose,1800,N,Duval,AVE,,,Cedar Park,78613,,Y,Y,Y
1098931968,328,,20220706,19520813,F,Thomas,Jennifer,L,3300,,Anderson,RD,#,197,Leander,78641,,,,
1072936463,328,B,20090919,20010701,M,Walker,Kevin,A,1453,,Pecan,PL,,,Del Valle,78617,,Y,Y,Y
1087497397,329,C,20221226,19720219,M,Clark,Richard,,8740,,Slaughter,BLVD,,,Cedar Park,78613,,Y,Y,
1081953037,329,B,20090409,20020321,F,Harris,Patricia,Ann,8094,,Guadalupe,CT,,,Austin,78701,,Y,,
1047012851,329,A,20080102,19671026,F,Martinez,Margaret,J,6734,W,Pecan,BLVD,,,Leander,78641,,Y,,Y
1081336017,329,,20150728,19590221,F,Miller,Jessica,J,9100,S,Creekside,AVE,,,Leander,78641,,,Y,
1076138761,329,B,20201024,19440812,F,Wilson,Elizabeth,E,2600,W,Cedar,BLVD,,,Leander,78641,,,Y,
1030552670,330,A,20091112,19921007,M,Jones,Mark,Ann,8567,,Anderson,CIR,,,Round Rock,78681,,Y,Y,Y
1083264472,331,A,20241027,19531105,M,Brooks,Miguel,,9200,,Creekside,RD,,,Leander,78641,,,Y,
1004390230,331,C,20130126,19450808,F,Chen,Mary,E,232,S,Cedar,DR,,,Round Rock,78664,,,Y,
1076314476,331,B,20200107,19651102,M,Johnson,Brian,,2500,,Cedar,RD,,,Del Valle,78617,,,,
1090717710,331,A,20080419,20010613,F,Jones,Nancy,L,8698,,Live Oak,BLVD,,,Pflugerville,78660,,Y,,
1072434118,331,,20210320,19701001,M,Richardson,Mark,Rose,9300,N,Braker,WAY,APT,65,Round Rock,78681,,Y,,
1012002958,331,A,20141212,20050917,M,White,Andrew,,900,,Escarpment,WAY,,,Del Valle,78617,,Y,,
1066800037,332,B,20151203,19660625,M,Jones,Brian,A,4182,,Guadalupe,PL,STE,252,Leander,78641,,,Y,
1094714227,332,B,20151210,19880318,F,Lee,Mary,,630,N,Hillside,TRL,#,29,Pflugerville,78660,,Y,Y,
1006676317,332,C,20150916,19940617,F,Lewis,Barbara,Ann,4900,,Escarpment,DR,,,Cedar Park,78613,,,Y,Y
1024397781,332,C,20250714,19560212,M,Price,Mark,Marie,8200,E,Escarpment,TRL,,,Round Rock,78664,,,,Y
1043826039,332,,20201110,19610212,F,Ross,Stephanie,,2350,S,Braker,WAY,,,Leander,78641,,Y,,Y
1058327039,333,C,20120712,19530521,M,Cox,Kevin,,2300,S,Slaughter,RD,#,73,Pflugerville,78660,,,Y,Y
1050125104,333,C,20170226,20070309,F,Green,Sandra,,5500,S,Riverside,AVE,,,Austin,78741,,Y,,Y
1045606277,334,,20250717,19470316,M,Adams,Anthony,Rose,200,,Congress,CIR,,,Round Rock,78681,,Y,Y,Y
1006476970,334,A,20250507,19920808,F,Coleman,Stephanie,Marie,3915,W,Oak,PL,,,Cedar Park,78613,,Y,Y,Y
1064872923,334,B,20161006,19620612,F,Gomez,Karen,Lee,5300,,Braker,DR,,,Round Rock,78681,,Y,,Y
1006535398,334,B,20180322,20000408,F,Lopez,Amy,,5100,,Braker,AVE,,,Round Rock,78681,,Y,Y,Y
1002826562,334,C,20080507,19960823,F,Nguyen,Laura,Marie,6770,,Maple,WAY,,,Pflugerville,78660,,Y,Y,
1008911208,334,C,20140714,19590616,F,Ramirez,Sofia,M,7900,N,Duval,DR,,,Austin,78759,,Y,Y,Y
1001626740,334,B,20190107,19960502,F,Thompson,Angela,M,8500,E,Live Oak,TRL,,,Cedar Park,78613,,Y,Y,Y
1094937393,335,A,20200414,19950805,M,Hill,Joshua,Ann,7800,W,Riverside,CT,,,Austin,78702,,Y,Y,Y
1011105892,335,C,20081006,19910726,F,Wilson,Michelle,R,4900,S,Slaughter,BLVD,,,Pflugerville,78660,,Y,Y,
1005672649,336,,20130120,19780224,M,Allen,David,,6600,E,Guadalupe,DR,,,Del Valle,78617,,,Y,
1090014333,336,A,20220820,19580914,M,Garcia,Thomas,Marie,7055,,Hillside,ST,,,Leander,78641,,Y,,Y
1093367189,336,B,20101106,19760315,M,Mitchell,John,J,2300,E,Creekside,LN,APT,319,Austin,78759,S,,Y,Y
1030480192,336,B,20240601,19600804,F,Murphy,Olivia,A,6331,E,Burnet,CIR,,,Pflugerville,78660,,Y,Y,Y
1075671864,337,,20100611,20000325,M,Nelson,Christopher,Rose,746,S,Balcones,LN,,,Cedar Park,78613,,,Y,
1092640341,337,A,20201006,19840813,M,Perez,Miguel,A,7600,,Lakeview,AVE,,,Austin,78704,,,Y,Y
1025020516,338,A,20131108,19740806,F,Carter,Jessica,J,1673,,Balcones,PL,,,Del Valle,78617,,Y,Y,
1073724288,338,C,20250528,19471221,M,Chen,Joseph,,9100,,Duval,DR,,,Del Valle,78617,,Y,Y,
1030318673,338,A,20150908,19501127,M,Gray,James,,6300,,Cedar,TRL,UNIT,35,Del Valle,78617,,,,Y
1059513135,338,A,20211006,19510110,F,Henderson,Maria,Ann,5298,,Pecan,AVE,,,Pflugerville,78660,,Y,Y,
1096989376,338,A,20200327,19560225,M,Hernandez,Brian,L,5000,N,Congress,PL,,,Cedar Park,78613,,Y,,Y
1008765394,338,,20080825,19851217,M,Roberts,Charles,Lee,4626,S,Creekside,DR,#,350,Leander,78641,,Y,Y,
1054963597,338,C,20230627,19920424,F,Roberts,Rebecca,,5162,,Live Oak,ST,UNIT,96,Pflugerville,78660,,Y,,Y
1071250653,339,A,20141110,20060712,F,Moore,Stephanie,,8100,,Magnolia,DR,,,Austin,78753,,Y,Y,Y
1030586912,339,A,20140512,19801207,M,Ward,Miguel,,7522,S,Slaughter,DR,,,Round Rock,78664,,,Y,
1035200292,340,,20200603,19390218,F,Barnes,Amanda,Rose,7400,S,Braker,CIR,,,Pflugerville,78660,,Y,,
1070189472,340,,20170513,19381202,M,Brown,Christopher,L,800,W,Lamar,AVE,STE,30,Del Valle,78617,,,,Y
1075092851,340,A,20210322,19390826,F,Johnson,Isabella,,4800,N,Creekside,BLVD,,,Pflugerville,78660,,,,Y
1008320190,340,A,20170911,19720910,M,Peterson,Daniel,E,1981,N,Menchaca,BLVD,,,Cedar Park,78613,S,Y,Y,Y
1046629450,340,,20110828,19511016,F,Ward,Jennifer,Ann,5014,,Maple,DR,,,Pflugerville,78660,S,,,Y
1010241134,340,,20150721,19350620,M,Williams,Nathan,Ann,9597,,Duval,LN,,,Cedar Park,78613,,,Y,Y
1018536269,341,C,20210512,19440928,F,Baker,Maria,R,7577,E,Slaughter,CT,UNIT,64,Del Valle,78617,,,Y,
1025265438,341,B,20141203,19681019,F,Brooks,Susan,J,9632,,Oak,LN,,,Pflugerville,78660,,Y,Y,
1043964059,341,,20150804,19380206,M,Cruz,Daniel,R,3600,N,Meadow,WAY,,,Pflugerville,78660,,Y,Y,
1036311539,341,C,20190303,19550520,F,Martin,Sofia,A,2600,S,Slaughter,BLVD,,,Leander,78641,,Y,,
1012838684,341,,20101025,19470318,M,Nelson,Jacob,L,2300,,Lakeview,RD,UNIT,181,Del Valle,78617,,,Y,Y
1039429820,342,A,20241209,19960720,F,Nguyen,Maria,,6419,E,Menchaca,RD,,,Cedar Park,78613,,Y,Y,
1092809681,342,,20120128,19371216,F,Perez,Isabella,A,9782,W,Meadow,ST,,,Leander,78641,,,Y,Y
1088488869,342,C,20210412,19891227,F,Roberts,Maria,,9800,,Parmer,CT,APT,235,Leander,78641,,Y,Y,Y
1088623551,343,A,20241114,19810807,F,Allen,Susan,Ann,6100,,Cedar,PL,#,6,Del Valle,78617,,Y,,Y
1002430775,343,A,20190427,19911123,M,Barnes,Jose,R,3114,,Hillside,AVE,,,Del Valle,78617,,,,Y
1031853056,343,,20111218,19860110,F,Garcia,Susan,M,9400,E,Lamar,CIR,,,Leander,78641,,,Y,
1020307412,343,,20131111,19900509,M,Lee,Daniel,,8899,,Cedar,CIR,,,Cedar Park,78613,,,,Y
1057700393,343,,20240405,20000724,F,Ramirez,Grace,M,1649,,Pecan,ST,#,125,Cedar Park,78613,,,,
1064570321,344,C,20150112,19640517,F,Brown,Karen,M,100,,Parmer,LN,,,Austin,78701,,,Y,Y
1093813499,344,A,20090522,20030817,M,Cox,Daniel,Rose,1453,,Brodie,ST,,,Round Rock,78681,,Y,Y,Y
1024173533,344,A,20190504,19820718,F,Lee,Michelle,L,3072,E,Guadalupe,AVE,APT,278,Pflugerville,78660,,Y,Y,Y
1082355799,344,B,20110211,19460426,F,Reyes,Sofia,E,900,,Creekside,DR,,,Leander,78641,,,Y,
1012887447,344,A,20231228,19801214,M,White,Matthew,,2100,N,Magnolia,BLVD,APT,367,Austin,78704,,Y,,
1009447578,345,,20121201,19420218,F,Anderson,Sandra,,9000,E,Congress,WAY,,,Pflugerville,78660,,,,Y
1077216837,345,,20180726,19981209,F,Sanders,Sandra,M,1600,,Parmer,RD,,,Round Rock,78681,,,,Y
1021125369,346,C,20200307,20070625,M,Allen,David,E,4875,E,Oak,RD,,,Del Valle,78617,,Y,Y,Y
1048619636,346,,20130101,19570815,F,King,Michelle,,6100,,Meadow,CIR,,,Pflugerville,78660,,Y,,
1023596440,346,,20150122,19740109,F,Richardson,Isabella,L,8244,S,Far West,WAY,STE,146,Pflugerville,78660,,,Y,
1048718294,347,,20211216,19740620,F,Campbell,Susan,L,967,N,Lakeview,ST,,,Round Rock,78664,,,,Y
1071724212,347,B,20141122,20030125,F,Clark,Jessica,Marie,2200,,Oak,BLVD,,,Cedar Park,78613,,,Y,Y
1069094242,347,B,20220126,19720413,M,Garcia,Anthony,Lee,3300,W,Lamar,ST,#,99,Austin,78703,,Y,Y,Y
1007786989,347,A,20180610,19540610,F,Sanchez,Olivia,A,4581,E,Hillside,PL,,,Leander,78641,S,,,
1034331443,347,B,20200217,19980806,F,Watson,Linda,Ann,8543,E,Duval,WAY,,,Austin,78703,,Y,Y,Y
1038187342,348,B,20180813,19410528,F,Cruz,Stephanie,,704,W,Creekside,WAY,,,Leander,78641,,Y,,Y
1081408852,348,,20160510,19380102,F,White,Lisa,,800,W,Guadalupe,DR,,,Austin,78758,,,Y,Y
1022799224,349,B,20140108,19910328,F,Gomez,Jessica,R,2200,,Congress,ST,,,Del Valle,78617,,,,
1068076285,349,,20160427,19751011,M,Jones,David,Rose,8200,N,Braker,RD,APT,324,Austin,78705,,Y,Y,Y
1050877743,349,,20220814,19880811,M,Ramos,Luis,L,8339,,Balcones,TRL,,,Cedar Park,78613,,Y,,
1088026497,350,A,20091013,19970725,M,Cruz,Christopher,A,8160,,Oak,TRL,,,Leander,78641,,Y,Y,Y
1098732629,350,C,20100818,20040106,M,Gray,Jacob,A,6176,E,Far West,LN,,,Round Rock,78664,,,,Y
1006401000,350,C,20171016,19650918,F,Richardson,Stephanie,Marie,4500,E,Live Oak,LN,#,180,Round Rock,78681,,,Y,
1000801967,350,A,20090620,19570525,F,Wood,Michelle,A,6600,,Hillside,LN,,,Austin,78753,,,,
1066314261,351,,20170409,19420605,F,Chen,Laura,L,6100,,Burnet,DR,,,Austin,78753,,Y,Y,
1055980319,351,B,20210727,19360928,F,Patel,Melissa,J,2236,W,Brodie,PL,,,Cedar Park,78613,,,,
1078157241,351,A,20231023,19350607,M,Thomas,Carlos,Lee,700,W,Burnet,CT,,,Leander,78641,,Y,,Y
1030515847,352,B,20240513,19510708,M,Clark,James,E,6999,E,Slaughter,WAY,,,Austin,78759,,,,Y
1073522943,352,,20200812,19390910,M,Scott,Andrew,Rose,1939,,Creekside,LN,,,Leander,78641,,,Y,
1000740950,353,C,20090701,19900703,F,Baker,Sandra,R,1000,,Cedar,CIR,STE,250,Pflugerville,78660,,,Y,Y
1005350656,353,A,20250217,19450427,M,Campbell,David,R,3941,,Balcones,CIR,,,Del Valle,78617,,,Y,Y
1091785436,353,A,20120920,19520425,M,Clark,Aaron,,9800,,Lamar,PL,UNIT,63,Pflugerville,78660,,,Y,
1074901615,353,B,20200804,19561017,F,Nelson,Margaret,L,7475,W,Hillside,PL,UNIT,179,Austin,78701,,Y,Y,
1056787352,353,C,20160606,20021021,F,Patel,Margaret,Rose,3700,,Slaughter,PL,,,Round Rock,78664,,,Y,Y
1094909752,353,,20210919,19801022,M,Wilson,Jacob,L,4421,S,Braker,BLVD,,,Austin,78745,,Y,Y,Y
1092439139,353,A,20100721,20060617,M,Wood,Jose,J,1300,,Lakeview,CIR,,,Cedar Park,78613,,,,Y
1092822899,354,A,20110227,19530704,M,Brooks,Anthony,Marie,2252,N,Anderson,CT,UNIT,307,Austin,78723,,Y,Y,Y
1003999011,354,B,20190506,19920608,F,Howard,Sandra,E,5156,,Burnet,DR,UNIT,45,Cedar Park,78613,,,Y,Y
1084992982,354,C,20090719,19770909,M,Peterson,Daniel,M,2700,N,Congress,LN,,,Leander,78641,,Y,,
1054541806,354,,20090405,19931126,F,Ross,Karen,A,700,,Live Oak,LN,,,Austin,78702,,,Y,
1061409729,354,C,20241115,19820602,F,Sanders,Ana,Rose,6700,W,Congress,CT,,,Austin,78705,S,,Y,
1081834108,354,C,20080501,19841016,F,Wood,Sandra,,9100,,Escarpment,TRL,,,Cedar Park,78613,,,Y,
1097452487,355,A,20091127,19481103,F,Jones,Karen,Ann,8900,,Anderson,CT,,,Pflugerville,78660,,,Y,
1099960648,355,B,20141227,19580113,M,King,Brian,Rose,7010,N,Magnolia,DR,,,Cedar Park,78613,,Y,Y,Y
1079147173,355,,20230823,19670118,M,Lee,Charles,A,4800,E,Riverside,AVE,,,Leander,78641,,,Y,
1049418698,355,C,20200124,19490408,F,Sanders,Ana,R,3388,,Brodie,PL,,,Austin,78759,,,,
1080308400,355,B,20210517,19941208,M,Walker,Kevin,Rose,5542,,Parmer,PL,#,299,Del Valle,78617,,Y,Y,Y
1070268193,355,A,20251015,19660920,M,White,Mark,Rose,4200,,Balcones,RD,STE,44,Pflugerville,78660,,Y,,
1063379366,355,A,20100128,19930809,F,Williams,Susan,,2900,S,Pecan,CIR,,,Pflugerville,78660,,Y,Y,Y
1066007373,355,A,20090223,19810124,F,Wood,Amanda,Lee,5200,N,Maple,AVE,UNIT,253,Cedar Park,78613,,,,Y
1011628398,356,B,20180113,20000411,F,Adams,Rebecca,Rose,600,N,Maple,WAY,#,125,Austin,78704,,,Y,
1007591666,356,B,20160227,19600724,M,Carter,Carlos,,5900,S,Parmer,AVE,UNIT,155,Leander,78641,,Y,Y,Y
1018657958,356,B,20200924,19830126,M,King,David,R,8179,E,Elm,PL,,,Del Valle,78617,,Y,Y,Y
1068594960,356,B,20090912,19360409,M,Martin,Luis,,1100,,Lakeview,CT,,,Round Rock,78665,,,,Y
1078321089,356,,20210922,19420411,M,Thomas,Nathan,M,3994,W,Burnet,LN,APT,96,Leander,78641,,Y,Y,Y
1081174803,356,,20220110,19800610,M,Young,Luis,Lee,3100,,Live Oak,AVE,,,Leander,78641,S,,Y,Y
1037870981,357,B,20150907,19900311,M,Brown,Daniel,Lee,5200,N,Anderson,ST,STE,294,Del Valle,78617,,Y,Y,Y
1094046119,357,C,20220816,19360214,M,Rodriguez,Richard,J,2271,,Menchaca,RD,APT,13,Austin,78701,,Y,Y,
1088693329,358,C,20170317,19410107,M,Allen,Andrew,,3146,,Riverside,CT,,,Leander,78641,,Y,Y,
1042369961,358,C,20121220,19831123,F,Chen,Maria,A,2600,,Hillside,PL,,,Leander,78641,,Y,,Y
1026874327,358,A,20080311,19610905,F,Gonzalez,Karen,A,5182,W,Lamar,LN,,,Austin,78753,,,,Y
1009170880,358,B,20130416,19500608,M,Reyes,Miguel,Rose,4876,N,Elm,TRL,#,276,Cedar Park,78613,,Y,Y,
1094790108,359,B,20150116,19650702,M,Baker,Christopher,Ann,2000,,Maple,WAY,#,295,Pflugerville,78660,,Y,,Y
1062421524,359,,20120309,19480801,M,Brown,Paul,Marie,5618,,Escarpment,AVE,,,Pflugerville,78660,,Y,Y,
1006999108,359,B,20211122,19721018,M,Clark,Miguel,R,5530,,Elm,WAY,,,Cedar Park,78613,,,,Y
1072715644,359,B,20100117,19700213,F,Johnson,Sofia,Ann,5100,,Elm,RD,,,Leander,78641,,,Y,
1022947493,359,B,20231009,19491025,F,Ward,Karen,,4206,W,Cedar,ST,,,Austin,78748,,,,Y
1050954100,360,B,20250707,19550224,F,Adams,Elizabeth,J,3051,N,Lamar,CT,,,Cedar Park,78613,,Y,,Y
1001333223,360,C,20080215,19851216,M,Taylor,John,Rose,7000,W,Elm,LN,,,Cedar Park,78613,,Y,,
1061754372,361,A,20110426,19470620,F,Gray,Amanda,E,1072,W,Lakeview,DR,STE,242,Cedar Park,78613,,Y,Y,Y
1030161708,361,B,20151210,19491023,F,Howard,Amanda,M,4484,,Slaughter,DR,,,Cedar Park,78613,,,,
1038396307,361,,20100112,19530113,M,Johnson,William,,8983,S,Menchaca,AVE,,,Pflugerville,78660,,,Y,Y
1067177555,361,C,20120614,19600220,F,Lopez,Karen,,7400,,Hillside,ST,,,Cedar Park,78613,,,Y,Y
1010112418,361,C,20160527,19911028,F,Wright,Rebecca,L,4936,W,Lamar,ST,,,Del Valle,78617,,Y,Y,Y
1013725865,362,B,20150205,19501007,F,Gray,Nancy,Rose,7000,N,Duval,ST,#,109,Pflugerville,78660,,Y,,Y
1055001125,362,B,20240205,19650602,M,King,William,M,1500,E,Balcones,CT,,,Leander,78641,,Y,Y,Y
1015683381,362,C,20170916,19720909,M,Ramos,Kevin,Rose,8600,S,Duval,CT,,,Round Rock,78681,,Y,Y,Y
1059077303,363,,20230802,19951228,F,Anderson,Jennifer,L,1508,,Braker,RD,,,Pflugerville,78660,,,Y,Y
1053670002,363,C,20191002,19570221,F,Baker,Margaret,A,1600,W,Meadow,CIR,,,Round Rock,78681,,,,
1090904979,363,C,20240128,19740119,F,Carter,Sofia,,592,E,Balcones,WAY,,,Del Valle,78617,,Y,Y,Y
1003110063,363,C,20180521,19471221,M,Gray,Andrew,,1896,,Meadow,CT,,,Del Valle,78617,,,,Y
1024586737,363,A,20170615,19520718,F,Johnson,Karen,Marie,7300,,Brodie,CT,#,69,Leander,78641,,Y,Y,Y
1018311739,364,C,20110203,19541108,F,Cox,Grace,L,8500,W,Maple,AVE,#,84,Round Rock,78681,,,Y,Y
1076738502,364,A,20220201,19830127,M,Howard,Michael,Lee,200,,Escarpment,ST,UNIT,102,Round Rock,78681,,,Y,Y
1038827062,364,A,20170402,19511003,M,Ramirez,Eric,M,6300,,Meadow,RD,APT,390,Pflugerville,78660,,,Y,
1069240846,364,C,20131210,20020211,F,Sanders,Laura,,300,,Lamar,RD,#,285,Leander,78641,,,Y,Y
1018161620,364,B,20240716,19950417,M,Watson,Nathan,R,2700,S,Anderson,LN,,,Round Rock,78664,,,Y,
1080804092,364,C,20220511,19841228,M,Young,Brian,E,9526,W,Escarpment,CT,,,Round Rock,78664,,,Y,
1062815570,365,C,20210517,19731023,M,Baker,William,R,2440,,Sycamore,ST,,,Leander,78641,,,Y,Y
1083027221,365,A,20211016,19861001,F,Campbell,Angela,Rose,2900,E,Live Oak,WAY,,,Cedar Park,78613,,,,Y
1056648361,365,,20090614,19561227,F,Gomez,Linda,Ann,6121,W,Brodie,ST,#,244,Del Valle,78617,,Y,Y,Y
1068352918,365,B,20101127,19891021,F,Hall,Patricia,R,2575,S,Lakeview,WAY,,,Pflugerville,78660,,Y,,Y
1043222814,365,,20240104,19861024,M,Harris,Matthew,M,100,E,Burnet,RD,,,Austin,78751,,,Y,Y
1074171399,365,B,20241218,19990609,M,Sanders,Michael,Lee,2222,,Lakeview,CIR,#,350,Del Valle,78617,,Y,,
1050272402,366,B,20190306,19900216,F,Garcia,Sandra,Marie,1119,,Lakeview,ST,,,Round Rock,78681,,,,
1027388995,366,B,20180722,19450213,M,Kelly,Joseph,Marie,1121,E,Brodie,BLVD,,,Del Valle,78617,,Y,,
1096249948,366,A,20130312,19540228,F,Robinson,Sofia,M,4948,,Cedar,WAY,,,Del Valle,78617,,Y,Y,Y
1058529306,367,B,20130928,20060211,M,Gomez,Paul,,9133,N,Riverside,TRL,,,Round Rock,78664,,Y,Y,Y
1029715061,367,A,20130527,20010106,M,White,John,L,1296,N,Riverside,CT,,,Austin,78753,,,Y,
1006189047,368,,20221103,19590713,M,Chen,Thomas,L,5242,S,Parmer,CT,,,Cedar Park,78613,,,Y,Y
1085302941,368,A,20200713,19970626,F,Rivera,Emily,,9566,E,Live Oak,AVE,STE,16,Round Rock,78664,,Y,,Y
1014184636,368,,20240612,19991007,M,Wood,David,L,5300,,Balcones,CT,,,Cedar Park,78613,,,Y,Y
1086869188,369,B,20081022,19760813,M,Anderson,David,M,981,N,Menchaca,DR,#,348,Cedar Park,78613,,Y,,Y
1080795230,369,,20080923,19371101,M,Clark,Michael,Lee,5200,S,Braker,ST,,,Round Rock,78665,,,Y,
1099636201,369,A,20150317,19580807,M,Jackson,Carlos,Lee,3655,N,Elm,CT,,,Round Rock,78664,,,,Y
1063186828,369,,20141224,20051113,M,Jones,Nathan,A,7432,E,Meadow,CIR,,,Pflugerville,78660,,Y,Y,
1033315133,369,A,20211019,19520309,M,Martinez,Richard,,7200,,Parmer,TRL,APT,253,Austin,78741,,,Y,
1098522279,369,A,20121209,19491126,M,Peterson,Juan,Lee,1796,E,Anderson,CIR,#,384,Round Rock,78681,,,,
1016914861,369,A,20090608,20021107,F,Ross,Olivia,,4600,N,Riverside,DR,,,Leander,78641,,Y,Y,Y
1062990899,370,B,20191116,19520628,M,Chen,Thomas,Marie,7800,E,Anderson,WAY,,,Pflugerville,78660,,,,
1068252245,370,C,20240216,19960416,F,Cooper,Maria,M,8287,N,Hillside,ST,,,Austin,78703,,,Y,Y
1032879136,370,A,20091115,19631123,F,Gomez,Olivia,Lee,5300,,Pecan,WAY,,,Austin,78702,S,Y,,
1058720591,370,C,20190911,19700420,F,Ross,Sandra,Ann,4300,W,Burnet,ST,,,Del Valle,78617,,Y,Y,
1080959573,370,B,20161123,19830106,F,Ward,Jessica,,3400,,Sycamore,PL,,,Del Valle,78617,,,Y,Y
1010807804,370,B,20100203,19990925,M,Watson,Luis,Lee,3887,S,Meadow,LN,,,Round Rock,78665,,Y,Y,
1022870063,370,,20120216,19660905,M,Wilson,Paul,R,6800,E,Pecan,BLVD,#,74,Leander,78641,,,Y,Y
1001463639,371,,20150915,20060501,F,Bennett,Barbara,J,2230,S,Riverside,LN,,,Round Rock,78665,,Y,Y,
1010596108,371,,20091207,19640222,F,Bennett,Melissa,R,3200,,Pecan,CIR,,,Austin,78745,,,Y,Y
1082950353,371,A,20121118,19611107,F,Brown,Ashley,M,7700,,Far West,TRL,,,Austin,78701,,Y,,
1072259235,371,A,20110303,19881201,F,Green,Melissa,,2367,,Menchaca,WAY,,,Del Valle,78617,,,,Y
1037649544,371,C,20180723,19670503,F,Lee,Stephanie,Lee,1698,S,Congress,CIR,,,Round Rock,78664,,Y,,Y
1054607454,371,,20181022,19890426,F,Young,Grace,,7300,W,Far West,BLVD,,,Round Rock,78681,,Y,,
1032705123,372,C,20211210,19980510,F,Cruz,Laura,Ann,4500,N,Burnet,RD,,,Austin,78745,,Y,,
1020853588,372,C,20110125,19441028,M,Mitchell,Steven,,287,,Braker,DR,,,Leander,78641,,,Y,Y
1098976699,372,B,20231222,20070712,F,Roberts,Lisa,Ann,9100,,Elm,RD,,,Round Rock,78681,,Y,Y,Y
1091547139,372,B,20130704,19900406,F,Walker,Margaret,J,6200,W,Elm,WAY,,,Cedar Park,78613,,Y,Y,
1049648798,372,,20170806,19831203,F,Wood,Mary,R,6800,W,Cedar,TRL,,,Pflugerville,78660,,Y,Y,Y
1090926884,373,A,20120822,19410507,F,Clark,Grace,Lee,9100,N,Brodie,DR,,,Round Rock,78665,,,Y,
1019099712,373,C,20250626,19460208,M,Gonzalez,Paul,R,4700,E,Cedar,CT,,,Round Rock,78664,,Y,Y,Y
1071737693,373,C,20240126,19961215,M,Ross,Andrew,Ann,7200,,Parmer,CIR,,,Leander,78641,,,,Y
1003083709,374,,20100311,19511226,M,Flores,Juan,Ann,5000,N,Menchaca,RD,STE,211,Austin,78753,,,Y,Y
1008394923,374,B,20241203,19350308,M,Mitchell,William,Marie,2100,,Menchaca,BLVD,APT,335,Pflugerville,78660,,,Y,Y
1096237344,374,B,20250323,19980215,M,Reyes,Carlos,Marie,1460,N,Lakeview,CIR,APT,215,Austin,78704,,,Y,Y
1096362269,375,,20090826,19760212,M,Hernandez,Steven,Lee,8299,S,Oak,DR,UNIT,291,Austin,78748,,Y,,Y
1007786989,375,A,20160620,19540610,F,Sanchez,Olivia,A,9390,,Burnet,RD,,,Round Rock,78681,,Y,Y,Y
1048853670,376,C,20141012,19940127,M,Moore,David,M,6600,S,Lamar,CT,,,Round Rock,78665,,,,
1045299336,376,A,20200917,19780908,F,Price,Nancy,Lee,900,N,Creekside,LN,,,Pflugerville,78660,,,Y,
1041385990,377,A,20161219,19730210,M,Baker,Steven,Lee,8300,N,Pecan,RD,,,Round Rock,78681,,Y,Y,Y
1017003910,377,A,20220418,19841028,F,Cooper,Elizabeth,,8500,,Congress,PL,,,Cedar Park,78613,,,Y,Y
1050261727,377,B,20220926,19620724,F,Martinez,Rebecca,M,9800,S,Oak,ST,,,Austin,78703,,Y,,Y
1074160448,377,A,20231106,20051104,M,Torres,Brian,J,9000,E,Escarpment,WAY,,,Austin,78758,,Y,,
1013045958,378,B,20230223,19390319,M,Bennett,Brian,Rose,9698,W,Braker,PL,,,Austin,78748,,,Y,
1025253901,378,B,20160902,19470417,F,Garcia,Linda,Lee,3780,E,Escarpment,ST,,,Cedar Park,78613,,,Y,
1056951836,378,C,20161021,19420726,F,Gonzalez,Sofia,Marie,2899,N,Oak,PL,#,270,Pflugerville,78660,,Y,Y,Y
1035833582,378,B,20200604,19661022,F,Hill,Ana,E,8000,,Parmer,PL,,,Pflugerville,78660,,,,Y
1073690557,378,B,20240115,19950502,F,Martinez,Ana,Ann,294,,Sycamore,DR,,,Leander,78641,,Y,,Y
1034082283,378,A,20110518,19460318,F,Smith,Lisa,M,2562,S,Maple,ST,STE,105,Cedar Park,78613,,Y,,
1089641598,379,A,20121005,19360525,M,Barnes,Joseph,R,9000,N,Anderson,ST,,,Round Rock,78664,,,Y,
1034377055,379,B,20121102,19420406,F,Bennett,Isabella,Ann,8800,,Cedar,TRL,,,Austin,78758,,Y,Y,Y
1015341238,379,A,20120816,19910301,M,Cruz,David,E,7000,,Meadow,PL,,,Cedar Park,78613,,Y,Y,
1070192575,379,A,20120102,19510613,M,Patel,Aaron,R,6855,S,Balcones,CIR,,,Cedar Park,78613,,Y,Y,
1092814672,379,C,20170115,19870215,M,Walker,John,,3100,W,Guadalupe,PL,UNIT,335,Austin,78745,,Y,Y,Y
1078330441,380,B,20080201,19530527,M,Bailey,Eric,Rose,9900,,Braker,PL,,,Del Valle,78617,,,Y,Y
1023647762,380,B,20090924,19811223,M,Green,Charles,M,1791,,Riverside,WAY,STE,3,Pflugerville,78660,,Y,,Y
1008899244,380,,20190902,19640801,F,White,Jennifer,,5000,E,Slaughter,DR,,,Cedar Park,78613,,Y,Y,
1015628359,380,C,20240508,19480917,F,Williams,Amy,Ann,7400,S,Congress,TRL,,,Austin,78703,,,,Y
1093106776,381,B,20240111,19850422,F,Adams,Linda,R,7000,W,Elm,RD,STE,197,Round Rock,78665,,,Y,
1026890304,381,C,20160401,19550214,F,Hernandez,Linda,Lee,1800,,Menchaca,RD,,,Austin,78759,,Y,,Y
1057561214,381,C,20221021,20030209,M,Robinson,Nathan,R,400,,Slaughter,WAY,,,Pflugerville,78660,,,Y,Y
1073671753,381,,20210721,19640128,M,Taylor,William,,5842,S,Meadow,BLVD,,,Pflugerville,78660,,,,
1097488143,381,A,20150210,19460908,F,Ward,Mary,L,9800,,Escarpment,PL,UNIT,43,Del Valle,78617,,,Y,
1044388887,382,B,20150601,19591001,M,Harris,David,Lee,2206,,Creekside,TRL,,,Austin,78702,,,Y,
1031874717,382,A,20150903,19871217,M,Moore,Robert,,9400,W,Brodie,CT,,,Austin,78703,,Y,,Y
1098668330,382,,20160409,19920107,F,Murphy,Lisa,Rose,9700,,Live Oak,LN,,,Austin,78702,,,,
1017957112,382,B,20120806,19770826,F,Ramirez,Sandra,Ann,3338,E,Oak,AVE,,,Round Rock,78681,,Y,Y,Y
1063308497,382,B,20130710,19991123,F,Ross,Nancy,,6442,,Riverside,PL,APT,84,Leander,78641,,Y,,Y
1083035437,382,A,20100220,19780805,M,Wood,Thomas,Marie,2736,W,Burnet,CIR,,,Round Rock,78664,,,,
1044692816,383,B,20110618,19910815,F,Adams,Ana,Lee,5363,E,Escarpment,WAY,,,Pflugerville,78660,,Y,Y,Y
1083325688,383,B,20150319,19861019,M,Perez,Eric,Rose,8600,,Live Oak,LN,,,Austin,78741,,Y,Y,Y
1012249913,383,C,20170708,19791120,F,Walker,Sofia,,4784,N,Duval,TRL,,,Del Valle,78617,,Y,,Y
1099710996,383,C,20191128,20030224,M,Ward,Richard,L,3800,S,Escarpment,BLVD,,,Leander,78641,,Y,Y,
1057827535,384,A,20240918,19890306,F,Adams,Maria,Marie,6600,,Escarpment,WAY,,,Round Rock,78665,,Y,,
1058265241,384,A,20141223,19720509,M,Lewis,Jose,Ann,2800,N,Hillside,ST,STE,229,Austin,78751,,Y,Y,Y
1089486154,384,B,20091112,19510517,M,Wilson,Miguel,Rose,6085,W,Congress,PL,,,Pflugerville,78660,,Y,Y,Y
1067937243,384,A,20230107,19601003,M,Wood,Joseph,Lee,5191,W,Parmer,CT,,,Cedar Park,78613,,,,Y
1098543213,385,B,20140324,19960903,F,Gonzalez,Barbara,,4300,E,Far West,BLVD,,,Round Rock,78664,,,Y,Y
1079036246,385,,20191112,19531124,F,Martin,Stephanie,Ann,4586,,Anderson,WAY,,,Round Rock,78664,,,Y,Y
1016617216,385,B,20240204,19420811,M,Nelson,Jacob,Marie,9714,W,Pecan,AVE,,,Cedar Park,78613,,Y,Y,Y
1096391333,385,B,20240918,19940821,M,Patel,Matthew,Ann,1246,,Hillside,LN,STE,65,Cedar Park,78613,,Y,,
1054343710,385,,20210221,19350525,F,Patel,Patricia,E,500,S,Sycamore,CIR,UNIT,276,Leander,78641,,Y,,Y
1027568912,385,A,20190925,19830414,F,Torres,Amy,,9814,,Cedar,WAY,,,Round Rock,78664,,,Y,
1000765395,385,A,20211020,19800216,F,Young,Stephanie,,2799,N,Escarpment,RD,,,Pflugerville,78660,,,,Y
1053677865,386,A,20160814,19361215,F,Cruz,Melissa,R,7800,,Riverside,CIR,,,Round Rock,78664,,Y,Y,Y
1027917299,386,C,20180327,19811205,M,Mitchell,William,,8600,,Duval,PL,#,2,Cedar Park,78613,,Y,Y,Y
1062604307,386,,20180422,19560401,F,Rivera,Mary,,4700,,Braker,RD,,,Del Valle,78617,S,,,
1056045851,386,B,20210915,19540820,M,Robinson,Joshua,M,3639,,Slaughter,LN,,,Round Rock,78681,,Y,,Y
1023206315,386,A,20160113,19890524,M,Thomas,Nathan,A,5300,,Balcones,ST,,,Leander,78641,,Y,,
1004390230,387,C,20120803,19450808,F,Chen,Mary,E,6400,,Riverside,BLVD,UNIT,307,Del Valle,78617,,,Y,Y
1077397852,387,,20220212,19800406,F,Clark,Mary,J,8474,E,Oak,DR,,,Leander,78641,,Y,Y,Y
1093792385,387,,20180514,19471118,F,Moore,Jessica,R,2000,N,Riverside,WAY,,,Cedar Park,78613,,Y,,
1063752395,389,,20211001,19940625,M,Carter,Matthew,Rose,800,S,Anderson,LN,,,Leander,78641,S,Y,,Y
1002589135,389,A,20151023,19560620,M,Robinson,Charles,Lee,2000,N,Slaughter,WAY,,,Leander,78641,,,Y,Y
1021667739,389,C,20130511,19390702,F,Robinson,Maria,Lee,3700,S,Anderson,LN,APT,243,Leander,78641,,Y,Y,Y
1090559406,390,B,20240411,20020311,F,Scott,Emily,L,4589,S,Menchaca,LN,,,Leander,78641,,,,Y
1094116459,391,,20221019,19350928,F,Baker,Jessica,Marie,3200,,Guadalupe,ST,,,Leander,78641,,Y,Y,
1025071747,391,,20170816,19440810,M,Gomez,William,E,8989,N,Pecan,DR,,,Cedar Park,78613,,,Y,
1062182144,391,,20241020,19750705,M,Johnson,Richard,Ann,7600,N,Menchaca,TRL,STE,345,Pflugerville,78660,,,Y,Y
1032029975,391,C,20140711,19800826,M,Kelly,Nathan,,6300,,Lakeview,CIR,,,Cedar Park,78613,,,Y,
1070243637,391,C,20151017,19701223,F,Lopez,Elizabeth,Ann,5323,E,Riverside,WAY,,,Austin,78751,,Y,Y,Y
1085061001,391,A,20181119,20030608,F,Ward,Lisa,J,9979,,Slaughter,WAY,,,Del Valle,78617,,Y,Y,Y
1075533683,391,B,20080716,19961125,M,Young,William,Ann,1808,,Oak,ST,#,44,Austin,78751,,,Y,Y
1072994960,392,B,20171028,19930122,F,Hill,Melissa,Rose,4900,S,Duval,LN,,,Pflugerville,78660,,Y,,Y
1023986228,392,,20200123,20041003,F,Taylor,Michelle,,600,,Menchaca,CIR,,,Leander,78641,,Y,,
1055987058,392,,20250222,20040924,F,Watson,Angela,L,2200,S,Balcones,CT,,,Del Valle,78617,,Y,Y,Y
1007671448,393,A,20100214,19960527,M,Flores,John,Lee,9466,,Hillside,LN,UNIT,249,Austin,78701,,Y,Y,Y
1065658880,393,,20101022,19891107,M,Johnson,Miguel,,817,,Oak,BLVD,,,Leander,78641,,Y,,Y
1064597762,393,B,20131217,20070416,M,Price,Jose,Rose,8400,,Magnolia,AVE,,,Pflugerville,78660,,,Y,Y
1014537202,393,,20250507,19461202,M,Smith,Christopher,E,8208,E,Sycamore,AVE,,,Del Valle,78617,,Y,,
1018027227,394,A,20190312,19860819,M,Bailey,Christopher,A,5385,S,Far West,CT,,,Pflugerville,78660,,Y,Y,Y
1041820270,394,B,20100502,19760615,M,Coleman,Christopher,J,8700,S,Anderson,CIR,,,Leander,78641,,,Y,Y
1098024933,394,A,20110927,20011228,F,Gray,Amanda,Marie,2291,,Riverside,AVE,,,Cedar Park,78613,,,Y,
1078238298,394,C,20131226,20060514,M,Wilson,Mark,J,820,,Menchaca,PL,,,Austin,78748,,Y,Y,
1019665043,395,A,20231205,19730710,M,Campbell,Charles,J,2700,W,Oak,CIR,STE,256,Leander,78641,,Y,Y,
1067838611,395,B,20161005,19651122,F,Richardson,Jessica,,2796,,Live Oak,PL,,,Pflugerville,78660,,Y,Y,Y
1082707890,395,C,20210109,19971218,F,Thomas,Barbara,Ann,8600,S,Lamar,ST,,,Austin,78745,,,,
1036409242,395,A,20250319,19700222,M,Torres,Matthew,Ann,3100,,Anderson,WAY,,,Pflugerville,78660,,,,
1085999276,396,B,20160519,19411122,F,Cruz,Karen,,6591,E,Creekside,TRL,,,Leander,78641,S,,Y,
1076404167,396,,20130905,19510709,F,Kelly,Patricia,,6759,W,Balcones,PL,,,Pflugerville,78660,,Y,Y,
1065680420,396,,20250923,19710813,M,Price,Eric,E,1968,S,Duval,LN,,,Cedar Park,78613,,,Y,
1039108970,396,A,20241213,19530904,M,Price,Mark,L,600,W,Parmer,TRL,,,Round Rock,78665,,,,Y
1093683671,397,C,20251227,19720802,M,Anderson,John,Rose,3500,,Lamar,TRL,,,Austin,78702,,Y,Y,
1078949736,397,B,20150106,19480213,F,Bailey,Margaret,,6565,,Cedar,CIR,,,Round Rock,78664,,Y,,Y
1015843729,397,C,20100423,19830227,F,Barnes,Emily,,1234,W,Lamar,DR,,,Cedar Park,78613,,Y,,
1003692305,397,B,20210123,20040314,F,Brooks,Ana,E,6900,N,Guadalupe,BLVD,,,Leander,78641,,,Y,Y
1081493737,397,A,20081225,19621125,F,Gomez,Jennifer,M,5900,,Braker,TRL,,,Cedar Park,78613,,Y,,Y
1083688997,397,B,20240221,19591102,F,Gray,Jessica,Rose,4224,,Far West,RD,,,Austin,78741,,Y,Y,
1078553306,397,C,20121212,19890114,F,Kelly,Isabella,A,5484,S,Parmer,AVE,,,Cedar Park,78613,,Y,,Y
1061478071,397,A,20110312,19590604,M,Perez,Carlos,Lee,5156,,Oak,TRL,,,Leander,78641,,Y,Y,Y
1079042157,397,C,20221002,19431212,M,Ross,Joshua,,9030,,Braker,LN,,,Pflugerville,78660,,Y,,Y
1019018597,397,A,20191107,20020102,M,Scott,Nathan,M,6258,W,Riverside,WAY,,,Pflugerville,78660,,Y,Y,Y
1058144060,398,B,20110310,19480624,F,Garcia,Linda,,1600,,Cedar,AVE,UNIT,317,Del Valle,78617,,,Y,Y
1036170825,398,,20151116,19530703,F,Gomez,Elizabeth,,3477,N,Escarpment,CT,,,Round Rock,78681,,Y,Y,Y
1013248956,398,,20140621,19350325,F,Nelson,Patricia,M,8283,W,Elm,CIR,,,Leander,78641,,,Y,Y
1093001712,398,,20110320,19930415,M,Ramos,Christopher,E,2990,,Parmer,ST,,,Cedar Park,78613,,,Y,Y
1023303831,399,A,20240522,19830504,F,Howard,Margaret,L,5200,,Cedar,CT,#,17,Cedar Park,78613,,Y,,Y
1081284133,399,,20181225,20040124,M,Kelly,Daniel,L,9814,E,Sycamore,TRL,,,Round Rock,78664,,,,
1026376978,399,,20210404,19801201,F,Rivera,Nancy,,1654,,Lamar,BLVD,#,263,Austin,78751,,Y,,
1094027812,399,A,20160814,20020504,M,Taylor,David,Rose,1857,W,Sycamore,DR,,,Del Valle,78617,,,,
1094853564,400,,20110308,19861119,M,Kelly,Juan,Lee,3600,E,Pecan,PL,,,Cedar Park,78613,,Y,Y,
1000179433,400,,20100912,19460827,F,Price,Patricia,Lee,1700,S,Riverside,PL,,,Cedar Park,78613,,,,
1035516847,400,A,20200325,19450721,F,Scott,Amy,,300,,Riverside,PL,UNIT,294,Pflugerville,78660,,Y,,
1032754099,400,C,20231015,19591113,M,Walker,Richard,M,100,,Cedar,TRL,,,Austin,78705,,,,Y
1075441980,400,B,20120128,19880413,F,Wood,Laura,Rose,9819,,Hillside,CT,,,Cedar Park,78613,S,,Y,
1028408189,401,A,20210520,19670418,F,Baker,Karen,L,4210,,Live Oak,CIR,,,Leander,78641,,Y,,
1086470701,401,,20140326,20010528,M,Cooper,Nathan,,2100,,Slaughter,PL,,,Pflugerville,78660,,,Y,
1067634226,401,,20231020,19970112,F,Cox,Laura,,700,,Sycamore,BLVD,,,Leander,78641,,,Y,Y
1036406093,401,,20140425,19410411,M,Price,Brian,A,8300,,Braker,ST,APT,215,Austin,78723,,,Y,
1052154493,401,B,20160513,19801226,F,Williams,Melissa,J,4400,S,Lakeview,ST,,,Pflugerville,78660,,Y,,Y
1038309036,402,A,20100104,20040924,M,Chen,Jose,Lee,9894,W,Lakeview,PL,APT,236,Round Rock,78664,,Y,Y,
1083299243,402,A,20090327,19991025,M,Hill,David,E,890,,Duval,CT,,,Leander,78641,,,,Y
1048637569,402,B,20231020,19751025,M,Howard,Andrew,Rose,3838,W,Lamar,CT,,,Pflugerville,78660,,,Y,
1020949249,402,C,20190424,19911014,M,Howard,Christopher,,4900,W,Burnet,WAY,,,Leander,78641,,Y,,Y
1087728821,403,A,20090514,19680711,F,Clark,Elizabeth,Marie,8747,,Elm,PL,STE,147,Cedar Park,78613,,,,Y
1024256469,403,B,20150911,19880608,M,Davis,Jacob,Rose,5690,,Parmer,WAY,,,Cedar Park,78613,,,Y,
1016899508,404,C,20231216,19911021,F,Flores,Amanda,,9392,,Parmer,CIR,UNIT,354,Austin,78758,,,,Y
1048752224,404,,20170302,19500827,F,Johnson,Ana,Ann,3000,,Balcones,TRL,,,Leander,78641,,,,
1089106949,405,B,20160906,19871207,M,Cruz,Miguel,,5521,,Riverside,TRL,,,Del Valle,78617,,Y,,Y
1015895762,405,B,20220209,19381016,M,Moore,Kevin,J,926,,Menchaca,TRL,STE,251,Cedar Park,78613,,,,Y
1046565537,405,A,20090624,19590507,F,Moore,Susan,Lee,4935,S,Lakeview,AVE,,,Pflugerville,78660,,Y,,
1012923470,406,C,20171107,19961212,M,Cox,Thomas,Lee,300,,Lamar,AVE,,,Austin,78723,,,,Y
1004245187,406,A,20080410,19710921,F,Hernandez,Angela,Rose,9000,,Burnet,PL,,,Cedar Park,78613,S,,,Y
1005630294,406,C,20080920,20000827,M,Mitchell,Jose,Ann,5380,,Lamar,RD,STE,82,Leander,78641,,Y,,Y
1053043542,406,A,20200922,19950410,F,Torres,Sofia,R,4829,,Guadalupe,CT,,,Leander,78641,,Y,Y,
1055232622,406,B,20230708,19980922,F,Ward,Patricia,R,9225,,Cedar,ST,,,Pflugerville,78660,,Y,Y,Y
1057575598,407,,20101119,19540118,M,Bennett,Aaron,,4100,,Maple,TRL,,,Leander,78641,,Y,Y,
1033077335,407,A,20220421,19561010,F,Lewis,Olivia,Ann,8200,,Lakeview,WAY,UNIT,275,Del Valle,78617,,Y,,
1085838336,407,,20140922,19881024,F,Price,Stephanie,A,8468,E,Hillside,CT,#,33,Cedar Park,78613,,Y,,Y
1091272973,407,,20140723,19380424,F,Smith,Linda,Rose,8500,,Hillside,TRL,,,Del Valle,78617,,,,
1002555436,407,C,20230607,19920921,M,Thompson,Juan,Marie,4892,S,Sycamore,DR,,,Cedar Park,78613,,,,Y
1061814777,408,C,20221204,19391016,F,Brooks,Patricia,Rose,5372,N,Escarpment,TRL,,,Round Rock,78664,,,,Y
1037191995,408,B,20110919,20000612,M,Carter,Michael,M,6179,S,Balcones,BLVD,APT,346,Pflugerville,78660,,,Y,
1091024297,408,,20200402,19941107,F,Watson,Michelle,A,6330,W,Hillside,CIR,UNIT,107,Austin,78748,,,Y,Y
1006546474,409,,20100215,19761005,F,Baker,Patricia,Lee,4300,,Maple,BLVD,,,Leander,78641,,Y,Y,Y
1098498190,409,B,20210502,19590825,M,Flores,Brian,,9800,W,Anderson,BLVD,,,Leander,78641,,Y,Y,
1084322141,409,A,20160101,19920205,M,Flores,James,E,3734,,Magnolia,ST,,,Del Valle,78617,,Y,Y,Y
1051083686,410,B,20080510,19970916,F,Adams,Sarah,,300,W,Hillside,CIR,,,Round Rock,78664,,,,Y
1069659819,410,B,20250726,19791104,F,Clark,Patricia,A,8321,N,Lakeview,RD,,,Del Valle,78617,,Y,Y,Y
1020973313,410,,20130523,19810502,F,Gray,Karen,Ann,3700,E,Meadow,DR,,,Cedar Park,78613,,Y,Y,Y
1011131064,410,,20220802,19851027,F,Mitchell,Isabella,A,7300,,Lamar,PL,,,Leander,78641,,,Y,Y
1025560528,410,A,20150320,19590304,M,Richardson,James,Rose,9500,W,Escarpment,LN,,,Leander,78641,,Y,Y,Y
1077497170,410,B,20150812,19350722,M,Thomas,Robert,R,5345,,Oak,RD,,,Del Valle,78617,,,,Y
1062017178,411,C,20240219,19480127,M,Brown,Anthony,E,4400,N,Elm,CIR,UNIT,226,Round Rock,78664,,Y,Y,
1033398114,411,C,20210626,19600214,M,Carter,Mark,,8500,,Hillside,AVE,,,Leander,78641,,Y,,
1034064223,411,C,20191102,20000217,F,Garcia,Emily,L,2900,N,Escarpment,DR,,,Del Valle,78617,,,Y,Y
1049848453,411,,20140205,20031115,M,Jones,Robert,,900,,Creekside,AVE,,,Leander,78641,,,Y,Y
1028829975,411,C,20240523,19790503,M,Reyes,Eric,,5700,W,Meadow,ST,,,Pflugerville,78660,,,,
1044794864,411,C,20250419,19680322,F,Taylor,Emily,Marie,9013,,Lakeview,DR,#,86,Austin,78701,,Y,,
1050862956,412,B,20110819,20031128,F,Brown,Nancy,Lee,2060,W,Balcones,CIR,,,Pflugerville,78660,,Y,Y,
1026824870,412,C,20161224,19461004,M,Flores,Juan,,6100,,Meadow,CT,,,Austin,78745,,Y,Y,
1086365660,412,B,20081105,19401202,F,Ward,Susan,Lee,3900,N,Pecan,AVE,,,Pflugerville,78660,,Y,Y,
1014842934,412,C,20230508,19590722,F,Watson,Stephanie,L,3600,S,Sycamore,CIR,STE,162,Cedar Park,78613,,,Y,
1092051832,412,,20171219,19970207,M,Wood,Miguel,M,8313,,Elm,LN,UNIT,199,Pflugerville,78660,,,Y,Y
1038199292,413,,20211123,19981220,F,White,Karen,Marie,2600,,Lamar,BLVD,STE,21,Cedar Park,78613,,,Y,Y
1025824989,414,C,20130114,19751204,F,Martinez,Lisa,Marie,5394,W,Cedar,WAY,,,Austin,78704,,Y,Y,
1053716863,414,B,20091212,20051026,M,Murphy,Paul,L,100,,Meadow,LN,#,242,Leander,78641,,Y,,Y
1058316134,414,,20220116,19500114,F,Perez,Lisa,M,9500,,Guadalupe,CIR,,,Del Valle,78617,,Y,,Y
1019853381,415,A,20111010,19711120,F,Barnes,Amanda,Lee,7400,,Lamar,RD,,,Cedar Park,78613,,Y,Y,Y
1030619514,415,,20190114,19420618,F,Barnes,Melissa,,1300,S,Duval,BLVD,STE,244,Austin,78705,S,,Y,Y
1077593714,415,A,20150124,19600301,M,Green,Charles,J,4900,W,Elm,CIR,,,Leander,78641,,,Y,Y
1052020973,415,A,20110516,19440117,M,Mitchell,Eric,L,3800,,Oak,AVE,,,Pflugerville,78660,,,,Y
1039001080,415,C,20170314,19451212,M,Mitchell,Jacob,E,8700,,Riverside,LN,APT,248,Pflugerville,78660,,,Y,
1013670687,416,,20250925,19700701,F,Bailey,Sarah,R,2699,W,Balcones,CIR,,,Leander,78641,,,Y,
1029393325,416,C,20231116,19920323,F,Henderson,Stephanie,J,9130,E,Lamar,PL,,,Del Valle,78617,,Y,Y,Y
1086341236,417,A,20090517,19841101,M,Rivera,Jose,R,5142,,Maple,DR,,,Round Rock,78664,,Y,,
1097167240,418,B,20230919,20050707,F,Flores,Susan,R,3138,,Lamar,ST,,,Del Valle,78617,,,,Y
1018585043,418,B,20081207,19420619,M,Sanders,Aaron,,4400,,Slaughter,CIR,STE,345,Austin,78723,,,Y,
1010899643,419,B,20230519,19400405,M,Martin,Brian,E,2100,E,Riverside,BLVD,APT,190,Del Valle,78617,,,Y,Y
1049275073,419,,20230224,19440709,M,Murphy,Michael,R,3500,,Elm,DR,,,Leander,78641,,Y,Y,Y
1007252706,419,C,20220520,19690808,M,Murphy,Paul,E,8564,E,Parmer,CIR,APT,310,Pflugerville,78660,,Y,,Y
1096845712,419,,20110716,19940325,F,Price,Rebecca,Lee,1600,,Creekside,CIR,,,Cedar Park,78613,,,,Y
1098580063,420,A,20090514,19660719,F,Clark,Susan,Marie,3500,,Brodie,CIR,,,Pflugerville,78660,,,Y,
1068491312,420,,20100122,19390702,M,Rodriguez,Eric,E,3423,N,Escarpment,WAY,,,Del Valle,78617,,,,Y
1060399140,420,,20231027,19600202,M,Sanders,Joshua,,7800,E,Pecan,RD,,,Cedar Park,78613,,Y,,
1049092062,420,B,20250701,19690504,F,Walker,Ana,Marie,5600,E,Riverside,RD,,,Austin,78759,,,,
1067527548,420,A,20110425,19881019,M,Young,Matthew,Marie,5405,S,Maple,LN,,,Del Valle,78617,,Y,,Y
1096019608,421,A,20160328,19580505,F,Coleman,Jennifer,J,5153,,Cedar,DR,,,Pflugerville,78660,,Y,Y,Y
1018798648,421,A,20221215,19450118,M,Coleman,William,Rose,9600,,Magnolia,LN,APT,86,Pflugerville,78660,,Y,,Y
1094313177,421,C,20191114,19730307,F,Cruz,Isabella,L,2193,,Lakeview,PL,,,Round Rock,78681,,Y,Y,Y
1016666674,421,A,20170701,19850801,F,Lopez,Grace,M,8907,E,Congress,DR,APT,258,Leander,78641,,Y,Y,Y
1047004981,422,B,20130518,19350114,M,Anderson,Charles,,4619,W,Slaughter,CT,,,Cedar Park,78613,,,,Y
1002852515,422,,20120202,20000312,F,Chen,Barbara,Marie,7532,S,Braker,BLVD,,,Leander,78641,,,,Y
1084648333,422,B,20110103,19371102,M,Flores,Anthony,,1000,S,Riverside,WAY,#,223,Leander,78641,,Y,,
1001836033,422,B,20160424,19370901,F,Henderson,Laura,Ann,6655,E,Braker,BLVD,,,Leander,78641,,,,
1051780303,423,,20250426,19360504,M,Campbell,Charles,,5731,,Sycamore,PL,,,Leander,78641,,,,
1043268037,423,A,20240603,19811227,F,Chen,Karen,R,9795,W,Balcones,CIR,,,Austin,78758,,,Y,
1071724212,423,B,20200309,20030125,F,Clark,Jessica,Marie,3991,,Menchaca,DR,,,Leander,78641,,Y,Y,Y
1045970383,423,B,20140508,19380905,F,Moore,Susan,R,7600,,Lakeview,PL,,,Leander,78641,,Y,,
1027867971,423,B,20080825,19360712,F,Taylor,Elizabeth,Lee,5300,W,Lamar,CIR,,,Round Rock,78664,,,Y,Y
1009470269,423,B,20210502,19391215,M,Taylor,Kevin,L,8388,E,Live Oak,CIR,,,Round Rock,78664,,,Y,
1040346112,423,C,20191222,19570526,F,Young,Ana,J,6236,N,Guadalupe,CIR,UNIT,19,Leander,78641,,,Y,Y
1019993681,424,B,20191126,19540712,F,Allen,Mary,,4736,W,Magnolia,DR,,,Pflugerville,78660,,,Y,Y
1092741225,424,,20141026,19560210,F,Chen,Karen,J,5495,N,Menchaca,BLVD,,,Austin,78748,,,,Y
1051078819,425,A,20180213,20040707,F,Hill,Linda,Rose,2284,N,Live Oak,CT,,,Leander,78641,,Y,Y,
1041381646,425,C,20140418,19410126,F,Jones,Patricia,Ann,9400,,Elm,PL,,,Austin,78701,,Y,Y,Y
1094949370,425,A,20080321,19890721,F,Robinson,Mary,L,2697,,Menchaca,AVE,,,Del Valle,78617,,Y,Y,
1041544360,425,,20121017,19950328,F,Sanchez,Margaret,L,3600,,Creekside,WAY,,,Del Valle,78617,,,Y,Y
1020642669,426,C,20161207,19790410,M,Brown,Joshua,Rose,5573,N,Live Oak,TRL,STE,270,Austin,78751,,Y,Y,Y
1057501580,426,,20180421,19451112,F,Howard,Emily,Rose,9282,,Menchaca,TRL,UNIT,311,Leander,78641,,Y,Y,
1036951929,426,,20181203,19791227,M,Miller,Thomas,,6572,,Sycamore,CT,,,Cedar Park,78613,,Y,Y,
1018538423,426,A,20090311,19941022,F,Young,Michelle,,5900,,Parmer,DR,,,Round Rock,78664,,Y,Y,Y
1044789792,427,C,20160806,19370726,M,Campbell,John,E,4060,W,Maple,TRL,,,Leander,78641,,,Y,
1071386714,427,C,20191218,20060220,M,Garcia,Eric,L,1940,,Balcones,CIR,,,Pflugerville,78660,,Y,Y,Y
1079299703,427,A,20250819,19991205,M,Hernandez,Andrew,A,8523,N,Maple,RD,,,Round Rock,78665,,,,
1054449592,427,A,20221105,19771006,M,Kelly,Miguel,A,4600,N,Pecan,AVE,,,Leander,78641,S,Y,,Y
1086551638,427,C,20130917,19960810,M,Murphy,Anthony,Ann,1400,,Lakeview,WAY,,,Leander,78641,,,Y,
1066474005,427,A,20180705,19680109,M,Scott,James,Marie,1521,W,Anderson,LN,UNIT,219,Austin,78759,,,Y,
1053577338,428,B,20210825,19780702,M,Barnes,David,L,575,,Brodie,CIR,,,Leander,78641,,,Y,
1050013818,428,A,20080910,19690226,M,Gray,Matthew,Ann,6000,,Elm,LN,,,Round Rock,78664,,,,
1076470325,428,A,20160210,19520711,F,Miller,Stephanie,R,7265,E,Magnolia,WAY,STE,63,Del Valle,78617,,Y,Y,
1033632894,428,,20160515,19710815,F,Murphy,Lisa,R,3800,E,Parmer,LN,,,Austin,78703,,,Y,Y
1056465518,429,B,20120908,19641005,F,Garcia,Sofia,,8200,,Parmer,RD,STE,133,Pflugerville,78660,,Y,,
1094547485,429,B,20240219,19531204,M,Lee,Miguel,Rose,3000,N,Balcones,WAY,,,Cedar Park,78613,,,,
1053443677,429,B,20120428,20020709,M,Scott,Jose,M,8952,E,Lamar,AVE,,,Leander,78641,,Y,,Y
1026707261,429,C,20101226,19680306,F,Smith,Nancy,Lee,3133,,Congress,ST,UNIT,26,Leander,78641,,,,
1076290122,430,,20131116,20040205,M,Thomas,Eric,J,7700,,Oak,DR,,,Pflugerville,78660,,Y,Y,
1068202673,430,,20211202,20000908,F,White,Karen,,7600,,Hillside,WAY,UNIT,10,Round Rock,78664,,,Y,
1071264575,430,,20110411,19390206,F,White,Michelle,Rose,722,W,Escarpment,RD,,,Pflugerville,78660,,Y,Y,Y
1061513390,431,,20160406,19460925,F,Mitchell,Melissa,J,1700,W,Sycamore,PL,,,Cedar Park,78613,,,,Y
1094884131,431,B,20250601,19850716,F,Peterson,Sandra,Lee,3361,,Guadalupe,CT,,,Leander,78641,,Y,,
1025466711,431,B,20090926,19781104,F,Sanders,Grace,,4743,,Far West,CIR,#,280,Cedar Park,78613,,Y,,Y
1084310130,431,,20191218,19720717,M,Smith,Kevin,Lee,1286,,Pecan,DR,,,Austin,78705,,Y,Y,Y
1044203282,431,,20210624,19870105,F,Williams,Laura,A,9400,S,Guadalupe,AVE,,,Round Rock,78665,,Y,,
1042569631,432,C,20120510,19460222,M,Cruz,Paul,R,7018,W,Lamar,CIR,UNIT,1,Leander,78641,,,Y,Y
1061375048,432,,20090623,19820621,M,Lopez,Luis,R,500,,Pecan,LN,,,Del Valle,78617,,,Y,Y
1038856149,432,,20120514,19660905,M,Rivera,Joshua,J,1862,N,Anderson,CT,,,Leander,78641,S,Y,,
1072452889,432,A,20210427,19641012,M,Taylor,John,M,8394,,Far West,WAY,,,Cedar Park,78613,,Y,Y,Y
1086484955,433,A,20220422,19380803,M,Henderson,Christopher,Marie,7700,,Far West,LN,,,Austin,78758,,Y,,
1064880895,433,B,20080421,19781013,F,Jackson,Ashley,A,5800,N,Congress,BLVD,APT,31,Pflugerville,78660,,Y,,Y
1008210626,433,B,20100506,19770516,F,Kelly,Ana,J,5866,,Magnolia,TRL,#,110,Cedar Park,78613,,,,
1084670696,433,,20250202,19940709,F,Nelson,Karen,A,5992,S,Lakeview,TRL,,,Del Valle,78617,,Y,Y,Y
1074850480,433,,20210405,19810504,F,Taylor,Karen,Ann,4400,E,Far West,LN,,,Pflugerville,78660,,,Y,
1017375502,434,C,20210921,19490918,F,Anderson,Maria,M,708,N,Lamar,LN,,,Leander,78641,,Y,Y,Y
1036957291,434,B,20201017,19601027,M,Cooper,Paul,R,3900,N,Anderson,CIR,UNIT,90,Del Valle,78617,,Y,Y,
1032485304,434,,20150119,19840604,M,Cox,Carlos,J,4850,W,Parmer,TRL,,,Del Valle,78617,,,Y,
1099643653,434,B,20170603,19420213,F,Lee,Sofia,J,1500,E,Slaughter,CIR,,,Austin,78701,,Y,,
1087015140,434,B,20131203,19580822,F,Patel,Karen,Ann,9400,,Lamar,CIR,,,Round Rock,78681,,,Y,Y
1007574337,435,C,20170727,19741211,F,Cooper,Ashley,R,4103,W,Duval,BLVD,,,Round Rock,78664,,,,
1007742989,435,A,20110927,20070713,M,Garcia,Miguel,Rose,4028,,Oak,WAY,,,Leander,78641,,Y,Y,
1032564019,435,A,20080510,19580828,M,Patel,Jose,Rose,7502,S,Sycamore,BLVD,,,Del Valle,78617,,,Y,
1013182056,436,B,20080228,19410325,F,Baker,Jessica,Ann,5281,,Guadalupe,LN,,,Austin,78758,,,Y,
1027135471,436,A,20230106,19930722,F,Gomez,Barbara,,7747,W,Cedar,PL,,,Leander,78641,,,,
1017765863,436,B,20110207,19531112,M,Hall,Luis,E,2300,,Anderson,CT,,,Austin,78748,,Y,Y,Y
1069993417,436,B,20091107,19771013,M,Hill,William,R,3288,,Cedar,BLVD,UNIT,251,Del Valle,78617,,Y,,
1093515468,436,A,20140607,20030510,F,King,Mary,Lee,6159,,Sycamore,LN,,,Del Valle,78617,,Y,Y,Y
1073643884,436,,20240306,19500716,F,Ramos,Melissa,,8000,,Congress,LN,STE,231,Cedar Park,78613,,Y,Y,Y
1031265963,436,B,20211018,19750404,F,Ward,Sandra,Marie,1058,W,Hillside,LN,,,Cedar Park,78613,,,Y,Y
1033778373,437,,20180716,19391105,M,Jones,Brian,Ann,5307,E,Far West,RD,APT,329,Austin,78741,,Y,Y,Y
1028114773,437,C,20181012,19941219,M,Murphy,Kevin,Ann,1400,,Live Oak,BLVD,,,Cedar Park,78613,,Y,Y,
1011416570,437,B,20200820,19780219,F,Rodriguez,Grace,Ann,3800,W,Guadalupe,CT,,,Del Valle,78617,,,,Y
1049578472,438,A,20231014,19530819,M,Barnes,John,Lee,9903,S,Parmer,CT,,,Cedar Park,78613,S,Y,Y,
1066039789,438,C,20110227,20031220,F,Bennett,Karen,,1900,W,Duval,PL,UNIT,198,Del Valle,78617,,,Y,Y
1024923047,438,,20230603,19400109,F,Flores,Amy,Rose,4595,S,Lamar,TRL,,,Cedar Park,78613,,,Y,
1013968393,438,C,20230517,19601028,M,Green,William,M,4700,E,Creekside,DR,,,Pflugerville,78660,,Y,,
1075759174,439,B,20200418,19900314,M,Baker,Michael,Ann,9171,N,Escarpment,AVE,STE,126,Austin,78753,,Y,,
1023576502,439,A,20170605,19730806,F,Chen,Rebecca,E,3226,W,Burnet,AVE,#,367,Leander,78641,,,Y,
1058721641,439,,20150311,19841211,M,Hernandez,Jacob,,2100,W,Parmer,TRL,,,Leander,78641,,Y,,Y
1064134049,439,C,20200616,19670316,M,Mitchell,William,Lee,600,S,Magnolia,RD,,,Del Valle,78617,,,Y,
1020859856,439,C,20170313,19871101,M,Ramos,John,,6300,,Maple,TRL,,,Round Rock,78665,,,Y,
1051917600,439,C,20190706,19451202,F,Roberts,Margaret,Marie,1200,E,Maple,WAY,,,Round Rock,78665,,,Y,Y
1005148775,439,B,20220422,19720415,F,Sanders,Amanda,A,3137,E,Pecan,TRL,#,203,Leander,78641,,Y,Y,Y
1035500059,439,B,20210328,19710109,F,Taylor,Olivia,J,2400,S,Menchaca,RD,,,Pflugerville,78660,,,Y,Y
1088915590,439,A,20100615,19660610,F,White,Michelle,,6100,,Oak,RD,,,Pflugerville,78660,,Y,,
1033754227,440,A,20090621,20040919,F,Adams,Linda,Lee,8200,,Braker,PL,,,Del Valle,78617,,,Y,
1053032021,440,C,20151206,19591128,M,Davis,Anthony,J,600,,Burnet,ST,,,Cedar Park,78613,,Y,,Y
1068478596,440,B,20190814,19660418,M,Jackson,Steven,L,1200,,Braker,CIR,APT,212,Leander,78641,S,,Y,
1028797173,440,,20200627,19390823,F,Nelson,Mary,Lee,1510,,Hillside,ST,#,105,Round Rock,78665,,,Y,Y
1082929219,440,,20200903,19840909,M,Richardson,Aaron,,8100,S,Braker,PL,,,Del Valle,78617,,Y,,Y
1033577401,440,B,20180605,20041104,M,Robinson,Paul,R,8500,E,Guadalupe,RD,,,Leander,78641,,,,Y
1056182389,440,C,20160406,19620714,M,Rodriguez,Luis,Marie,5223,,Hillside,LN,,,Cedar Park,78613,,,,Y
1038005348,440,,20221117,20030520,M,Rodriguez,Paul,E,6500,W,Elm,CIR,,,Pflugerville,78660,,Y,,
1025132432,440,B,20100820,19751014,F,Scott,Margaret,J,8258,,Burnet,LN,,,Leander,78641,,Y,Y,Y
1035696458,440,B,20150519,19640624,M,Wright,Anthony,,392,,Lakeview,TRL,,,Austin,78759,,Y,Y,Y
1027045845,441,C,20180815,19451208,M,Barnes,James,E,3700,,Lamar,ST,,,Austin,78705,,,,Y
1008998903,441,B,20201028,19750316,M,Barnes,Joshua,Rose,268,,Elm,WAY,,,Del Valle,78617,,,,
1086216247,441,C,20200718,19810404,F,Bennett,Michelle,M,7842,N,Slaughter,PL,,,Cedar Park,78613,,Y,Y,Y
1003345862,441,C,20100211,19490601,M,Chen,Brian,J,9800,,Lakeview,TRL,,,Austin,78702,,Y,Y,
1063161691,441,C,20231018,19880413,F,Wood,Laura,Rose,5900,N,Escarpment,ST,STE,267,Round Rock,78681,,Y,,
1088003820,442,B,20080707,19730209,M,Moore,Juan,Rose,8100,,Guadalupe,TRL,,,Cedar Park,78613,,,,Y
1000146903,442,,20100905,19350216,M,Peterson,Juan,M,2200,,Riverside,PL,,,Pflugerville,78660,,Y,,Y
1003834409,442,C,20230105,19710828,M,Walker,Jacob,,8900,N,Cedar,LN,,,Round Rock,78665,,,Y,Y
1076349444,443,B,20150605,19631005,M,Bailey,Jacob,Rose,5500,,Far West,BLVD,#,24,Cedar Park,78613,,Y,Y,Y
1049812103,443,A,20171211,19890513,F,Campbell,Elizabeth,,7737,E,Slaughter,RD,,,Pflugerville,78660,,Y,Y,Y
1074074671,443,A,20210813,19600402,F,Chen,Susan,M,3271,S,Magnolia,TRL,,,Pflugerville,78660,,Y,Y,Y
1007575494,443,,20090227,19440217,M,Green,Brian,Marie,3493,N,Oak,WAY,,,Austin,78723,,,,Y
1000675962,443,B,20160610,19790319,M,Jackson,Steven,R,6500,,Maple,RD,,,Del Valle,78617,,Y,Y,Y
1044993692,443,,20090222,19890625,F,Johnson,Jessica,L,984,,Hillside,TRL,,,Pflugerville,78660,,,Y,Y
1061893619,443,A,20160224,19971103,M,Kelly,Richard,A,2153,,Anderson,BLVD,,,Cedar Park,78613,,,,Y
1084103257,443,C,20120128,19450716,M,Young,Anthony,,9045,,Lamar,RD,,,Cedar Park,78613,,Y,Y,Y
1055569041,444,C,20180827,19981120,F,Brooks,Grace,R,600,S,Escarpment,TRL,,,Austin,78753,,,Y,Y
1040381478,444,B,20210121,19830502,F,Carter,Laura,,3651,E,Cedar,LN,,,Round Rock,78665,,Y,,Y
1021160981,444,B,20230724,20050524,F,Carter,Sandra,R,1800,,Lamar,CT,UNIT,96,Cedar Park,78613,,Y,Y,
1066753841,444,,20090708,19671203,M,Martin,James,M,3794,,Maple,BLVD,,,Round Rock,78681,,,,
1060509923,444,B,20080109,19820210,M,Murphy,Michael,,5833,,Pecan,BLVD,,,Austin,78745,,,Y,
1090470434,444,A,20151126,19671008,M,Patel,Paul,,4918,S,Maple,RD,APT,389,Leander,78641,,Y,Y,Y
1034012336,445,B,20110921,19890326,F,Allen,Olivia,M,909,,Sycamore,BLVD,APT,67,Austin,78702,,,,Y
1005370868,445,C,20101126,19700914,F,Anderson,Ashley,M,3821,E,Cedar,PL,UNIT,345,Cedar Park,78613,,Y,Y,Y
1035318739,445,C,20220302,19420714,M,Brooks,Jose,L,7538,W,Congress,WAY,#,6,Del Valle,78617,,,,
1056721804,445,C,20090623,19750913,F,Gray,Michelle,L,3000,S,Lamar,CIR,STE,2,Pflugerville,78660,,,Y,
1009199255,445,A,20190714,19490616,M,Henderson,Daniel,Rose,3637,N,Congress,CT,,,Leander,78641,,,Y,Y
1074600179,445,C,20150104,20030517,M,Reyes,Matthew,E,3100,,Pecan,CIR,,,Cedar Park,78613,,Y,,Y
1020699768,445,,20130313,20020122,F,Thomas,Ana,M,3281,N,Guadalupe,LN,,,Austin,78751,,Y,,Y
1075004391,446,B,20161117,19680707,M,Hall,Daniel,J,4100,,Elm,RD,#,29,Round Rock,78664,,Y,,Y
1017833164,446,B,20140716,19850805,M,Martin,Nathan,L,4100,,Creekside,DR,,,Del Valle,78617,,Y,Y,
1014650738,447,,20190523,19930525,M,Hall,Matthew,Marie,6400,,Parmer,TRL,,,Austin,78748,,,Y,Y
1051596447,447,,20100221,19440813,F,Howard,Lisa,Lee,8700,S,Maple,CIR,,,Del Valle,78617,,,Y,Y
1027400730,447,A,20110124,20060612,M,Williams,John,,4041,,Menchaca,AVE,,,Round Rock,78664,,Y,Y,
1090296289,448,A,20090903,19970813,F,Williams,Sofia,A,500,W,Magnolia,TRL,APT,64,Del Valle,78617,,Y,Y,
1047357642,449,C,20080216,19661002,F,Adams,Mary,E,1962,S,Oak,AVE,UNIT,3,Cedar Park,78613,,Y,Y,Y
1003783868,449,A,20101118,19980711,F,Allen,Elizabeth,Rose,2929,,Guadalupe,AVE,,,Austin,78745,,,Y,
1063390772,449,,20081015,19511004,M,Anderson,Mark,M,3274,,Hillside,TRL,,,Round Rock,78665,,Y,,Y
1041160356,449,C,20221201,19880615,M,Mitchell,Kevin,Marie,4768,S,Braker,CT,,,Pflugerville,78660,,,Y,Y
1060740481,449,,20101110,19711226,F,Perez,Amy,Marie,437,N,Live Oak,TRL,STE,73,Del Valle,78617,,,,Y
1051458700,449,,20130419,19950508,M,Rivera,Andrew,M,5700,S,Parmer,DR,,,Leander,78641,,Y,Y,
1088737633,449,C,20210402,19400311,F,Wright,Olivia,Marie,5596,W,Creekside,PL,,,Leander,78641,,,,Y
1002912049,450,,20210226,19440903,M,Gray,Nathan,A,8700,E,Sycamore,PL,,,Leander,78641,,,Y,Y
1011841104,451,A,20160419,19910328,F,Gomez,Jessica,R,1128,S,Lamar,PL,,,Pflugerville,78660,,,,
1094927095,451,,20080415,19610905,F,Gonzalez,Karen,A,1800,N,Slaughter,CIR,,,Del Valle,78617,,,,
1026003670,451,B,20161211,19820217,F,Robinson,Angela,J,4603,S,Live Oak,TRL,,,Del Valle,78617,,Y,Y,
1041547484,452,B,20220518,19640222,M,Adams,Brian,A,3877,,Pecan,ST,UNIT,130,Pflugerville,78660,,,Y,Y
1035189098,452,,20230513,20060624,M,Jackson,Miguel,A,9700,,Meadow,CIR,,,Leander,78641,,,,Y
1093992848,452,,20170302,19940402,M,King,Nathan,M,3329,W,Creekside,RD,UNIT,361,Leander,78641,,,Y,
1024710225,452,,20111219,19970402,F,Lewis,Barbara,L,5708,S,Parmer,DR,,,Austin,78701,,,Y,Y
1090576282,452,C,20120408,19490312,M,Patel,William,,5000,S,Oak,ST,,,Austin,78745,,Y,,Y
1033365180,452,B,20220115,19730217,M,Ramos,Miguel,A,5000,,Live Oak,AVE,STE,180,Pflugerville,78660,,,Y,
1020934502,452,B,20190408,19540313,F,Williams,Ana,,3300,N,Lakeview,BLVD,,,Leander,78641,,Y,,Y
1057189104,453,B,20151114,19750511,F,Howard,Emily,M,4200,,Brodie,LN,#,383,Austin,78759,,Y,Y,
1062120576,453,B,20250307,19930110,M,King,Jacob,Rose,127,W,Maple,RD,,,Del Valle,78617,,,,
1009967968,453,C,20220720,19761102,F,Taylor,Laura,,2276,,Congress,CIR,APT,91,Austin,78748,,,Y,Y
1029427068,453,A,20201014,19940818,M,Thompson,Brian,,6757,E,Lakeview,CIR,APT,293,Round Rock,78665,,Y,,Y
1034965597,453,C,20180911,19780320,M,Wilson,Mark,Marie,2900,S,Riverside,RD,,,Austin,78741,,,,
1096196905,454,A,20170918,20050210,M,Brooks,Joshua,,1200,S,Congress,CIR,,,Pflugerville,78660,,,,
1037658082,454,,20091212,20021118,M,Ramos,Matthew,,8547,,Escarpment,WAY,UNIT,181,Del Valle,78617,,Y,,
1006228784,455,C,20170421,19720128,M,Green,Thomas,M,8086,N,Menchaca,AVE,,,Leander,78641,,Y,Y,Y
1048673357,455,,20200807,19820421,M,King,Nathan,Marie,6500,W,Burnet,TRL,STE,145,Austin,78758,,Y,,Y
1081200797,455,B,20240901,19510926,M,Reyes,Nathan,L,8400,,Hillside,RD,,,Pflugerville,78660,,Y,,Y
1052683647,455,C,20140402,19870322,F,Ward,Stephanie,Marie,4000,W,Lakeview,ST,,,Austin,78751,,,Y,
1099007881,455,C,20220628,19820611,M,Wright,Brian,Marie,9500,S,Riverside,CT,,,Cedar Park,78613,,,Y,Y
1093469262,456,C,20211123,19991013,M,Cox,James,R,100,,Brodie,LN,,,Cedar Park,78613,,Y,,Y
1025487828,456,,20201118,19350705,F,Reyes,Patricia,Rose,2973,,Maple,AVE,STE,148,Del Valle,78617,,,,
1088443458,456,C,20130424,19951228,M,Scott,Eric,Rose,3000,,Pecan,RD,,,Round Rock,78665,,Y,Y,Y
1070270362,456,B,20240209,20040403,M,Watson,Steven,Marie,2400,W,Parmer,CIR,,,Cedar Park,78613,,Y,Y,Y
1037853180,457,,20150218,19590918,M,Cooper,Steven,M,1248,,Riverside,DR,APT,24,Cedar Park,78613,,,Y,Y
1085005096,457,A,20131218,19351110,F,Murphy,Karen,,8054,,Maple,CT,,,Leander,78641,,Y,Y,Y
1020553689,457,A,20200211,20041218,F,Peterson,Grace,,4000,,Live Oak,TRL,APT,200,Del Valle,78617,,Y,Y,
1060424336,457,A,20100916,19960212,M,Reyes,Luis,L,3146,S,Anderson,CIR,#,289,Pflugerville,78660,,,Y,Y
1015306781,458,C,20240422,19530219,M,Carter,Joseph,,9071,W,Braker,CIR,,,Round Rock,78665,,,Y,
1071724212,458,C,20141123,20030125,F,Clark,Jessica,Marie,3572,,Sycamore,BLVD,STE,257,Leander,78641,,,,
1000616196,458,B,20120717,19550611,M,King,Matthew,M,9600,E,Congress,BLVD,UNIT,252,Del Valle,78617,,Y,Y,Y
1089660677,458,,20200520,19680505,M,King,Thomas,J,5810,E,Braker,PL,UNIT,216,Austin,78751,,Y,Y,Y
1039452634,458,B,20120919,19490421,M,Lopez,Thomas,L,2634,,Maple,CIR,,,Leander,78641,,Y,,
1069452378,458,C,20210623,19920307,M,Reyes,Miguel,E,2500,,Meadow,PL,,,Austin,78741,,Y,Y,
1064133925,459,,20230826,19900709,M,Hall,Juan,,2199,E,Guadalupe,WAY,,,Cedar Park,78613,,,,
1012252156,459,A,20201013,19960120,M,Jackson,Anthony,M,3337,,Menchaca,ST,APT,292,Cedar Park,78613,,,,
1062733342,460,C,20200716,19660808,M,Anderson,Joshua,R,9847,,Anderson,DR,,,Austin,78751,,,Y,
1044453324,460,C,20090427,19980713,F,Coleman,Jessica,Rose,9880,,Guadalupe,WAY,,,Pflugerville,78660,,Y,Y,
1009525776,460,A,20200828,20010801,F,Cooper,Amanda,M,2900,,Maple,LN,STE,309,Austin,78748,,Y,,
1007744052,460,C,20160922,19370906,M,Gray,Joshua,M,4540,E,Magnolia,LN,,,Del Valle,78617,,,,Y
1001635076,460,A,20111128,19870324,M,Rivera,Mark,L,1122,E,Hillside,ST,,,Del Valle,78617,,,Y,Y
